Country Name,Year,CO2 Emissions Per Capita,Annual Temperature Anomaly
Afghanistan,1949,0.0019921463,-2.0204180491666666
Afghanistan,1950,0.010837263,-2.298886415
Afghanistan,1951,0.011625405,-1.2872007766666669
Afghanistan,1952,0.011467579,-1.2370775885
Afghanistan,1953,0.013123442,-1.0848674566666665
Afghanistan,1954,0.012945561,-1.43661704
Afghanistan,1955,0.018480754,-0.60099593
Afghanistan,1956,0.021669537,-0.8181849316666666
Afghanistan,1957,0.03413018,-2.7104228791666665
Afghanistan,1958,0.03780192,-0.4152843633333333
Afghanistan,1959,0.04336016,-0.7853839108333333
Afghanistan,1960,0.045809105,-1.21114948025
Afghanistan,1961,0.05326635,-1.1939245328333332
Afghanistan,1962,0.073220685,-1.3853233975
Afghanistan,1963,0.07358424,-0.1188782169166666
Afghanistan,1964,0.085442044,-2.1011903275
Afghanistan,1965,0.10033108,-1.3172866008333333
Afghanistan,1966,0.10628497,-0.8837069941666668
Afghanistan,1967,0.12201357,-1.4853161315833334
Afghanistan,1968,0.113731004,-1.4714376833333336
Afghanistan,1969,0.08543167,-0.9429866941666668
Afghanistan,1970,0.14795254,-0.06958418
Afghanistan,1971,0.16369417,0.1689325800833333
Afghanistan,1972,0.12910344,-2.3793516791666667
Afghanistan,1973,0.13451722,-0.51016321
Afghanistan,1974,0.15343168,-1.58066208
Afghanistan,1975,0.16607156,-1.4943160125
Afghanistan,1976,0.15167592,-0.8768370299999999
Afghanistan,1977,0.17871422,0.1739721266666666
Afghanistan,1978,0.15819833,-0.3279758304166666
Afghanistan,1979,0.16350539,-0.7128715308333334
Afghanistan,1980,0.1333637,-0.0597164941666666
Afghanistan,1981,0.16573456,-0.3274582139999999
Afghanistan,1982,0.19056666,-1.71808115
Afghanistan,1983,0.23080859,-0.780835835
Afghanistan,1984,0.2521443,-0.8863927343333334
Afghanistan,1985,0.30642176,-0.2986249668333333
Afghanistan,1986,0.27439904,-1.2253583941666666
Afghanistan,1987,0.27343583,0.0993361916666666
Afghanistan,1988,0.24792463,0.3846780508333333
Afghanistan,1989,0.23284891,-1.639677538
Afghanistan,1990,0.16805492,-0.3070901775
Afghanistan,1991,0.15641208,-1.3175773475
Afghanistan,1992,0.111609384,-1.5428458033333332
Afghanistan,1993,0.09950683,-1.019332255833333
Afghanistan,1994,0.08946224,-0.6838941175000001
Afghanistan,1995,0.08305075,-0.8047830225
Afghanistan,1996,0.07713151,-1.037383615
Afghanistan,1997,0.0706779,-0.9220830058333332
Afghanistan,1998,0.06672792,0.1170413208333334
Afghanistan,1999,0.054890107,0.0351140946666667
Afghanistan,2000,0.05201756,0.0561631308333333
Afghanistan,2001,0.052705813,0.8838558633333333
Afghanistan,2002,0.06272756,0.5210713466666667
Afghanistan,2003,0.06860518,-0.04455459
Afghanistan,2004,0.052513395,0.7033484691666666
Afghanistan,2005,0.07742447,-0.5580460705
Afghanistan,2006,0.084932104,0.9025185325
Afghanistan,2007,0.10806375,0.0268469933333333
Afghanistan,2008,0.16065192,0.1795800116666666
Afghanistan,2009,0.23271954,-0.1837119491666667
Afghanistan,2010,0.29574293,0.8858173766666667
Afghanistan,2011,0.40338182,0.4708784424999999
Afghanistan,2012,0.32838082,-0.9013871641666666
Afghanistan,2013,0.2918324,0.312942565
Afghanistan,2014,0.27707693,-0.2341189837499999
Afghanistan,2015,0.2858318,0.44695861775
Afghanistan,2016,0.25666383,1.2430343158333332
Afghanistan,2017,0.27116117,1.0041171541666667
Afghanistan,2018,0.28854162,1.205822095
Afghanistan,2019,0.2859553,0.4256658124999999
Afghanistan,2020,0.29706287,-0.1710643975
Afghanistan,2021,0.25679472,1.4529026858333334
Afghanistan,2022,0.26018026,1.2230750633333332
Afghanistan,2023,0.26583755,1.3063664958333334
Albania,1940,0.62906545,-1.9856518339025
Albania,1941,0.562687,-1.826781593333333
Albania,1942,0.66028625,-1.2583906885
Albania,1943,0.4049297,-0.3215173166666666
Albania,1944,0.13336176,-1.2603940016666666
Albania,1945,0.10353056,-1.246707105
Albania,1946,0.40916798,-0.1926314821666666
Albania,1947,0.774856,-0.0413715816666666
Albania,1948,0.58099794,-1.08743735375
Albania,1949,0.8254675,-0.9798240333333332
Albania,1950,0.23779757,0.4450767841666667
Albania,1951,0.31573913,0.0616817649999999
Albania,1952,0.28561068,0.35527032
Albania,1953,0.30812153,-0.7076543366666667
Albania,1954,0.3634283,-1.105357395666667
Albania,1955,0.46730053,-0.4065509333333333
Albania,1956,0.57578564,-1.21970716
Albania,1957,1.0051485,-0.347262898125
Albania,1958,0.7781882,-0.3001515683333333
Albania,1959,0.9049118,-1.1600098066666666
Albania,1960,1.2260798,-0.0552299124999999
Albania,1961,1.3412982,0.01420998
Albania,1962,1.4117943,-0.3276085441666667
Albania,1963,1.161548,-0.6597032724999999
Albania,1964,1.0941104,-1.0177317025833337
Albania,1965,1.1467059,-1.514660398333333
Albania,1966,1.3074805,-0.6826410616666667
Albania,1967,1.3330975,-0.6606881421666667
Albania,1968,1.4835778,-0.4113254525
Albania,1969,1.5239987,-0.3664632116666667
Albania,1970,1.7144294,-0.4452590230833333
Albania,1971,1.9454738,-0.7296462529166666
Albania,1972,2.4628417,-0.6004731925
Albania,1973,2.2552407,-0.7885922241666666
Albania,1974,1.8094527,-0.6954477945
Albania,1975,1.8702675,-0.7047024425
Albania,1976,1.9705689,-1.2105150273333334
Albania,1977,2.2276359,-0.0657761341666666
Albania,1978,2.4732623,-1.144492515
Albania,1979,2.8284235,-0.5313782775
Albania,1980,1.8903576,-1.1118408395833332
Albania,1981,2.6303344,-0.9057833111666668
Albania,1982,2.5669134,-0.2082905975
Albania,1983,2.6267095,-0.8191672081666667
Albania,1984,2.6395113,-0.5785419908333332
Albania,1985,2.6044364,-0.1712146916666666
Albania,1986,2.6098063,-0.3047076096666666
Albania,1987,2.3650544,-0.3256758550833333
Albania,1988,2.2812014,-0.3570809240833333
Albania,1989,2.756218,-0.6421922258333334
Albania,1990,1.684179,0.0199481966666666
Albania,1991,1.3069752,-1.26542491125
Albania,1992,0.7668397,-0.6397197333333333
Albania,1993,0.7132882,-0.5184404661666666
Albania,1994,0.5884345,0.5647148125
Albania,1995,0.641109,-0.8153963449999999
Albania,1996,0.6216071,-0.7006420875
Albania,1997,0.47776946,-0.5042450345
Albania,1998,0.54662454,-0.1982505716666667
Albania,1999,0.93653786,0.1375052508333333
Albania,2000,0.9554095,-0.05555145
Albania,2001,1.0231152,-0.1082303066666667
Albania,2002,1.1959839,-0.0404835818333333
Albania,2003,1.3801945,0.0615265341666665
Albania,2004,1.3479205,-0.4313667641666667
Albania,2005,1.3853261,-1.0745564741666669
Albania,2006,1.2818848,-0.8188419764999999
Albania,2007,1.3063761,0.2766803541666667
Albania,2008,1.4691683,0.1304137473333333
Albania,2009,1.4879781,0.1955281686666666
Albania,2010,1.6334537,0.1185053358333333
Albania,2011,1.8254421,-0.0221005305833333
Albania,2012,1.6667176,0.4067483166666667
Albania,2013,1.8185531,0.5392048708333333
Albania,2014,2.0662165,0.4972981972499999
Albania,2015,1.6256682,0.5823300383333333
Albania,2016,1.5984385,0.5396487578000001
Albania,2017,1.8263237,0.4781742635833333
Albania,2018,1.6913085,1.0687194241666669
Albania,2019,1.6731355,0.8876431733333333
Albania,2020,1.640428,0.7086082606916667
Albania,2021,1.8017042,0.491690085
Albania,2022,1.8296225,0.8681751233333334
Albania,2023,1.8296527,1.1889987766666668
Algeria,1940,0.030772531,-2.397738233333333
Algeria,1941,0.03960487,-1.7033572250000002
Algeria,1942,0.06239821,-1.8367095733333327
Algeria,1943,0.057818197,-2.6255192
Algeria,1944,0.060518295,-1.833890125833333
Algeria,1945,0.0736583,-1.6996309848333333
Algeria,1946,0.089851215,-1.63568615
Algeria,1947,0.08638843,-1.473574075
Algeria,1948,0.09181947,-1.9890816308333328
Algeria,1949,0.10236545,-1.9476549708333333
Algeria,1950,0.41954413,-1.8896804566666667
Algeria,1951,0.44565904,-1.4850730824999998
Algeria,1952,0.4084804,-1.5159594233333331
Algeria,1953,0.40920573,-2.1153597158333333
Algeria,1954,0.41463554,-2.308721633333333
Algeria,1955,0.44953737,-0.7715574866666667
Algeria,1956,0.47653028,-2.19200518
Algeria,1957,0.516642,-1.976168475
Algeria,1958,0.47601944,-0.9913616113333332
Algeria,1959,0.50556153,-1.3195895416666663
Algeria,1960,0.5384077,-1.0727915091666669
Algeria,1961,0.5207678,-1.33594798525
Algeria,1962,0.47971734,-1.6145807083333334
Algeria,1963,0.45227212,-1.4820665404166666
Algeria,1964,0.46331307,-1.70832292
Algeria,1965,0.5327973,-1.4777673916666665
Algeria,1966,0.6688521,-0.9638179941666666
Algeria,1967,0.6548262,-1.3536185404166667
Algeria,1968,0.68705213,-0.9972897983333332
Algeria,1969,0.8357847,-0.6514086666666666
Algeria,1970,1.092521,-0.7769176925
Algeria,1971,1.3227657,-1.4969450589166666
Algeria,1972,1.9631655,-1.539032700833333
Algeria,1973,2.5913706,-1.3405975516666668
Algeria,1974,2.1063693,-1.9339816516666664
Algeria,1975,2.0410821,-1.666552383333333
Algeria,1976,2.3847141,-2.0742598991666665
Algeria,1977,2.4591596,-0.8156561041666667
Algeria,1978,3.5674593,-1.0993967783333334
Algeria,1979,2.5251727,-1.02080804
Algeria,1980,3.5694108,-1.0126754493
Algeria,1981,2.411051,-0.7423509083333334
Algeria,1982,1.9712373,-1.26860270275
Algeria,1983,2.553931,-0.62175456975
Algeria,1984,3.3352218,-1.3778106975000002
Algeria,1985,3.2991388,-0.7508323983333334
Algeria,1986,3.3448615,-1.0604212375833333
Algeria,1987,3.578101,0.08578769625
Algeria,1988,3.471996,-0.3287661041666667
Algeria,1989,3.223998,-0.429663975
Algeria,1990,3.0240524,-0.2555890841666666
Algeria,1991,3.0324442,-1.28386594
Algeria,1992,2.9999158,-1.5408434008333334
Algeria,1993,3.004142,-0.7260332125
Algeria,1994,3.1773827,-0.5771574061666667
Algeria,1995,3.3992414,-0.4438432108333334
Algeria,1996,3.4457152,-0.44198848
Algeria,1997,2.9875476,-0.3627859808333333
Algeria,1998,3.5448265,-0.2631518774999999
Algeria,1999,3.0008588,0.0589476458333333
Algeria,2000,2.7633646,-0.3802545125
Algeria,2001,2.7716565,0.4292719283333333
Algeria,2002,2.856382,0.1418988693333333
Algeria,2003,2.939499,0.1081395925
Algeria,2004,2.8108854,-0.2314585058333333
Algeria,2005,3.3523152,0.1550000583333333
Algeria,2006,3.149473,0.1049070333333333
Algeria,2007,3.2141402,0.0017439570833333
Algeria,2008,3.1906164,-0.1005843503333333
Algeria,2009,3.3489714,0.0461924819416666
Algeria,2010,3.2704937,1.2437765539
Algeria,2011,3.389791,0.0422959366666666
Algeria,2012,3.603938,-0.0303221619166666
Algeria,2013,3.664963,0.0843389066666666
Algeria,2014,3.8587632,0.5630150675
Algeria,2015,4.000239,0.1840802903333333
Algeria,2016,3.8795354,1.00335042
Algeria,2017,3.9620245,0.4390750008333333
Algeria,2018,4.0631776,0.4579349338333333
Algeria,2019,4.1554136,0.3007884774166666
Algeria,2020,3.8185754,1.0175363241666666
Algeria,2021,4.012335,1.5114556891666666
Algeria,2022,4.058243,0.9685998758333332
Algeria,2023,3.8586802,1.1653057675
Andorra,1990,7.735986,-0.048737535
Andorra,1991,7.179241,-0.9400847725
Andorra,1992,6.7598104,-0.8963734133333333
Andorra,1993,6.48916,-0.8167098280833334
Andorra,1994,6.2970924,0.38444677275
Andorra,1995,6.6530585,-0.2336130066666666
Andorra,1996,7.103662,-0.9245157008333332
Andorra,1997,7.194644,0.5956131649999999
Andorra,1998,7.512792,-0.1942656824999999
Andorra,1999,7.8089185,-0.6473296516666667
Andorra,2000,7.9806256,0.108260148
Andorra,2001,7.959651,-0.3093144116666667
Andorra,2002,7.992899,-0.0734491191666666
Andorra,2003,7.701912,0.2847255225
Andorra,2004,7.5454874,-0.2795953625
Andorra,2005,7.433105,-0.7700840511666667
Andorra,2006,6.862631,0.8814001083333333
Andorra,2007,6.5804276,0.37622485055
Andorra,2008,6.452868,-0.2333485211666666
Andorra,2009,6.1603327,0.3133179368333333
Andorra,2010,6.4034505,-1.0560032533333332
Andorra,2011,6.314885,1.0396057595833332
Andorra,2012,6.344217,0.0656881461666666
Andorra,2013,6.336149,-0.6471948475000001
Andorra,2014,6.264013,0.472042405
Andorra,2015,6.449363,0.8946905016666666
Andorra,2016,6.5007763,0.4972041458333334
Andorra,2017,6.3609385,0.7671626458333333
Andorra,2018,6.6312327,0.3072118916666667
Andorra,2019,6.423361,0.6402145908333333
Andorra,2020,4.926832,0.3940725458333333
Andorra,2021,5.239097,-0.2981907333333333
Andorra,2022,5.2659054,1.7735713358333332
Andorra,2023,5.244343,1.8160085791666667
Angola,1950,0.041052636,-1.2366471241666666
Angola,1951,0.054133892,-0.9755344436666666
Angola,1952,0.06695266,-0.6530833221666666
Angola,1953,0.058364484,-1.0043245908333334
Angola,1954,0.07298692,0.0118503575
Angola,1955,0.08561107,-0.9133397691666666
Angola,1956,0.1022815,-0.9897543583333333
Angola,1957,0.12421802,-0.7897637725000001
Angola,1958,0.11714581,-0.8040730198333333
Angola,1959,0.1202303,-0.7251081408333334
Angola,1960,0.10492957,-1.0026863483333333
Angola,1961,0.085580274,-1.0469842041666666
Angola,1962,0.22022209,-0.9769700391666666
Angola,1963,0.21258563,-1.1824291491666667
Angola,1964,0.22380759,-0.996142072
Angola,1965,0.21480805,-1.022827301666667
Angola,1966,0.27815267,-0.4872093151666667
Angola,1967,0.17579895,-1.1332825025
Angola,1968,0.29276562,-1.0306439466666666
Angola,1969,0.48287046,-0.8288666450000001
Angola,1970,0.61132354,-0.6366990416666667
Angola,1971,0.5684099,-0.9650842275
Angola,1972,0.7289229,-0.9916596308333332
Angola,1973,0.76288235,-0.4464570616666667
Angola,1974,0.7358482,-1.3799013975
Angola,1975,0.6442903,-1.1013922558333331
Angola,1976,0.46363536,-1.4411381250000002
Angola,1977,0.48204607,-0.6407945941666667
Angola,1978,0.712687,-0.8838589954166666
Angola,1979,0.69951326,-0.6592718825
Angola,1980,0.65582365,-0.2683804835833333
Angola,1981,0.62435424,-0.4673571604166667
Angola,1982,0.5296375,-0.6862869316666668
Angola,1983,0.5615513,-0.181570216
Angola,1984,0.5289536,-0.5018111866666667
Angola,1985,0.4781752,-0.6200388207499999
Angola,1986,0.4570126,-0.7187460229166667
Angola,1987,0.5511651,0.03201246
Angola,1988,0.46489167,-0.31601778375
Angola,1989,0.43802524,-0.3972574833333333
Angola,1990,0.43778852,-0.1998793275
Angola,1991,0.42118028,-0.3694806126666667
Angola,1992,0.4156943,-0.4236667958333333
Angola,1993,0.44814467,-0.4175353038333333
Angola,1994,0.85686773,-0.3399631183333333
Angola,1995,0.920941,0.0478429788625
Angola,1996,1.0760739,-0.0575628313333333
Angola,1997,1.0834817,-0.1866931887916666
Angola,1998,1.0893161,0.4075528758333333
Angola,1999,1.1017474,-0.4060379691666667
Angola,2000,0.9876686,-0.3727588655
Angola,2001,0.94992006,-0.3572572083333333
Angola,2002,0.9279965,-0.1635732653333333
Angola,2003,0.97440666,-0.0156172116666666
Angola,2004,0.9148033,-0.3553493811666666
Angola,2005,0.7976115,0.204756264
Angola,2006,0.85658926,-0.5190478955833333
Angola,2007,0.846448,-0.144265331
Angola,2008,0.86892325,-0.2493740695833333
Angola,2009,0.92208767,0.0213306728333333
Angola,2010,0.9866296,0.120033425
Angola,2011,0.9660887,-0.363342128625
Angola,2012,1.0303292,-0.0672014566666666
Angola,2013,0.98257923,0.161140125
Angola,2014,0.96059424,0.18563397625
Angola,2015,0.9768872,0.5869040476666667
Angola,2016,0.8726181,0.6587278013333333
Angola,2017,0.78040284,0.4435904799999999
Angola,2018,0.74464995,0.5332479475
Angola,2019,0.68097985,1.0363283133333334
Angola,2020,0.49424374,0.4016482045833333
Angola,2021,0.55587184,0.3411253325
Angola,2022,0.5682681,0.0724072455
Angola,2023,0.56545913,0.5687213008333333
Anguilla,1990,5.6833315,-0.2598485929166667
Anguilla,1991,5.48503,-0.2861242291666666
Anguilla,1992,5.314292,-0.2306941344999999
Anguilla,1993,5.9616013,-0.1985565818333333
Anguilla,1994,5.819568,-0.3251994466666666
Anguilla,1995,6.051822,0.02679284475
Anguilla,1996,6.2506776,-0.3729314805833333
Anguilla,1997,6.0834064,-0.0175161356666666
Anguilla,1998,6.2697973,0.3698511108333333
Anguilla,1999,6.0970693,-0.1743586836666666
Anguilla,2000,6.9001884,-0.3248561220833333
Anguilla,2001,7.355503,-0.0070791245
Anguilla,2002,7.2156863,0.0225687025
Anguilla,2003,7.4163785,0.1219542804166666
Anguilla,2004,8.516686,-0.098942121
Anguilla,2005,8.977458,0.28296502775
Anguilla,2006,9.712587,0.151246073
Anguilla,2007,9.846349,0.1138442359999999
Anguilla,2008,9.681069,-0.2901627214166666
Anguilla,2009,9.514703,-0.1046616251666666
Anguilla,2010,9.894531,0.4646565070833333
Anguilla,2011,9.193801,-0.0331589360833333
Anguilla,2012,9.05301,0.0575393037499999
Anguilla,2013,8.865633,-0.0624074944416666
Anguilla,2014,8.823761,-0.0730530432499999
Anguilla,2015,9.808524,0.19188022625
Anguilla,2016,9.735823,0.26851495225
Anguilla,2017,8.903083,0.1219695423333333
Anguilla,2018,8.9712305,-0.1190684628333333
Anguilla,2019,9.904041,0.178940772
Anguilla,2020,9.6349535,0.34604740475
Anguilla,2021,9.883525,0.1604572935
Anguilla,2022,9.781347,0.050578753
Anguilla,2023,10.043082,0.5952946273333334
Antigua and Barbuda,1950,0.26888445,-0.8045291950000001
Antigua and Barbuda,1951,0.42106965,-0.33167202975
Antigua and Barbuda,1952,0.3093484,-0.22583198525
Antigua and Barbuda,1953,0.35362852,-0.2094415023333333
Antigua and Barbuda,1954,0.24746718,-0.5846246058333333
Antigua and Barbuda,1955,0.43662363,-0.6529051408333334
Antigua and Barbuda,1956,0.42808738,-0.576189035
Antigua and Barbuda,1957,0.41970217,-0.4504235616666667
Antigua and Barbuda,1958,0.54863644,0.0928808822083333
Antigua and Barbuda,1959,0.53777564,-0.2228539806666666
Antigua and Barbuda,1960,0.6592062,-0.0993722293333333
Antigua and Barbuda,1961,0.84277576,-0.3580290438333333
Antigua and Barbuda,1962,1.7903113,-0.30753517
Antigua and Barbuda,1963,1.4501402,-0.1853631313333333
Antigua and Barbuda,1964,1.5528846,-0.3431797020833333
Antigua and Barbuda,1965,2.5060306,-0.5257282216666667
Antigua and Barbuda,1966,5.71898,-0.2567234021666666
Antigua and Barbuda,1967,9.128879,-0.4236952475
Antigua and Barbuda,1968,15.757382,-0.376512527
Antigua and Barbuda,1969,19.702631,0.1643962871666666
Antigua and Barbuda,1970,7.156694,-0.1325270296666666
Antigua and Barbuda,1971,6.569353,-0.5229765541666667
Antigua and Barbuda,1972,5.786607,-0.4323571533333333
Antigua and Barbuda,1973,5.127025,-0.34132067325
Antigua and Barbuda,1974,6.6950073,-0.8872598041666667
Antigua and Barbuda,1975,11.080935,-0.7423826866666667
Antigua and Barbuda,1976,6.3237834,-0.8271656058333333
Antigua and Barbuda,1977,7.289543,-0.4430764539166666
Antigua and Barbuda,1978,7.670661,-0.3007144963333333
Antigua and Barbuda,1979,6.329334,-0.3288466141666666
Antigua and Barbuda,1980,2.2161977,-0.0251280469083333
Antigua and Barbuda,1981,1.6440916,-0.0391585009999999
Antigua and Barbuda,1982,4.52674,-0.5345706945833334
Antigua and Barbuda,1983,1.29843,-0.1356169380833333
Antigua and Barbuda,1984,2.2599497,-0.677995675
Antigua and Barbuda,1985,3.8592916,-0.7314345008333333
Antigua and Barbuda,1986,3.8780332,-0.5953210158333333
Antigua and Barbuda,1987,4.299191,0.0248190557916666
Antigua and Barbuda,1988,4.494433,-0.2030582416666666
Antigua and Barbuda,1989,4.515595,-0.6249688477500001
Antigua and Barbuda,1990,3.8365276,-0.2648944855833333
Antigua and Barbuda,1991,3.9326336,-0.3753172566666666
Antigua and Barbuda,1992,3.8704426,-0.26471138
Antigua and Barbuda,1993,3.913037,-0.2460829376666666
Antigua and Barbuda,1994,4.0034723,-0.432458875
Antigua and Barbuda,1995,3.9774675,0.0671571094166666
Antigua and Barbuda,1996,4.159568,-0.3148263296666667
Antigua and Barbuda,1997,4.3845644,0.01243146525
Antigua and Barbuda,1998,4.45465,0.3901958475
Antigua and Barbuda,1999,4.6774044,-0.112672807
Antigua and Barbuda,2000,4.746304,-0.3006051385833333
Antigua and Barbuda,2001,4.86715,-0.0458164215833333
Antigua and Barbuda,2002,5.281733,0.0380306240833333
Antigua and Barbuda,2003,5.506943,0.10763104725
Antigua and Barbuda,2004,5.728129,-0.0698083232916666
Antigua and Barbuda,2005,6.031541,0.3972225199999999
Antigua and Barbuda,2006,6.4124317,0.1531988763541666
Antigua and Barbuda,2007,6.5493455,0.14346631125
Antigua and Barbuda,2008,6.4986486,-0.2974872571333333
Antigua and Barbuda,2009,6.6192207,-0.0802478816666666
Antigua and Barbuda,2010,6.4441996,0.5891679104166666
Antigua and Barbuda,2011,6.3263187,0.042849860875
Antigua and Barbuda,2012,6.384739,0.0773957575833333
Antigua and Barbuda,2013,6.327433,-0.0480848944166666
Antigua and Barbuda,2014,6.400541,-0.1028385163333333
Antigua and Barbuda,2015,6.5189166,0.1051286085833333
Antigua and Barbuda,2016,6.6411505,0.2281500525
Antigua and Barbuda,2017,6.6850224,0.108460108625
Antigua and Barbuda,2018,6.7725687,-0.1711521143333333
Antigua and Barbuda,2019,7.020848,0.1234391547333333
Antigua and Barbuda,2020,6.74395,0.2781759895
Antigua and Barbuda,2021,6.9060183,0.0982824956333333
Antigua and Barbuda,2022,6.6604347,-0.0117588043333333
Antigua and Barbuda,2023,6.911837,0.5117982215833333
Argentina,1940,1.11146,-1.4570675008333334
Argentina,1941,0.9720639,-0.8315639961666667
Argentina,1942,0.922407,-1.0407780791666668
Argentina,1943,0.94508845,0.2781336299999999
Argentina,1944,0.91897327,-0.3126686824999999
Argentina,1945,0.88312054,-0.3418539424
Argentina,1946,0.86872613,-0.6123904834166667
Argentina,1947,0.9028329,-0.4538559055
Argentina,1948,1.0613021,-0.6454905933333334
Argentina,1949,0.9200045,-0.8695227658333334
Argentina,1950,1.7582104,-0.4746431905
Argentina,1951,2.014409,-0.2811516916666667
Argentina,1952,2.0394065,-0.3726230066666667
Argentina,1953,1.9474671,-0.1683987366666667
Argentina,1954,1.9993492,-1.0112715570833333
Argentina,1955,2.1136994,-0.8245720519166667
Argentina,1956,2.325297,-0.7399982566666666
Argentina,1957,2.4561625,-0.6647622983333333
Argentina,1958,2.2416584,-0.4366566025
Argentina,1959,2.441391,-0.8215757641666667
Argentina,1960,2.3920577,-0.308310265
Argentina,1961,2.4667633,-0.2239789645
Argentina,1962,2.5455036,-0.4080690445833333
Argentina,1963,2.335611,-0.4660710416666666
Argentina,1964,2.55726,-0.7695740558333334
Argentina,1965,2.6593385,-0.36615462625
Argentina,1966,2.8089912,-0.5811557428333333
Argentina,1967,2.8718777,-0.2773334205
Argentina,1968,2.9808903,-0.0066517233333333
Argentina,1969,3.285973,0.02329881625
Argentina,1970,3.4612207,-0.0892844178333333
Argentina,1971,3.6627166,-0.57071014125
Argentina,1972,3.6546676,-0.4867535486666667
Argentina,1973,3.752139,-0.6510026033333334
Argentina,1974,3.7500193,-0.6713087186666667
Argentina,1975,3.6656587,-0.4699854908166667
Argentina,1976,3.7934048,-1.036591605
Argentina,1977,3.7715065,0.0424026213833333
Argentina,1978,3.7798605,-0.0359134283333333
Argentina,1979,4.01236,-0.2525234266666666
Argentina,1980,3.878976,-0.0408244489999999
Argentina,1981,3.582379,-0.1108877691666666
Argentina,1982,3.5731704,-0.0869445777499999
Argentina,1983,3.5773196,-0.4130569291666666
Argentina,1984,3.5646636,-1.0188441170833331
Argentina,1985,3.3138804,-0.075990398
Argentina,1986,3.3801858,-0.0551826138333333
Argentina,1987,3.671171,-0.2561626394166666
Argentina,1988,3.820104,-0.4431413880833333
Argentina,1989,3.6261888,0.1991928027916666
Argentina,1990,3.4237754,-0.1734970458333333
Argentina,1991,3.5436058,-0.4483021075
Argentina,1992,3.6070678,-0.9168598333333332
Argentina,1993,3.4551055,-0.4390506737333333
Argentina,1994,3.4226422,0.1879070608333333
Argentina,1995,3.5721915,-0.1568462539166666
Argentina,1996,3.6929224,-0.1469475516666666
Argentina,1997,3.798655,0.169505362
Argentina,1998,3.8303359,-0.0740775298333333
Argentina,1999,4.030584,-0.3622937991666666
Argentina,2000,3.8552415,-0.8429310025
Argentina,2001,3.5916998,-0.1406668061666666
Argentina,2002,3.2851255,-0.3420121283333333
Argentina,2003,3.499908,0.1760202641666666
Argentina,2004,4.046011,0.1286770814999999
Argentina,2005,4.1203976,-0.2153329870833333
Argentina,2006,4.39929,0.3569345458333333
Argentina,2007,4.3377132,-0.5987323038333333
Argentina,2008,4.634423,0.30088766375
Argentina,2009,4.361317,0.3929423059499999
Argentina,2010,4.5035615,-0.2035228458333333
Argentina,2011,4.5476246,0.0730799866666666
Argentina,2012,4.53876,0.49670743655
Argentina,2013,4.451081,0.3737329308333333
Argentina,2014,4.3788686,0.2929551586666666
Argentina,2015,4.41024,0.4338919358333333
Argentina,2016,4.32618,-0.0667430663333333
Argentina,2017,4.219999,0.4410050658333333
Argentina,2018,4.0443406,0.25515700125
Argentina,2019,3.969191,0.3122340495
Argentina,2020,3.65377,0.5626785416666668
Argentina,2021,4.217578,0.5455362466666667
Argentina,2022,4.4943905,0.0718699614166666
Argentina,2023,4.2998033,0.9632460241666668
Armenia,1940,0.85441315,-0.9114997308333334
Armenia,1941,0.7437685,-1.09294231725
Armenia,1942,0.4043868,-1.1091935775
Armenia,1943,0.4182036,-1.3212257966666667
Armenia,1944,0.60095894,-1.32503697
Armenia,1945,0.62768173,-2.739330693333333
Armenia,1946,0.6970409,-1.8631602791666664
Armenia,1947,0.8307709,-0.30816539
Armenia,1948,0.87428486,-1.5963962821666666
Armenia,1949,0.9797033,-1.4981628583333333
Armenia,1950,1.0718168,-1.183286765
Armenia,1951,1.1322048,-0.8001106608333334
Armenia,1952,1.1814889,-0.290333175
Armenia,1953,1.2165492,-1.40779680445
Armenia,1954,1.2907816,-0.51880378
Armenia,1955,1.4213424,0.3587475831666666
Armenia,1956,1.5128034,-2.2899641683333334
Armenia,1957,1.6035486,-0.9030568308333334
Armenia,1958,1.6567262,-0.5273429866666667
Armenia,1959,1.6836777,-1.5273200916666667
Armenia,1960,1.694365,-0.1161574299999999
Armenia,1961,1.691472,-0.3761628931666667
Armenia,1962,1.7206779,0.1047530666666666
Armenia,1963,1.7899395,-0.4375088933333333
Armenia,1964,1.848037,-1.69620257
Armenia,1965,1.9042993,-1.2841453925
Armenia,1966,1.9558464,1.0546110241666666
Armenia,1967,1.9930321,-1.6864247091666666
Armenia,1968,1.9995134,-0.5615920175
Armenia,1969,2.0353382,-1.2012534058333333
Armenia,1970,2.0955856,0.1084128416666666
Armenia,1971,2.1840272,-0.6027590008333333
Armenia,1972,2.2544975,-1.80380719
Armenia,1973,2.3049521,-1.5086163133333337
Armenia,1974,2.3466635,-1.4250505408333334
Armenia,1975,2.4179704,-1.0710875608333332
Armenia,1976,2.4453402,-1.294715787
Armenia,1977,2.4473383,-1.0225865566666668
Armenia,1978,2.4490435,-0.8002460583333333
Armenia,1979,2.4165518,0.2275805801666666
Armenia,1980,2.4877806,-0.2904408491666666
Armenia,1981,2.4227757,-0.0884813183333333
Armenia,1982,2.4472027,-1.8609556883333327
Armenia,1983,2.4617317,-1.032720157333333
Armenia,1984,2.4595907,-1.0645476585500002
Armenia,1985,2.6212249,-0.8854073241666667
Armenia,1986,2.4699316,-0.5654095016666667
Armenia,1987,2.4532208,-0.7367194358333333
Armenia,1988,2.7702568,-0.9916722325
Armenia,1989,2.7343078,-0.0478588997499999
Armenia,1990,2.5335152,-0.3494584704166666
Armenia,1991,2.0420465,-0.4054690054166667
Armenia,1992,1.6024567,-2.4164661583333333
Armenia,1993,0.7269142,-1.8755954775
Armenia,1994,0.7979322,-0.7215447266666667
Armenia,1995,1.0166768,-0.3665537441666666
Armenia,1996,0.76259595,-0.0823748745833333
Armenia,1997,1.0020076,-0.7635131533333334
Armenia,1998,1.0656891,0.6151229379166666
Armenia,1999,0.95989335,0.5356607333333333
Armenia,2000,1.1170479,-0.0978664699999999
Armenia,2001,1.1453818,0.625790905
Armenia,2002,1.0069385,-0.2193833008333333
Armenia,2003,1.1370969,-0.6063315420000001
Armenia,2004,1.2212437,-0.3454010757
Armenia,2005,1.4556637,-0.0967241336666666
Armenia,2006,1.4719477,0.2821661668333333
Armenia,2007,1.7144848,-0.4441728438333333
Armenia,2008,1.8834113,0.0321605808333333
Armenia,2009,1.4813764,-0.1794831124999999
Armenia,2010,1.450935,2.02242768
Armenia,2011,1.6997997,-0.7266949533333333
Armenia,2012,1.966913,0.3538117908333333
Armenia,2013,1.8939363,0.0834707399999999
Armenia,2014,1.9176472,0.8133457833333333
Armenia,2015,1.8723351,0.776905975
Armenia,2016,1.7826151,-0.0703435058333333
Armenia,2017,1.9006206,0.1511266345833333
Armenia,2018,2.0008378,1.6952862583333337
Armenia,2019,2.164008,0.8197700758333334
Armenia,2020,2.3506444,0.61087278
Armenia,2021,2.5840976,1.1833400641666667
Armenia,2022,2.4869792,0.9163461333333331
Armenia,2023,2.584923,1.62369951975
Australia,1940,5.0727487,0.385935465
Australia,1941,5.571768,-0.316171574
Australia,1942,5.86701,-0.095685
Australia,1943,5.6591496,-0.6474549773333333
Australia,1944,5.5465484,-0.164112885
Australia,1945,5.209843,-0.3379056441666666
Australia,1946,5.595715,-0.364790999
Australia,1947,5.7690525,-0.2942976159166666
Australia,1948,5.960746,-0.4657227266666666
Australia,1949,5.9889903,-1.085671026083333
Australia,1950,6.8167043,-0.3904635941666667
Australia,1951,7.26036,-0.0435005058333333
Australia,1952,7.2354517,-0.3038589920833333
Australia,1953,7.150139,-0.2983181433333333
Australia,1954,7.5497346,-0.2040578545583333
Australia,1955,7.8182626,-0.4683044783333333
Australia,1956,8.009069,-0.9483930408333332
Australia,1957,7.8308406,0.1044696991666666
Australia,1958,7.9142523,0.3461872704166667
Australia,1959,8.257645,0.2760587474166667
Australia,1960,8.505618,-0.6088562683
Australia,1961,8.286319,0.1565694033333333
Australia,1962,8.490423,-0.1285715875
Australia,1963,8.796288,-0.3807608321666667
Australia,1964,9.304705,-0.34422476725
Australia,1965,10.002696,0.0939244441666666
Australia,1966,9.983764,-0.6100375666666666
Australia,1967,10.35357,-0.4287237275
Australia,1968,10.703948,-0.7852721997500001
Australia,1969,11.115534,-0.2336996449999999
Australia,1970,11.735597,-0.2704486828333333
Australia,1971,11.626182,-0.61160763025
Australia,1972,11.544531,-0.1850234617499999
Australia,1973,12.585867,-0.1297809244166666
Australia,1974,12.112929,-1.5830919025
Australia,1975,12.458777,-0.9384904783333332
Australia,1976,12.088462,-1.2122774108333334
Australia,1977,12.807761,-0.5221570353333334
Australia,1978,13.297896,-0.8228975875
Australia,1979,13.23347,-0.11699454
Australia,1980,13.882625,0.30960241375
Australia,1981,14.302475,-0.1913982984166666
Australia,1982,14.3492985,-0.3512066113333333
Australia,1983,13.470485,-0.0878450005833333
Australia,1984,13.924963,-0.7898809192499999
Australia,1985,14.180364,-0.2122945758333333
Australia,1986,13.941887,-0.1787078326666666
Australia,1987,14.373031,-0.2172328683333333
Australia,1988,14.507429,0.2992197691666666
Australia,1989,15.225086,-0.4738970566666667
Australia,1990,16.241764,0.0740125191666666
Australia,1991,16.10857,0.1624530945
Australia,1992,16.213186,-0.5004754050833333
Australia,1993,16.299492,-0.1912608945833333
Australia,1994,16.410282,-0.1375549654166666
Australia,1995,16.858295,-0.4272207385833333
Australia,1996,17.04104,0.0470480083333333
Australia,1997,17.310747,-0.2390336949999999
Australia,1998,17.86664,0.2833265475
Australia,1999,18.189354,-0.41646797575
Australia,2000,18.293966,-0.8797380120000001
Australia,2001,18.475426,-0.7090957124999999
Australia,2002,18.501194,0.142712435
Australia,2003,18.649893,0.0576144870833333
Australia,2004,19.113388,-0.08924126125
Australia,2005,19.02867,0.5602881075
Australia,2006,19.055374,-0.1218390566666666
Australia,2007,19.063927,0.1047364058333333
Australia,2008,18.943853,-0.1582408737499999
Australia,2009,18.688644,0.3272180541666666
Australia,2010,18.297338,-0.41536864475
Australia,2011,17.965439,-0.8193019258333334
Australia,2012,17.77464,-0.4275902858333333
Australia,2013,17.17437,0.7300676430833333
Australia,2014,16.644192,0.4276057035
Australia,2015,16.76538,0.3391060833333334
Australia,2016,16.867634,0.234388751
Australia,2017,16.732754,0.3076548558416667
Australia,2018,16.544464,0.4358828816666666
Australia,2019,16.315792,0.95890959
Australia,2020,15.506062,0.41342624875
Australia,2021,14.987446,-0.202687659
Australia,2022,14.66979,-0.2931965929166666
Australia,2023,14.478505,0.2595318097499999
Austria,1940,1.0917801,-3.1409872133333336
Austria,1941,1.1829128,-2.6381909583333334
Austria,1942,1.2643101,-2.068531875
Austria,1943,1.4172183,-1.09311739025
Austria,1944,1.3800573,-2.133146940833333
Austria,1945,0.6681169,-1.53490286
Austria,1946,1.8625914,-1.2698519375
Austria,1947,2.5647802,-1.1724127116666667
Austria,1948,3.5503542,-1.3920144333333333
Austria,1949,3.84133,-0.7714159308333333
Austria,1950,3.0122578,-0.6132925
Austria,1951,3.3568003,-0.5567576609166667
Austria,1952,3.1859856,-1.5265688185
Austria,1953,3.1324918,-0.7843471308333334
Austria,1954,3.5311496,-1.9566041254166668
Austria,1955,4.184773,-1.9285869625
Austria,1956,4.056972,-2.610607596666666
Austria,1957,4.188869,-0.9574795391666666
Austria,1958,4.019704,-1.1182290666666663
Austria,1959,3.9790456,-0.8680787266666666
Austria,1960,4.3683105,-1.1374683883333334
Austria,1961,4.4911036,-0.4870528341666666
Austria,1962,4.7499623,-2.247554061666667
Austria,1963,5.1493683,-1.8671177275
Austria,1964,5.384822,-1.3614898783333331
Austria,1965,5.2460365,-2.09057149
Austria,1966,5.355288,-0.7745831666666666
Austria,1967,5.411363,-0.93179986775
Austria,1968,5.704592,-1.3443128493333332
Austria,1969,5.9995794,-1.5446647141666665
Austria,1970,6.7813907,-1.6562914866666665
Austria,1971,6.9429274,-1.11434341
Austria,1972,7.4333296,-1.49121745
Austria,1973,7.9123354,-1.511764589166667
Austria,1974,7.5407724,-0.8718098145000001
Austria,1975,7.1542907,-0.9017669216666668
Austria,1976,7.69443,-1.3406136508333333
Austria,1977,7.3994493,-0.89694959125
Austria,1978,7.5684853,-1.8927229675
Austria,1979,8.123868,-1.5135046708333333
Austria,1980,6.892221,-2.1068868616666667
Austria,1981,7.37799,-1.2295637558333332
Austria,1982,7.0731626,-0.8280044878333332
Austria,1983,6.8334117,-0.5716306006666666
Austria,1984,7.1705365,-1.6825518136666666
Austria,1985,7.187259,-1.8163227008333327
Austria,1986,7.098163,-1.41459579
Austria,1987,7.574843,-1.4980563366666668
Austria,1988,6.9789314,-0.7308399583333335
Austria,1989,7.046423,-0.6106364541666667
Austria,1990,8.097303,-0.6704837620833333
Austria,1991,8.480295,-1.7036031353333332
Austria,1992,7.686531,-0.3265047285833333
Austria,1993,7.6774416,-0.8756623091666667
Austria,1994,7.694959,0.6443556158333333
Austria,1995,8.057677,-0.7017881699999999
Austria,1996,8.467072,-1.73955659625
Austria,1997,8.44466,-0.5565782566666667
Austria,1998,8.3897295,-0.4800493676666666
Austria,1999,8.214791,-0.49985728293425
Austria,2000,8.258849,0.3125465358333333
Austria,2001,8.724688,-0.50530357
Austria,2002,8.905346,0.47199626375
Austria,2003,9.528542,-0.0126340181666666
Austria,2004,9.505598,-0.5139992056666667
Austria,2005,9.611182,-0.8280029500000001
Austria,2006,9.288154,-0.1569902891666667
Austria,2007,8.932517,0.5736903241666668
Austria,2008,8.829531,0.4152147399999999
Austria,2009,8.065482,0.083855902
Austria,2010,8.608234,-0.8074345354666667
Austria,2011,8.328318,0.4433451831083333
Austria,2012,7.9788947,0.2243364345833333
Austria,2013,7.990079,0.0301545968333333
Austria,2014,7.5067415,1.1758113521666669
Austria,2015,7.6767244,1.0680054366666667
Austria,2016,7.6926365,0.5784929891666667
Austria,2017,7.910056,0.3917914116666666
Austria,2018,7.528234,1.26865441
Austria,2019,7.650861,1.1720459216666663
Austria,2020,6.9693084,0.8536712055
Austria,2021,7.333269,0.0100014391666666
Austria,2022,6.783409,1.2346245930833333
Austria,2023,6.415725,1.4169739124999998
Azerbaijan,1940,2.2581348,-0.4182670570833333
Azerbaijan,1941,1.9659288,-0.3464678403333333
Azerbaijan,1942,1.0663173,-0.5585914160833333
Azerbaijan,1943,1.1027505,-1.08053845375
Azerbaijan,1944,1.5846521,-0.8433916291666667
Azerbaijan,1945,1.6566095,-2.11425853
Azerbaijan,1946,1.8407593,-1.168124559166667
Azerbaijan,1947,2.1944597,-0.0322963741666666
Azerbaijan,1948,2.3106158,-0.92434770875
Azerbaijan,1949,2.5908508,-1.4571206208333332
Azerbaijan,1950,2.8585732,-1.3102392491666668
Azerbaijan,1951,3.0417361,-0.6726844441666667
Azerbaijan,1952,3.197183,-0.4765441366666667
Azerbaijan,1953,3.3151333,-1.2041157116666668
Azerbaijan,1954,3.5411127,-0.7980754725
Azerbaijan,1955,3.9234354,0.0389357391666666
Azerbaijan,1956,4.2005296,-2.05122915
Azerbaijan,1957,4.4789386,-0.8931445225
Azerbaijan,1958,4.6520405,-0.7814980083333333
Azerbaijan,1959,4.7501345,-1.8288015416666668
Azerbaijan,1960,4.798586,-0.5727219325
Azerbaijan,1961,4.801382,-0.1849662008333333
Azerbaijan,1962,4.889601,-0.0416751774999999
Azerbaijan,1963,5.089482,-0.8732665883333334
Azerbaijan,1964,5.258558,-1.9751563050000005
Azerbaijan,1965,5.4275317,-1.3405534908333332
Azerbaijan,1966,5.5864453,0.6195335108333334
Azerbaijan,1967,5.7065334,-1.2972635891666666
Azerbaijan,1968,5.741753,-0.6328604208333333
Azerbaijan,1969,5.858363,-2.140459416666667
Azerbaijan,1970,6.0386353,-0.2588073575
Azerbaijan,1971,6.2911305,-0.3881393383333333
Azerbaijan,1972,6.502268,-1.7853724274999998
Azerbaijan,1973,6.6618233,-1.3971434455
Azerbaijan,1974,6.8004475,-1.2002559675
Azerbaijan,1975,7.028615,-0.5264436558333333
Azerbaijan,1976,7.146345,-1.2982417283333334
Azerbaijan,1977,7.2077856,-0.9752287261666668
Azerbaijan,1978,7.2885375,-0.7869736854166667
Azerbaijan,1979,7.2164097,0.1864765241666666
Azerbaijan,1980,7.3828783,-0.5147898966666667
Azerbaijan,1981,7.132447,-0.157072916
Azerbaijan,1982,7.149015,-1.7664232591666666
Azerbaijan,1983,7.1303787,-0.8415335224999999
Azerbaijan,1984,7.083577,-1.2690403241666666
Azerbaijan,1985,7.5320907,-0.91993335275
Azerbaijan,1986,7.7400107,-0.6637034804166666
Azerbaijan,1987,7.245911,-0.8789714516666667
Azerbaijan,1988,7.282229,-0.7717356875
Azerbaijan,1989,7.193513,0.1887554525
Azerbaijan,1990,7.0969553,-0.2230872674999999
Azerbaijan,1991,6.8423724,-0.38461774
Azerbaijan,1992,7.5852575,-1.8390870666666668
Azerbaijan,1993,6.4506516,-2.0160966808333334
Azerbaijan,1994,5.5126452,-1.1713109633333334
Azerbaijan,1995,4.3151097,0.0818675815
Azerbaijan,1996,3.989601,-0.2386841641666666
Azerbaijan,1997,3.760362,-0.5433579675
Azerbaijan,1998,3.9603546,0.4246939641666667
Azerbaijan,1999,3.5580401,0.2964085646666667
Azerbaijan,2000,3.641134,-0.0175325525
Azerbaijan,2001,3.4435794,0.3720091324999999
Azerbaijan,2002,3.4314227,-0.2293934558333333
Azerbaijan,2003,3.6292644,-0.7802990954166668
Azerbaijan,2004,3.7990203,-0.0193229555
Azerbaijan,2005,3.977288,0.2713069674583333
Azerbaijan,2006,3.9628658,0.2129242782083333
Azerbaijan,2007,3.4023411,-0.047985151
Azerbaijan,2008,3.6942854,-0.0931923466666666
Azerbaijan,2009,3.2170706,0.1225525941666666
Azerbaijan,2010,3.0118763,1.5510573358333335
Azerbaijan,2011,3.263773,-0.7232106460833334
Azerbaijan,2012,3.4954014,0.5916663683333333
Azerbaijan,2013,3.5305033,0.27220274
Azerbaijan,2014,3.566412,0.7219126791666667
Azerbaijan,2015,3.5561998,0.5785392716666667
Azerbaijan,2016,3.519045,-0.03918370075
Azerbaijan,2017,3.4808419,0.2687329858333333
Azerbaijan,2018,3.4431703,1.127368385
Azerbaijan,2019,3.7333274,0.7652348050000001
Azerbaijan,2020,3.5586586,0.48481079
Azerbaijan,2021,3.7416196,0.9894235191666666
Azerbaijan,2022,3.9233098,0.8750920725000001
Azerbaijan,2023,4.2582173,1.5037956396666667
Bahamas,1950,0.6584559,-0.7083365105
Bahamas,1951,0.7798971,-0.3948717083333333
Bahamas,1952,0.8933058,-0.3176887846666666
Bahamas,1953,0.9137882,-0.2429498044166666
Bahamas,1954,0.9281364,-0.4400478966666667
Bahamas,1955,1.3659556,-0.5929206158333333
Bahamas,1956,1.4284747,-0.6041309035833333
Bahamas,1957,1.7327461,-0.0802388185833333
Bahamas,1958,1.6943593,-0.4373725308333333
Bahamas,1959,2.346155,0.0700543746666666
Bahamas,1960,3.529015,-0.3684886314583333
Bahamas,1961,4.468768,-0.2696673043333333
Bahamas,1962,5.647674,-0.4563999175
Bahamas,1963,5.2359524,-0.4547850271666667
Bahamas,1964,7.6653805,-0.1688710849166666
Bahamas,1965,8.8923025,-0.4959084181666666
Bahamas,1966,7.0516148,-0.7104481011666667
Bahamas,1967,10.484508,-0.5972256641666667
Bahamas,1968,9.571084,-0.8821989791666667
Bahamas,1969,9.782552,-0.6450850186666667
Bahamas,1970,13.889072,-0.6980770358333334
Bahamas,1971,35.236435,-0.5035503725
Bahamas,1972,33.06599,-0.1503750470833333
Bahamas,1973,39.168217,-0.4328448021666666
Bahamas,1974,35.943554,-0.5223814691666667
Bahamas,1975,39.295486,-0.1431544675
Bahamas,1976,30.109463,-0.65611409925
Bahamas,1977,44.306828,-0.4723429708333333
Bahamas,1978,29.486237,-0.3572209683333333
Bahamas,1979,30.306557,-0.3815321941666666
Bahamas,1980,34.289005,-0.3328680983833333
Bahamas,1981,11.829276,-0.6918954899416666
Bahamas,1982,9.387629,-0.0936554319166666
Bahamas,1983,8.233024,-0.3192025823333333
Bahamas,1984,7.4510155,-0.6319732676666666
Bahamas,1985,5.9639373,-0.5384290996666666
Bahamas,1986,5.478405,-0.2857248
Bahamas,1987,5.4281273,-0.3454081198333333
Bahamas,1988,5.7764897,-0.3984198533333333
Bahamas,1989,7.17557,-0.197357335
Bahamas,1990,7.33039,0.08145284425
Bahamas,1991,7.113904,0.0136386553333333
Bahamas,1992,6.5365176,-0.3905348695833333
Bahamas,1993,5.9870515,-0.1649333633333333
Bahamas,1994,5.969339,0.1523350075
Bahamas,1995,6.1021285,-0.1181631101666666
Bahamas,1996,5.922472,-0.6175036458333333
Bahamas,1997,5.174309,0.0923027986666666
Bahamas,1998,6.3094683,0.243916035
Bahamas,1999,6.363221,-0.2983557384999999
Bahamas,2000,6.2574644,-0.434702235
Bahamas,2001,5.9353137,-0.2186414376666666
Bahamas,2002,6.1439614,0.14975420625
Bahamas,2003,6.1690297,0.1611773146666666
Bahamas,2004,6.028604,-0.3226933461666667
Bahamas,2005,5.540908,-0.2123212761666666
Bahamas,2006,5.3224473,-0.2044140522
Bahamas,2007,5.2996387,0.0744245841666666
Bahamas,2008,5.3514743,-0.0283261910833333
Bahamas,2009,5.9392304,-0.1813956833333333
Bahamas,2010,6.0629234,-0.51160193
Bahamas,2011,5.687987,-0.0036792747499999
Bahamas,2012,5.465409,-0.2058070471666666
Bahamas,2013,5.250794,0.0586121925833333
Bahamas,2014,5.405967,0.2944493273333333
Bahamas,2015,5.7817297,0.569978875
Bahamas,2016,5.7603827,0.3673957224999999
Bahamas,2017,6.343549,0.25642570025
Bahamas,2018,6.20514,0.2150195364083333
Bahamas,2019,6.3506823,0.64609146
Bahamas,2020,5.137396,0.6175511708333333
Bahamas,2021,6.2495623,0.41030295625
Bahamas,2022,6.0420437,0.5198233870833333
Bahamas,2023,6.272632,0.8748412108333333
Bahrain,1940,24.837559,0.14831702
Bahrain,1941,23.919178,0.22128709
Bahrain,1942,22.028612,-0.4349527383333333
Bahrain,1943,23.334225,-1.336678504166667
Bahrain,1944,23.934896,-0.1534789499999999
Bahrain,1945,26.13503,-0.90897465
Bahrain,1946,28.793528,-0.5079889233333333
Bahrain,1947,33.99776,-0.0969730999999999
Bahrain,1948,39.564407,-0.4169397344166667
Bahrain,1949,39.74093,-0.80689081
Bahrain,1950,11.783461,-0.6068404519166667
Bahrain,1951,9.742905,-0.4791981354999999
Bahrain,1952,10.336473,-0.1113138228833333
Bahrain,1953,7.764587,-0.1920913056666666
Bahrain,1954,7.8791537,-0.1195205055
Bahrain,1955,10.240537,-0.1427164109166666
Bahrain,1956,7.437287,-0.4208180096666666
Bahrain,1957,5.1302576,-0.6956059166666667
Bahrain,1958,8.441733,-0.2657454783333333
Bahrain,1959,8.255421,-1.0733423208333333
Bahrain,1960,3.4768271,-0.5239165616666667
Bahrain,1961,10.2704525,-0.4258025445
Bahrain,1962,8.868257,0.5276861178166666
Bahrain,1963,6.406007,0.080847745
Bahrain,1964,8.243948,-0.8486159710000001
Bahrain,1965,6.111623,-0.1413532950416667
Bahrain,1966,3.125391,0.41508642825
Bahrain,1967,4.688201,-0.670830725
Bahrain,1968,5.0290427,-0.5165516641666666
Bahrain,1969,5.7159915,-0.373592055
Bahrain,1970,11.525242,-0.0040114653333333
Bahrain,1971,13.165916,-0.42294406625
Bahrain,1972,15.196348,-1.1394535658333331
Bahrain,1973,21.61474,-0.4855915689524999
Bahrain,1974,20.07634,-0.78511143
Bahrain,1975,20.299562,-0.6340494129166666
Bahrain,1976,22.05806,-0.9825041933333334
Bahrain,1977,23.862495,-0.7693134954166667
Bahrain,1978,23.659681,-0.3997379941666666
Bahrain,1979,23.664867,-0.0466852175
Bahrain,1980,21.956867,-0.0886697780833333
Bahrain,1981,22.808338,-0.1813135103333333
Bahrain,1982,25.406107,-1.3707361366666666
Bahrain,1983,20.520208,-1.6519581424999998
Bahrain,1984,22.163052,-0.8943694418916667
Bahrain,1985,23.670845,-0.4624567030833333
Bahrain,1986,24.656897,-0.4049564916666666
Bahrain,1987,24.676573,-0.2271992411666666
Bahrain,1988,25.1655,0.01985835775
Bahrain,1989,23.430313,-0.63789208
Bahrain,1990,22.329006,-0.0523945483333333
Bahrain,1991,21.301645,-1.2171792883333332
Bahrain,1992,18.992125,-1.5627908675000002
Bahrain,1993,29.760405,-0.6289606008333334
Bahrain,1994,24.83421,-0.3583052930833333
Bahrain,1995,24.855879,-0.6513325451666666
Bahrain,1996,26.197018,0.0920095468
Bahrain,1997,27.598692,-0.5506219841666667
Bahrain,1998,28.585556,0.6534770405
Bahrain,1999,27.886997,0.8693583766666667
Bahrain,2000,28.67532,-0.0801299454166666
Bahrain,2001,28.116322,0.3719244033333333
Bahrain,2002,26.739264,0.40596675805
Bahrain,2003,25.857557,-0.0276880295
Bahrain,2004,24.33265,0.19314734025
Bahrain,2005,26.256994,-0.3238712962916666
Bahrain,2006,24.166994,0.14987850125
Bahrain,2007,25.181618,0.1689545385583333
Bahrain,2008,26.345459,-0.3351500816666666
Bahrain,2009,23.73996,-0.0768950760833333
Bahrain,2010,23.965885,0.79955197
Bahrain,2011,23.591457,-0.3689991614999999
Bahrain,2012,22.29712,-0.2187306086666667
Bahrain,2013,24.7843,-0.2358128205833333
Bahrain,2014,23.537216,0.2258723594999999
Bahrain,2015,23.699976,0.3513199421666666
Bahrain,2016,22.076391,0.2759364475
Bahrain,2017,22.156622,0.3032191577499999
Bahrain,2018,21.790699,0.6971095381666667
Bahrain,2019,25.295322,0.5338557583333333
Bahrain,2020,25.215979,0.54487515
Bahrain,2021,24.10311,0.9787511883333332
Bahrain,2022,23.25017,0.472388265
Bahrain,2023,23.271013,0.8383932166666667
Bangladesh,1946,0.0030758297,-0.3253021258333333
Bangladesh,1947,0.0031542254,0.08593432
Bangladesh,1948,0.0034520244,-0.4753260625
Bangladesh,1949,0.0048474493,-1.2776112583333334
Bangladesh,1950,0.024099613,-0.8422088666666667
Bangladesh,1951,0.029181985,-0.8591771033333333
Bangladesh,1952,0.030192757,-0.9820965
Bangladesh,1953,0.030096753,-1.2623620041666668
Bangladesh,1954,0.02991879,-0.2735036233333333
Bangladesh,1955,0.03013682,-0.1664997808333333
Bangladesh,1956,0.03488023,-0.3000106783333333
Bangladesh,1957,0.035178263,0.22158861975
Bangladesh,1958,0.038552385,0.2365738583333333
Bangladesh,1959,0.03647788,-0.6079390941666667
Bangladesh,1960,0.04267729,0.0232981042499999
Bangladesh,1961,0.042963743,-0.464864725
Bangladesh,1962,0.045858335,-0.4528759321666666
Bangladesh,1963,0.051203866,-0.3316365901666666
Bangladesh,1964,0.05112922,-0.1048658716666666
Bangladesh,1965,0.05210646,-0.6008445329166666
Bangladesh,1966,0.05150521,-0.3743007875
Bangladesh,1967,0.053079758,-0.6642224025
Bangladesh,1968,0.059100606,-0.6216891591666667
Bangladesh,1969,0.055715557,-0.3255389541666666
Bangladesh,1970,0.055071797,-0.3681675559166666
Bangladesh,1971,0.051309057,-0.9843255684166666
Bangladesh,1972,0.048937026,-0.1069374054166666
Bangladesh,1973,0.061713982,-0.2553811075
Bangladesh,1974,0.06135452,-0.7197667691666667
Bangladesh,1975,0.062382203,-0.5035738868333334
Bangladesh,1976,0.06957334,-0.2819840116666667
Bangladesh,1977,0.070660196,-0.5766922633333333
Bangladesh,1978,0.07133687,-0.6129004158333333
Bangladesh,1979,0.076949395,0.3123555233333333
Bangladesh,1980,0.08631596,-0.2443070425
Bangladesh,1981,0.08732966,-0.632239655
Bangladesh,1982,0.09214392,-0.3640987041666667
Bangladesh,1983,0.085889466,-0.5423262858333333
Bangladesh,1984,0.092799336,-0.5414261825000001
Bangladesh,1985,0.10163369,-0.1969757066666666
Bangladesh,1986,0.11112923,-0.2615796749999999
Bangladesh,1987,0.11242199,0.0543643678333333
Bangladesh,1988,0.125713,-0.0188423733333333
Bangladesh,1989,0.12228734,-0.3984486283333333
Bangladesh,1990,0.12614112,-0.4232786466666667
Bangladesh,1991,0.12965424,-0.3706285119999999
Bangladesh,1992,0.1327349,-0.3277831038333333
Bangladesh,1993,0.13606708,-0.5357654900000001
Bangladesh,1994,0.14585541,-0.1729429533333333
Bangladesh,1995,0.17174809,-0.0126285621666666
Bangladesh,1996,0.17224976,-0.0591618216666666
Bangladesh,1997,0.1819534,-0.619321515
Bangladesh,1998,0.17910594,-0.0456431682166666
Bangladesh,1999,0.18994538,0.15695143
Bangladesh,2000,0.19725306,-0.3854374844166666
Bangladesh,2001,0.22706808,-0.17403586575
Bangladesh,2002,0.23037542,-0.1694858825833333
Bangladesh,2003,0.2376082,-0.1845108694999999
Bangladesh,2004,0.25179237,-0.0723721123916666
Bangladesh,2005,0.26062736,0.25622192875
Bangladesh,2006,0.2850008,0.4280816674999999
Bangladesh,2007,0.28836748,-0.1002896616666666
Bangladesh,2008,0.3033399,0.0592613174166666
Bangladesh,2009,0.3260236,0.5880730964166666
Bangladesh,2010,0.35502523,0.6358480491666667
Bangladesh,2011,0.36195287,-0.1216527605
Bangladesh,2012,0.38501218,-0.0391154276666666
Bangladesh,2013,0.41373494,-0.0652454741666666
Bangladesh,2014,0.42763647,0.0863162719166666
Bangladesh,2015,0.482795,0.08865976225
Bangladesh,2016,0.5084299,0.5481891586666666
Bangladesh,2017,0.53352576,0.2052513799999999
Bangladesh,2018,0.52965784,-0.0255764333333333
Bangladesh,2019,0.5748978,0.39981651955
Bangladesh,2020,0.57399553,0.0289292274999999
Bangladesh,2021,0.64190555,0.4771270668333334
Bangladesh,2022,0.67221427,0.4329114054166667
Bangladesh,2023,0.6615086,0.7418832808333334
Belarus,1940,1.8690003,-3.518886173833333
Belarus,1941,1.6277717,-3.720163145
Belarus,1942,0.8785736,-3.3967046999999995
Belarus,1943,0.90859276,-1.1698945824166669
Belarus,1944,1.3056469,-0.8467462608333333
Belarus,1945,1.3679235,-1.8242255421666669
Belarus,1946,1.522088,-1.2827270045833332
Belarus,1947,1.8155826,-1.9435925266666665
Belarus,1948,1.9134569,-0.679439647
Belarus,1949,2.1567595,-0.5916669833333333
Belarus,1950,2.6451006,-1.10561631475
Belarus,1951,2.8411386,-1.0792249251666666
Belarus,1952,3.0113132,-1.9437486975
Belarus,1953,3.1487126,-1.585388692916667
Belarus,1954,3.3929255,-1.9156114941666669
Belarus,1955,3.7906775,-1.6368115433333337
Belarus,1956,4.0918903,-3.144017266666667
Belarus,1957,4.404769,-0.6950523063333334
Belarus,1958,4.624184,-1.5002950146916667
Belarus,1959,4.7798176,-0.7426303733333333
Belarus,1960,4.9009633,-0.91795972
Belarus,1961,4.988256,-0.4680222741666666
Belarus,1962,5.1743455,-1.5807507450000002
Belarus,1963,5.490348,-2.087045875333333
Belarus,1964,5.782438,-1.5462860091666666
Belarus,1965,6.080352,-2.432533853333333
Belarus,1966,6.368804,-0.674377045
Belarus,1967,6.610044,-0.6632243416666667
Belarus,1968,6.746987,-1.758384705
Belarus,1969,6.979321,-2.873259276666667
Belarus,1970,7.2940207,-1.6888028683333334
Belarus,1971,7.6859503,-0.9748931143333333
Belarus,1972,8.031409,-0.7360736874999999
Belarus,1973,8.317622,-1.2639193141666667
Belarus,1974,8.581263,-0.6105568549999999
Belarus,1975,8.963943,0.5439202258333333
Belarus,1976,9.249468,-2.55277612375
Belarus,1977,9.505722,-1.3999526385833334
Belarus,1978,9.779517,-2.2058249575
Belarus,1979,9.803265,-1.5358410225
Belarus,1980,10.115259,-2.4206406829166665
Belarus,1981,9.848039,-0.7585542675
Belarus,1982,9.958658,-0.7505609200833333
Belarus,1983,10.028629,0.1374427448333333
Belarus,1984,10.046323,-1.0810969516666666
Belarus,1985,10.759363,-2.698446720833333
Belarus,1986,12.136771,-1.4179683026666667
Belarus,1987,11.112336,-3.057641770833333
Belarus,1988,11.357396,-0.9320710954166668
Belarus,1989,10.740536,0.8123861408333334
Belarus,1990,10.636445,0.3988961666666666
Belarus,1991,10.209272,-0.5413903608333334
Belarus,1992,9.149283,-0.2864523508333332
Belarus,1993,7.86639,-1.3419593916666666
Belarus,1994,6.635238,-0.5959913808333334
Belarus,1995,5.9726515,-0.2841686233333333
Belarus,1996,6.0738835,-1.6820684979166665
Belarus,1997,6.0844197,-0.9758302398333332
Belarus,1998,5.959356,-0.81770411625
Belarus,1999,5.77393,0.4448264441666666
Belarus,2000,5.4954047,0.5929778175
Belarus,2001,5.433976,-0.1997772433333333
Belarus,2002,5.4534535,0.3962459248666666
Belarus,2003,5.619438,-0.6763171666666666
Belarus,2004,5.9839034,-0.542480525
Belarus,2005,6.134842,-0.49348566
Belarus,2006,6.426269,-0.4416900808333332
Belarus,2007,6.2969413,0.5337643158333333
Belarus,2008,6.5940113,0.7536638725000001
Belarus,2009,6.371716,-0.1647489883333333
Belarus,2010,6.579608,-0.2939362025
Belarus,2011,6.472042,0.231573525
Belarus,2012,6.6094365,-0.4629497683333333
Belarus,2013,6.775445,0.2712979483749999
Belarus,2014,6.7192183,0.4905303468333333
Belarus,2015,6.1976867,1.3248513875
Belarus,2016,6.120052,0.4513430825
Belarus,2017,6.2535276,0.3519354964999999
Belarus,2018,6.5566535,0.6124362491666666
Belarus,2019,6.5812345,1.5548511975
Belarus,2020,6.315496,1.7906616533333333
Belarus,2021,6.586977,-0.0082530758333333
Belarus,2022,6.4736867,0.5241309791666666
Belarus,2023,6.197136,1.47244011
Belgium,1940,7.468211,-1.7871557491666668
Belgium,1941,7.812043,-1.4995749187499998
Belgium,1942,7.294848,-1.6410440701666669
Belgium,1943,6.8859353,-0.3788609616666666
Belgium,1944,3.930711,-1.2354218875
Belgium,1945,4.581085,-0.6868238225
Belgium,1946,6.645066,-1.1795500425
Belgium,1947,9.629662,-0.13677254475
Belgium,1948,9.950596,-0.4694749008333334
Belgium,1949,9.413,-0.391284668
Belgium,1950,8.842637,-0.9865575275
Belgium,1951,10.334192,-0.9183825051666666
Belgium,1952,9.597317,-1.3411467058333333
Belgium,1953,9.422947,-0.7796860608333334
Belgium,1954,9.755489,-1.5292374666666666
Belgium,1955,10.414535,-1.715318554166667
Belgium,1956,10.896107,-2.278725008333333
Belgium,1957,10.8026285,-0.5568903449999999
Belgium,1958,9.757887,-0.9508236133333332
Belgium,1959,9.76267,-0.0886912133333333
Belgium,1960,9.987577,-0.6265148519166667
Belgium,1961,10.121942,-0.0361474483333333
Belgium,1962,10.633798,-2.0016463525
Belgium,1963,11.393498,-2.1461728325
Belgium,1964,11.089969,-0.8653445666666667
Belgium,1965,11.205647,-1.4276754433333334
Belgium,1966,11.115531,-0.56138577
Belgium,1967,11.294173,-0.6775259066666667
Belgium,1968,12.402302,-1.3318267066666667
Belgium,1969,12.87828,-1.1218594216666666
Belgium,1970,13.030567,-1.1414418391666663
Belgium,1971,12.555811,-0.956342645
Belgium,1972,13.475021,-1.4752059108333333
Belgium,1973,14.26625,-1.0527285355
Belgium,1974,13.861267,-0.6935046058333333
Belgium,1975,12.49669,-0.7380976266666667
Belgium,1976,13.288203,-0.4433800599999999
Belgium,1977,12.911779,-0.8190114825000001
Belgium,1978,13.8330765,-1.5407249919166668
Belgium,1979,14.247485,-1.7918123474999998
Belgium,1980,13.71252,-1.513287275
Belgium,1981,12.544748,-1.1544154675
Belgium,1982,11.873715,-0.5203673416666666
Belgium,1983,10.254429,-0.531602165
Belgium,1984,10.630007,-1.1705181325
Belgium,1985,10.526467,-2.0341512833333333
Belgium,1986,10.35375,-1.5912870026666666
Belgium,1987,10.363438,-1.6848003262500002
Belgium,1988,10.05826,-0.3229487853333333
Belgium,1989,10.747425,0.1933141275
Belgium,1990,12.076926,0.1053908691666666
Belgium,1991,12.338012,-1.0957074991666669
Belgium,1992,12.193221,-0.3176757258333333
Belgium,1993,12.040531,-0.7597094812499999
Belgium,1994,12.336953,0.3329396441666666
Belgium,1995,12.423456,0.0783130558333333
Belgium,1996,12.748075,-1.760512575
Belgium,1997,12.178345,-0.1726892785
Belgium,1998,12.763272,-0.3338298799999999
Belgium,1999,12.1919775,0.2140713345833333
Belgium,2000,12.361207,0.3132636574999999
Belgium,2001,12.255029,-0.1241648874999999
Belgium,2002,12.277599,0.4032353166666667
Belgium,2003,12.359873,0.2120848125
Belgium,2004,12.357613,-0.2680186633333333
Belgium,2005,11.989851,0.0562363190833333
Belgium,2006,11.744368,0.39641235
Belgium,2007,11.338945,0.4795195358333333
Belgium,2008,11.221604,-0.17181435
Belgium,2009,9.967752,-0.0746840408333333
Belgium,2010,10.468512,-1.325146235
Belgium,2011,9.520968,0.6066317956666666
Belgium,2012,9.222125,-0.31652027625
Belgium,2013,9.207837,-0.82620525975
Belgium,2014,8.6559305,0.9427508491666666
Belgium,2015,8.982039,0.3164452875
Belgium,2016,8.801254,0.0438575359999999
Belgium,2017,8.718997,0.4120758208333333
Belgium,2018,8.763881,0.8808928358333333
Belgium,2019,8.675304,0.6163031916666667
Belgium,2020,7.9053583,1.2416438275
Belgium,2021,8.200483,-0.2183875949999999
Belgium,2022,7.6450696,1.2067415483333332
Belgium,2023,7.1177025,1.1760377339166668
Belize,1950,0.2653342,-1.8369288416666667
Belize,1951,0.36078212,-0.9774009508333332
Belize,1952,0.3497995,-1.0572875433333333
Belize,1953,0.3883104,-0.6929216383333333
Belize,1954,0.3775179,-1.5593214066666663
Belize,1955,0.36719865,-1.4074301699999998
Belize,1956,0.35724995,-1.9107658
Belize,1957,0.3476817,-1.2325582575
Belize,1958,0.4652591,-0.84691127
Belize,1959,0.45301682,-1.381635663333333
Belize,1960,0.48161942,-1.26699305
Belize,1961,0.391453,-1.1804162741666666
Belize,1962,0.7250307,-1.2035652841666666
Belize,1963,0.6312632,-0.840984665
Belize,1964,0.82963663,-0.4508083611666666
Belize,1965,0.80525166,-0.9786759891666666
Belize,1966,0.74723524,-1.2381278708333332
Belize,1967,1.0869081,-0.8591082965
Belize,1968,0.89457023,-1.2586833725
Belize,1969,1.1487451,-0.7138674975
Belize,1970,1.0017481,-1.054858683333333
Belize,1971,1.16398,-0.8152977675
Belize,1972,1.2640463,-0.6725864416666667
Belize,1973,1.1593378,-0.715936175
Belize,1974,1.200824,-1.143958254666667
Belize,1975,1.3490945,-0.8287736683333332
Belize,1976,1.3216503,-1.4334271833333334
Belize,1977,1.4562584,-1.0073420133333333
Belize,1978,1.5588791,-0.8675794539166667
Belize,1979,1.4744467,-0.7568647066666667
Belize,1980,1.3137234,-0.7348901369166666
Belize,1981,1.2315718,-0.944646835
Belize,1982,1.1291661,-0.617758755
Belize,1983,1.1020324,-0.3663506533333333
Belize,1984,1.076226,-0.95985937
Belize,1985,1.1634659,-0.7382526466666667
Belize,1986,1.224789,-0.9750010141666666
Belize,1987,1.3260639,-0.5669673273333333
Belize,1988,1.4225308,-0.5035015753333333
Belize,1989,1.677815,-0.6074508013333334
Belize,1990,1.7014023,-0.522892315
Belize,1991,2.1748064,-0.2805919658333333
Belize,1992,1.8612427,-0.5566418966666667
Belize,1993,1.9366943,-0.4693609858333333
Belize,1994,1.8775773,-0.2232883758333333
Belize,1995,1.848828,0.0093185105833333
Belize,1996,1.4637041,-0.6451737107500001
Belize,1997,1.7863553,0.0275063535833333
Belize,1998,1.6436769,0.2239093766666666
Belize,1999,1.4937581,-0.7226689566666668
Belize,2000,1.6435338,-0.8421951896666666
Belize,2001,1.7999984,-0.5206151053333333
Belize,2002,1.6890597,-0.1172615686316666
Belize,2003,1.6392928,0.0319692266666666
Belize,2004,1.4432312,-0.01870171275
Belize,2005,1.506482,0.3399327606666666
Belize,2006,1.5402392,-0.1732954995
Belize,2007,1.6088141,-0.0032723767083333
Belize,2008,1.4327503,-0.2674082091666667
Belize,2009,1.6528264,0.3057258940833333
Belize,2010,1.6820829,0.0884148333333333
Belize,2011,1.6906308,0.2203051257499999
Belize,2012,1.3478364,0.0656506238333333
Belize,2013,1.2871345,0.272814436625
Belize,2014,1.3442441,0.0999619175
Belize,2015,1.7996273,0.6165944741666667
Belize,2016,1.7181311,0.4316870399999999
Belize,2017,1.6494907,0.3102952628333333
Belize,2018,1.5901606,0.0753153174999999
Belize,2019,1.8330257,0.8599975892499999
Belize,2020,1.4945173,0.86107285425
Belize,2021,1.5507295,0.6870002766666667
Belize,2022,1.5705292,0.385798135
Belize,2023,1.6247674,1.0238680833333331
Benin,1950,0.061237913,-1.5387261508333332
Benin,1951,0.050824806,-1.5494998425000002
Benin,1952,0.056374766,-1.3672501183333334
Benin,1953,0.04642207,-1.0762449916666668
Benin,1954,0.054163646,-1.288557055
Benin,1955,0.053426012,-1.5632564325
Benin,1956,0.061153866,-1.390944642
Benin,1957,0.06184957,-1.904292905
Benin,1958,0.05098505,-0.7333421725
Benin,1959,0.0413865,-0.8343429566666667
Benin,1960,0.06404477,-0.8469731075000001
Benin,1961,0.050109766,-0.96321137575
Benin,1962,0.05204907,-1.11136055
Benin,1963,0.045577947,-0.6917211216666667
Benin,1964,0.05284709,-0.6523048049166666
Benin,1965,0.054470666,-0.908197415
Benin,1966,0.040360052,-0.7330131491666667
Benin,1967,0.04973837,-1.269157085
Benin,1968,0.052446056,-1.1343296391666666
Benin,1969,0.06721413,-0.8980406216666666
Benin,1970,0.09204811,-0.7139714641666667
Benin,1971,0.09350782,-0.9901539458333334
Benin,1972,0.12108647,-0.7220050506666666
Benin,1973,0.11605365,-0.3512687674999999
Benin,1974,0.120949805,-1.1500012158333333
Benin,1975,0.12867853,-1.3256533958333334
Benin,1976,0.07365018,-1.400525425
Benin,1977,0.08191316,-0.7991065926666666
Benin,1978,0.09755536,-0.9952842339166668
Benin,1979,0.09595436,-0.8010147435833334
Benin,1980,0.12224259,-0.22609011225
Benin,1981,0.09590522,-0.3957347895833333
Benin,1982,0.10646931,-0.684029571
Benin,1983,0.09451225,-0.1510548591666667
Benin,1984,0.10175022,-0.3656506526666667
Benin,1985,0.15125135,-0.4168206903333333
Benin,1986,0.13346565,-0.5147533466666667
Benin,1987,0.09830916,0.3246590306666666
Benin,1988,0.10227905,-0.1507248874583333
Benin,1989,0.11132513,-0.6335004245833333
Benin,1990,0.10969491,-0.1243777226666666
Benin,1991,0.11376239,-0.51403363
Benin,1992,0.11943218,-0.7003145240833333
Benin,1993,0.13748822,-0.236542699125
Benin,1994,0.14951728,-0.5021303475
Benin,1995,0.1535746,-0.24991305875
Benin,1996,0.18520646,-0.0913817022999999
Benin,1997,0.18592057,-0.2682004041666667
Benin,1998,0.16405697,0.235870994
Benin,1999,0.20876506,-0.3129901855833333
Benin,2000,0.2039623,-0.248579823
Benin,2001,0.22686094,-0.1094921386166666
Benin,2002,0.27491206,-0.2175124480833333
Benin,2003,0.30253926,-0.0355744375833333
Benin,2004,0.31788033,-0.1151817633333333
Benin,2005,0.29547822,0.2127963671666666
Benin,2006,0.38548616,0.1719382620833333
Benin,2007,0.43902123,-0.0203210555333333
Benin,2008,0.42466575,-0.2007838911166666
Benin,2009,0.44424736,0.235378741
Benin,2010,0.47761324,0.4945646870833333
Benin,2011,0.4438187,0.3269065183333333
Benin,2012,0.4234182,-0.06564490325
Benin,2013,0.426377,0.1591679266666666
Benin,2014,0.43481556,0.1417474747166666
Benin,2015,0.46938777,0.2527020758333333
Benin,2016,0.45617047,0.4990237566666666
Benin,2017,0.46351933,0.3793406456666666
Benin,2018,0.4577955,0.1341600416666666
Benin,2019,0.41347355,0.3572707175
Benin,2020,0.42215323,0.2877359423083333
Benin,2021,0.42936745,0.75479953
Benin,2022,0.420974,0.0547684044166666
Benin,2023,0.3963094,0.719283575
Bhutan,1970,0.011877439,-0.8139204183333333
Bhutan,1971,0.01147992,-1.123229866666667
Bhutan,1972,0.011095499,-0.6824105866666667
Bhutan,1973,0.010723829,-0.4505542541666666
Bhutan,1974,0.010364747,-0.658804005
Bhutan,1975,0.010017689,-0.57209297
Bhutan,1976,0.009681468,-0.5278618525
Bhutan,1977,0.018712351,-0.62358659975
Bhutan,1978,0.027126675,-0.8084704141666667
Bhutan,1979,0.052447252,-0.4571588064166667
Bhutan,1980,0.05072989,-0.4340342138333333
Bhutan,1981,0.12360233,-0.7007434985833333
Bhutan,1982,0.13554406,-0.8454482975
Bhutan,1983,0.18169956,-1.0747432525
Bhutan,1984,0.2206821,-0.4822319406666666
Bhutan,1985,0.23554313,-0.4100953266666667
Bhutan,1986,0.21442918,-0.6799440687499999
Bhutan,1987,0.29611987,-0.2627179681666666
Bhutan,1988,0.30055878,0.0687334824999999
Bhutan,1989,0.20882516,-0.7556568408333334
Bhutan,1990,0.31519246,-0.1694501783333333
Bhutan,1991,0.309696,-0.4966844833333333
Bhutan,1992,0.3722403,-0.8683492325
Bhutan,1993,0.32775554,-0.3191385636666666
Bhutan,1994,0.38308725,-0.3580705733333333
Bhutan,1995,0.45435813,-0.2704379116666666
Bhutan,1996,0.54355794,-0.215012733
Bhutan,1997,0.69829196,-1.2517589474166666
Bhutan,1998,0.6712406,0.2241937458333333
Bhutan,1999,0.66238487,0.3529376075
Bhutan,2000,0.6649816,-0.4526901943333333
Bhutan,2001,0.760877,0.077452676
Bhutan,2002,0.79619426,-0.2282138705
Bhutan,2003,0.773911,-0.2235522065
Bhutan,2004,0.67610586,-0.29626695875
Bhutan,2005,0.8251159,-0.0740969268333333
Bhutan,2006,0.6194423,0.3096772986666666
Bhutan,2007,0.5853021,0.2619043728333333
Bhutan,2008,0.9417728,0.0538727485833333
Bhutan,2009,0.9789367,0.5552918283333333
Bhutan,2010,1.2905977,0.6871719844999999
Bhutan,2011,1.4618721,-0.0114139673333333
Bhutan,2012,1.6544545,-0.1384654086666666
Bhutan,2013,1.8255049,0.185792404125
Bhutan,2014,1.8923628,0.2239980046666666
Bhutan,2015,2.005466,0.03738169745
Bhutan,2016,2.17215,0.8441660194499999
Bhutan,2017,2.2691145,0.7242507329166666
Bhutan,2018,2.2825263,0.1915673455833333
Bhutan,2019,2.1169295,0.1990059924999999
Bhutan,2020,1.6237977,0.2754888025
Bhutan,2021,2.058052,0.7171683116666667
Bhutan,2022,2.094222,0.5808129483333333
Bhutan,2023,2.178551,0.7449016351666667
Bolivia,1940,0.06149847,-1.0306067516666666
Bolivia,1941,0.07303171,-1.0367538966666667
Bolivia,1942,0.07098067,-1.6491107058333334
Bolivia,1943,0.074453205,-1.504637791666667
Bolivia,1944,0.078168824,-0.2331641416666666
Bolivia,1945,0.06989103,-0.64625438325
Bolivia,1946,0.072338596,-0.6902003341666667
Bolivia,1947,0.063173704,-1.1420345266666667
Bolivia,1948,0.073799446,-0.17997566625
Bolivia,1949,0.104620926,-1.0770110966666666
Bolivia,1950,0.16728394,-1.5310975775
Bolivia,1951,0.14710832,-1.2099386858333332
Bolivia,1952,0.16088253,-1.388624758333333
Bolivia,1953,0.16614377,-1.026411055
Bolivia,1954,0.23883817,-1.2595427916666666
Bolivia,1955,0.27710444,-1.4220996738333334
Bolivia,1956,0.3233881,-2.0678683
Bolivia,1957,0.2878393,-1.1983124366666666
Bolivia,1958,0.25752333,-0.9660738291666666
Bolivia,1959,0.26152727,-0.8251167983333333
Bolivia,1960,0.27112797,-1.14039024
Bolivia,1961,0.2753333,0.18253581
Bolivia,1962,0.28490162,-1.30762347
Bolivia,1963,0.3078419,-0.3139157316666667
Bolivia,1964,0.3678855,-1.2802662041666666
Bolivia,1965,0.36725593,-1.0849811171666668
Bolivia,1966,0.4021526,-0.8244603556666666
Bolivia,1967,0.44039062,-0.64589547
Bolivia,1968,0.49582344,-1.0042287634083331
Bolivia,1969,0.56730074,-0.18763129675
Bolivia,1970,0.54111916,-0.7140344091666666
Bolivia,1971,0.65162724,-1.4713404933333332
Bolivia,1972,0.7432181,-0.5069859761666666
Bolivia,1973,0.7035356,-0.5962990075
Bolivia,1974,0.6994512,-1.3109900083333332
Bolivia,1975,0.7892938,-1.0354947291666667
Bolivia,1976,0.87032706,-1.245752164166667
Bolivia,1977,0.83189464,-0.5864747391666667
Bolivia,1978,0.91207653,-0.5061745681666666
Bolivia,1979,0.8400366,-0.6707184404166666
Bolivia,1980,0.80901057,-0.55783812225
Bolivia,1981,0.8119877,-0.7766391258333334
Bolivia,1982,0.72081,-0.5885484975
Bolivia,1983,0.6957428,-0.5039740458333334
Bolivia,1984,0.64142853,-0.7806485388333333
Bolivia,1985,0.64053303,-0.7360011725
Bolivia,1986,0.5743947,-0.6189243045
Bolivia,1987,0.59948105,-0.3425672858333333
Bolivia,1988,0.6271382,-0.4973417177916666
Bolivia,1989,0.71163565,-0.6592934933333333
Bolivia,1990,1.4034711,-0.6474238253333334
Bolivia,1991,1.4415994,-0.3778502146666667
Bolivia,1992,1.4823433,-0.8901943491666665
Bolivia,1993,1.5239594,-0.5303875631666667
Bolivia,1994,1.247304,0.0098614705833333
Bolivia,1995,1.1450123,-0.1233695343333333
Bolivia,1996,1.2486322,-0.59360449
Bolivia,1997,1.435035,-0.0640578256666666
Bolivia,1998,1.3535174,-0.0799862488333333
Bolivia,1999,1.2931223,-0.5394517541666667
Bolivia,2000,0.97996825,-0.5523545804583333
Bolivia,2001,0.9988706,-0.2660398461666666
Bolivia,2002,1.1688838,0.2506934808333333
Bolivia,2003,1.2118468,-0.0671993918333333
Bolivia,2004,1.1985703,-0.1478858025833333
Bolivia,2005,1.3153518,-0.0703201313333333
Bolivia,2006,1.2951919,0.1259283983333333
Bolivia,2007,1.3107055,-0.0052466399999999
Bolivia,2008,1.3161584,-0.1830924266666666
Bolivia,2009,1.3516202,0.1445433295
Bolivia,2010,1.4455271,0.4599308930833333
Bolivia,2011,1.5411018,0.2513499271666666
Bolivia,2012,1.6675287,0.2272818788686667
Bolivia,2013,1.663367,-0.0276665599999999
Bolivia,2014,1.8331811,0.2415145333333333
Bolivia,2015,1.8054603,0.6609673516666666
Bolivia,2016,1.8997626,0.3753167716666667
Bolivia,2017,1.9543539,0.41668080875
Bolivia,2018,1.9549538,-0.0235185579583333
Bolivia,2019,1.9368082,0.5673899674999999
Bolivia,2020,1.5497013,0.81077607445
Bolivia,2021,1.8225433,0.2011938187499999
Bolivia,2022,1.852948,0.1431956229166666
Bolivia,2023,1.9078085,1.2120886033333331
Bosnia and Herzegovina,1940,0.6396088,-3.825055588333333
Bosnia and Herzegovina,1943,0.022176022,-0.859461425
Bosnia and Herzegovina,1944,0.0055182306,-1.9384437166666668
Bosnia and Herzegovina,1945,0.31133887,-1.6289966997083332
Bosnia and Herzegovina,1946,0.6106803,-0.9261650652
Bosnia and Herzegovina,1947,0.84340394,-1.178268425
Bosnia and Herzegovina,1948,0.943556,-1.6418135078333334
Bosnia and Herzegovina,1949,1.0671769,-1.61862162
Bosnia and Herzegovina,1950,1.0134552,-0.0343449824999999
Bosnia and Herzegovina,1951,0.945358,-0.1970108341666666
Bosnia and Herzegovina,1952,0.93409395,-0.6918106370833333
Bosnia and Herzegovina,1953,0.9097073,-1.281365868666667
Bosnia and Herzegovina,1954,1.0622684,-1.9799334208333328
Bosnia and Herzegovina,1955,1.1909399,-1.2672061358333333
Bosnia and Herzegovina,1956,1.3329369,-2.385632928333333
Bosnia and Herzegovina,1957,1.4172158,-0.8837379033333334
Bosnia and Herzegovina,1958,1.3676255,-0.6569885075
Bosnia and Herzegovina,1959,1.5351089,-1.0399121458333334
Bosnia and Herzegovina,1960,1.6415694,-0.4784948333333333
Bosnia and Herzegovina,1961,1.6863745,-0.2092670824999999
Bosnia and Herzegovina,1962,1.7003281,-1.374366667025
Bosnia and Herzegovina,1963,1.8618284,-1.7937013574999998
Bosnia and Herzegovina,1964,2.0784204,-1.9790955108333328
Bosnia and Herzegovina,1965,2.108825,-2.0131889458333334
Bosnia and Herzegovina,1966,2.0620701,-1.0190213701666666
Bosnia and Herzegovina,1967,2.0568457,-1.110774870333333
Bosnia and Herzegovina,1968,2.174589,-1.0499631283333333
Bosnia and Herzegovina,1969,2.23118,-1.4490099516666666
Bosnia and Herzegovina,1970,2.8881807,-1.2770928576666667
Bosnia and Herzegovina,1971,3.0830965,-1.212050755833333
Bosnia and Herzegovina,1972,2.860421,-0.8936499766666667
Bosnia and Herzegovina,1973,3.3824027,-1.480257645
Bosnia and Herzegovina,1974,3.3631892,-0.9960712675
Bosnia and Herzegovina,1975,3.4743383,-0.9077485855833332
Bosnia and Herzegovina,1976,3.550958,-1.8080104116666669
Bosnia and Herzegovina,1977,3.420807,-0.5386722724999999
Bosnia and Herzegovina,1978,3.7885582,-1.84079956
Bosnia and Herzegovina,1979,4.0854177,-0.8681505483333333
Bosnia and Herzegovina,1980,3.9828987,-1.8952560658333333
Bosnia and Herzegovina,1981,4.297699,-1.275718728
Bosnia and Herzegovina,1982,3.9132628,-0.5940941729166667
Bosnia and Herzegovina,1983,4.176699,-0.8898155520833333
Bosnia and Herzegovina,1984,4.366915,-1.2974807108333335
Bosnia and Herzegovina,1985,4.418668,-1.26484381
Bosnia and Herzegovina,1986,4.58094,-1.1136762583333333
Bosnia and Herzegovina,1987,4.4434576,-1.017816023333333
Bosnia and Herzegovina,1988,4.5598464,-0.6699320308333333
Bosnia and Herzegovina,1989,4.5257664,-0.655231295
Bosnia and Herzegovina,1990,4.4668703,-0.2722328755833333
Bosnia and Herzegovina,1991,3.1534176,-1.6482108958333337
Bosnia and Herzegovina,1992,3.5490513,-0.5260283233333333
Bosnia and Herzegovina,1993,3.222123,-1.0058142866666666
Bosnia and Herzegovina,1994,0.8603062,0.2031367416666666
Bosnia and Herzegovina,1995,0.9156288,-0.9632287206666666
Bosnia and Herzegovina,1996,1.0940088,-1.5508798858333332
Bosnia and Herzegovina,1997,2.0819776,-0.8586778496666666
Bosnia and Herzegovina,1998,2.580046,-0.5620954345833333
Bosnia and Herzegovina,1999,2.5018342,-0.2434842966666666
Bosnia and Herzegovina,2000,3.2940066,0.6994104416666668
Bosnia and Herzegovina,2001,3.1733813,-0.2332640533333333
Bosnia and Herzegovina,2002,3.3841307,0.4743037730941666
Bosnia and Herzegovina,2003,3.4362016,-0.0099440149999999
Bosnia and Herzegovina,2004,3.734038,-0.3264948258333334
Bosnia and Herzegovina,2005,3.9170587,-1.1486012758333333
Bosnia and Herzegovina,2006,4.2790723,-0.2911152395
Bosnia and Herzegovina,2007,4.3540244,0.6345647799999999
Bosnia and Herzegovina,2008,5.0560236,0.6821775916666667
Bosnia and Herzegovina,2009,5.2934146,0.3934435933333333
Bosnia and Herzegovina,2010,5.5479813,-0.1674302441666667
Bosnia and Herzegovina,2011,6.35032,0.2824928991666667
Bosnia and Herzegovina,2012,6.0310183,0.5268736515
Bosnia and Herzegovina,2013,6.03771,0.5192944178083333
Bosnia and Herzegovina,2014,5.41739,1.0695442375
Bosnia and Herzegovina,2015,5.246716,0.6442457873333334
Bosnia and Herzegovina,2016,6.257046,0.4239562255
Bosnia and Herzegovina,2017,6.462092,0.2861023758333334
Bosnia and Herzegovina,2018,6.517693,0.8602092978333333
Bosnia and Herzegovina,2019,6.220446,1.0445800625
Bosnia and Herzegovina,2020,6.3140154,0.7909283595833333
Bosnia and Herzegovina,2021,6.553135,0.4364000991666666
Bosnia and Herzegovina,2022,6.541299,1.3135978986666668
Bosnia and Herzegovina,2023,6.3356104,1.5993330475
Botswana,1972,0.0353227,-0.8547586611666667
Botswana,1973,0.078629866,-0.5041838508333333
Botswana,1974,0.12829769,-1.9982256166666668
Botswana,1975,0.25941047,-1.2734819125
Botswana,1976,0.7825932,-1.6705897575
Botswana,1977,0.97609514,-0.7746857816666667
Botswana,1978,0.9794254,-1.3451154916666666
Botswana,1979,1.0442983,-0.4652617064166666
Botswana,1980,1.4970809,-0.8301893091666667
Botswana,1981,1.4512073,-1.3266314713333334
Botswana,1982,1.3864063,-0.1232169486666666
Botswana,1983,1.2709962,0.2988423525
Botswana,1984,1.240511,0.1603303721666666
Botswana,1985,1.477684,-0.0047647973333333
Botswana,1986,1.3494904,-0.182226733
Botswana,1987,1.5331318,0.6595074291666666
Botswana,1988,1.6194445,-0.7013275616666667
Botswana,1989,1.7547592,-0.7594408224999999
Botswana,1990,2.0682206,0.1223502935833333
Botswana,1991,1.9634662,-0.7372598591666667
Botswana,1992,2.0125742,0.60994934175
Botswana,1993,2.249898,0.1285516433333333
Botswana,1994,2.0754528,-0.4119777679166667
Botswana,1995,2.0314934,0.6758885325
Botswana,1996,1.7939851,-0.6006813777500001
Botswana,1997,1.7811112,-0.4289360891666666
Botswana,1998,2.0795665,0.35156306625
Botswana,1999,1.92354,0.1306440875
Botswana,2000,2.2521331,-1.1451802241666666
Botswana,2001,2.2469115,-0.4172163846666667
Botswana,2002,2.2785535,0.3900738633333333
Botswana,2003,2.154215,0.8284924027499999
Botswana,2004,2.1552858,-0.3246238191666666
Botswana,2005,2.2244887,0.7925856158333334
Botswana,2006,2.2048738,-1.089416975
Botswana,2007,2.212411,-0.1424699566666666
Botswana,2008,2.309352,-0.3614399466666667
Botswana,2009,1.9368095,-0.6188718460833333
Botswana,2010,2.2317412,-0.0370331589166666
Botswana,2011,1.9430156,-0.7291255710833333
Botswana,2012,2.4076638,0.0345900094166666
Botswana,2013,2.6454976,0.2780231474166666
Botswana,2014,3.1538363,-0.5814641363333334
Botswana,2015,2.458906,1.0603850683333331
Botswana,2016,2.8390572,0.976877622175
Botswana,2017,3.1190739,-0.3416605808333333
Botswana,2018,3.3229713,0.5066916173333333
Botswana,2019,2.884646,1.2843016175
Botswana,2020,2.3462896,-0.0812516221666666
Botswana,2021,2.5022633,-0.6553290708333334
Botswana,2022,2.7032576,-0.3354345925
Botswana,2023,2.7068784,0.7121977846666666
Brazil,1940,0.13602734,-0.7659703941666667
Brazil,1941,0.14752005,-0.4084447216666667
Brazil,1942,0.13438162,-0.72068024
Brazil,1943,0.14447427,-1.4588994916666669
Brazil,1944,0.12814638,-0.6962143531666666
Brazil,1945,0.14445925,-0.851879435
Brazil,1946,0.15386443,-0.6965778641666667
Brazil,1947,0.17976093,-1.0349456541666666
Brazil,1948,0.15357992,-0.6225716228333333
Brazil,1949,0.14034759,-0.7948972358333334
Brazil,1950,0.3680888,-0.7074445035833333
Brazil,1951,0.39367178,-0.6149590891666666
Brazil,1952,0.43979865,-0.70382007
Brazil,1953,0.43157357,-0.5574294670000001
Brazil,1954,0.49266362,-0.6484018958333333
Brazil,1955,0.5478737,-0.734510415
Brazil,1956,0.57170385,-1.2716135941666666
Brazil,1957,0.5448022,-0.4362231951666666
Brazil,1958,0.57354563,0.0121234279999999
Brazil,1959,0.5556847,-0.4077383724999999
Brazil,1960,0.6472312,-0.7102974221666667
Brazil,1961,0.65861255,-0.0374158254166666
Brazil,1962,0.6974964,-0.7621194583333333
Brazil,1963,0.7013657,-0.1110459916666666
Brazil,1964,0.6948991,-0.9955272666666668
Brazil,1965,0.6714493,-0.8143908083333332
Brazil,1966,0.74486816,-0.8084742225
Brazil,1967,0.7465855,-0.7535888308333334
Brazil,1968,0.85103744,-1.1028809558333337
Brazil,1969,0.90373224,-0.2268142696124999
Brazil,1970,0.9802108,-0.5347889225
Brazil,1971,1.0470417,-1.0455846858333333
Brazil,1972,1.1385175,-0.5462859471666667
Brazil,1973,1.2871305,-0.4791374206666667
Brazil,1974,1.3608927,-1.1625429866666666
Brazil,1975,1.3968338,-1.0067920558333332
Brazil,1976,1.4027977,-0.9675715791666666
Brazil,1977,1.438432,-0.6464273135833333
Brazil,1978,1.5321437,-0.81043769
Brazil,1979,1.5862978,-0.7646571841666666
Brazil,1980,1.5361329,-0.5025626841666667
Brazil,1981,1.3809463,-0.6261185033333333
Brazil,1982,1.3512094,-0.5046825433333333
Brazil,1983,1.2782167,-0.2185969333333333
Brazil,1984,1.263146,-0.6137166024999999
Brazil,1985,1.3290781,-0.8442511549999999
Brazil,1986,1.425789,-0.6616423871833333
Brazil,1987,1.4596778,-0.0534415235
Brazil,1988,1.44407,-0.4379652375
Brazil,1989,1.4475551,-0.7633924508333334
Brazil,1990,1.4660945,-0.3507065758333333
Brazil,1991,1.5119144,-0.4454709685
Brazil,1992,1.5141854,-0.4947137841666666
Brazil,1993,1.5581285,-0.321564357
Brazil,1994,1.5948392,-0.30239883925
Brazil,1995,1.6612233,-0.21778408675
Brazil,1996,1.761916,-0.4480175903333334
Brazil,1997,1.8417498,-0.1321255373333333
Brazil,1998,1.8760923,0.3580767258333333
Brazil,1999,1.9066253,-0.4174613916666667
Brazil,2000,1.95487,-0.5304142620833333
Brazil,2001,1.9634924,-0.2098816248333333
Brazil,2002,1.9482261,0.1922267241666666
Brazil,2003,1.908094,-0.0236020113333333
Brazil,2004,1.978562,-0.1499085430833333
Brazil,2005,1.9728998,0.1727984736666666
Brazil,2006,1.9762388,-0.0585172976666666
Brazil,2007,2.071431,0.1367139808333333
Brazil,2008,2.1675894,-0.2115281458333333
Brazil,2009,2.0292337,0.0126136134166666
Brazil,2010,2.2729208,0.33499081875
Brazil,2011,2.368747,-0.1058146164166666
Brazil,2012,2.5310798,0.1724235210833333
Brazil,2013,2.6825008,0.0619119023333333
Brazil,2014,2.7883189,0.1733743330833333
Brazil,2015,2.6247764,0.6851983145
Brazil,2016,2.4247255,0.5657348624999999
Brazil,2017,2.4340897,0.3829054795833333
Brazil,2018,2.3210206,0.0941114433333333
Brazil,2019,2.281887,0.5311891233333333
Brazil,2020,2.1336453,0.1949485144416666
Brazil,2021,2.3765988,-0.0236167914166666
Brazil,2022,2.3006465,-0.2047247908333333
Brazil,2023,2.3040092,0.5437418591666666
Brunei,1940,70.41796,-1.3633031891666667
Brunei,1941,45.973362,-1.3481148108333334
Brunei,1942,28.716057,-1.6595320666666666
Brunei,1943,42.760334,-1.6263651833333332
Brunei,1944,56.461067,-1.5721159083333334
Brunei,1945,20.617958,-1.7123169833333334
Brunei,1946,20.997135,-1.5897779416666669
Brunei,1947,117.805984,-1.4752566083333332
Brunei,1948,1.7575823,-1.5795049583333334
Brunei,1949,245.081,-1.6878757466666665
Brunei,1950,8.576175,-1.3503670666666665
Brunei,1951,5.8720245,-1.098955629166667
Brunei,1952,5.948381,-0.8486329733333333
Brunei,1953,5.9858875,-0.9049709616666668
Brunei,1954,5.868724,-1.3272803583333337
Brunei,1955,4.6096535,-1.1908172
Brunei,1956,4.2691064,-1.371527675
Brunei,1957,3.9533346,-0.8611044849999999
Brunei,1958,4.0375934,-0.6626623541666666
Brunei,1959,3.8908496,-0.9247778283333332
Brunei,1960,3.7752666,-0.9739157416666666
Brunei,1961,3.2882662,-0.9998532933333334
Brunei,1962,3.827166,-1.0350395883333332
Brunei,1963,3.514194,-1.08171559
Brunei,1964,3.2181938,-0.9528326833333334
Brunei,1965,3.008916,-1.213643866666667
Brunei,1966,4.237849,-1.3411987633333335
Brunei,1967,3.6339293,-1.1909985616666667
Brunei,1968,3.397136,-1.1782865458333334
Brunei,1969,3.7083328,-0.8896732333333333
Brunei,1970,60.720894,-0.9450345041666668
Brunei,1971,54.478725,-1.250299305
Brunei,1972,66.50149,-0.8768130841666667
Brunei,1973,67.68975,-0.5891790433333334
Brunei,1974,53.58719,-1.1767733841666663
Brunei,1975,44.76888,-0.976843035
Brunei,1976,36.803295,-1.027442775
Brunei,1977,37.758686,-0.7309427216666666
Brunei,1978,54.524246,-0.5118474891666667
Brunei,1979,41.21373,-0.3855582889166666
Brunei,1980,36.96018,-0.46759351
Brunei,1981,10.728243,-0.4809735626666667
Brunei,1982,13.449407,-0.4951442108333333
Brunei,1983,13.352274,-0.1941660216666666
Brunei,1984,9.054994,-0.8194071383333333
Brunei,1985,11.851809,-0.6544502557499999
Brunei,1986,10.144834,-0.6138194433333334
Brunei,1987,14.18084,-0.2131430298916666
Brunei,1988,23.713093,-0.319552102
Brunei,1989,25.571138,-0.555533885
Brunei,1990,21.373428,-0.1965646751666666
Brunei,1991,27.464195,-0.3166255959166666
Brunei,1992,25.517817,-0.393110587625
Brunei,1993,22.955238,-0.4325973210833333
Brunei,1994,19.549812,-0.2104988103333333
Brunei,1995,20.0074,-0.1895907748333333
Brunei,1996,19.711641,-0.3610862090833333
Brunei,1997,19.93792,-0.1278551455833333
Brunei,1998,17.91309,0.3747086525
Brunei,1999,18.719257,-0.2709512713333333
Brunei,2000,16.326294,-0.1349075618333333
Brunei,2001,15.5697975,-0.0843068791666666
Brunei,2002,13.73254,0.0613463717499999
Brunei,2003,16.150925,-0.0691661833333333
Brunei,2004,15.984768,-0.1763318380833333
Brunei,2005,15.126363,-0.0774250039166666
Brunei,2006,19.592522,-0.1512788166666666
Brunei,2007,21.779644,-0.1549900370833333
Brunei,2008,24.263243,-0.30742375125
Brunei,2009,20.121027,0.1655848829166666
Brunei,2010,20.437696,0.1624779700833333
Brunei,2011,23.928259,-0.057502430075
Brunei,2012,23.426346,0.0564271610999999
Brunei,2013,18.547974,0.14426930835
Brunei,2014,21.192278,-0.0755117773333333
Brunei,2015,16.422749,0.2218969666666666
Brunei,2016,17.85392,0.6313414620000001
Brunei,2017,21.5125,0.2998582521666667
Brunei,2018,21.34535,0.3731527366666666
Brunei,2019,24.247364,0.612032885
Brunei,2020,24.939121,0.4880727155833333
Brunei,2021,25.931751,0.23204024825
Brunei,2022,24.936909,0.0963228528
Brunei,2023,25.646858,0.6296734838333333
Bulgaria,1940,0.62356925,-2.6225054983333336
Bulgaria,1941,0.66653836,-2.095090986666667
Bulgaria,1942,0.799241,-1.9067618116666667
Bulgaria,1943,0.8609498,-0.8195388649999998
Bulgaria,1944,0.6448091,-1.1577699633333334
Bulgaria,1945,0.7589128,-0.81904231
Bulgaria,1946,0.71882576,-0.260064855
Bulgaria,1947,0.84665793,-0.4020864247333334
Bulgaria,1948,0.8836286,-1.0408278791666667
Bulgaria,1949,1.0498933,-1.0723865191666666
Bulgaria,1950,1.0343943,0.1004261941666666
Bulgaria,1951,1.116225,-0.1607493699999999
Bulgaria,1952,1.2807021,0.08357815125
Bulgaria,1953,1.4274985,-1.30063471775
Bulgaria,1954,1.5237504,-1.7758608133333336
Bulgaria,1955,1.605019,-0.8270978958333334
Bulgaria,1956,1.7090918,-1.8728001431666663
Bulgaria,1957,1.8809891,-0.7331545633333333
Bulgaria,1958,2.0229366,-0.0664926454166666
Bulgaria,1959,2.5175686,-1.4520215416666666
Bulgaria,1960,2.8323824,-0.2369098224999999
Bulgaria,1961,3.2683527,-0.3756915833333333
Bulgaria,1962,3.8340313,-0.4177057258333334
Bulgaria,1963,4.257543,-0.8715386
Bulgaria,1964,5.260184,-1.151803835
Bulgaria,1965,5.640947,-1.191043795
Bulgaria,1966,5.898725,0.0882572125
Bulgaria,1967,6.630625,-0.7049232013333334
Bulgaria,1968,7.103852,-0.4373197391666666
Bulgaria,1969,7.860808,-1.1517310196666666
Bulgaria,1970,7.204753,-0.4526437475
Bulgaria,1971,7.5211024,-0.9055110525
Bulgaria,1972,7.7016306,-0.8172910725000001
Bulgaria,1973,7.9674435,-1.2792904813333337
Bulgaria,1974,8.192895,-0.89438686175
Bulgaria,1975,8.359663,-0.6199378405
Bulgaria,1976,8.3299055,-1.5852224333333331
Bulgaria,1977,8.608621,-0.5220614025
Bulgaria,1978,9.213743,-1.3102017123583334
Bulgaria,1979,8.943719,-0.7418227224999999
Bulgaria,1980,8.719527,-1.4945731153333333
Bulgaria,1981,9.010919,-0.8017529391666667
Bulgaria,1982,10.0804825,-1.0101529150000002
Bulgaria,1983,10.081554,-0.7699081533333333
Bulgaria,1984,9.722909,-0.9260158508333332
Bulgaria,1985,9.959073,-1.1983754583333333
Bulgaria,1986,10.171591,-0.94981437875
Bulgaria,1987,10.168392,-1.171663135416667
Bulgaria,1988,9.977689,-0.8303816073333333
Bulgaria,1989,9.870467,-0.4512001075
Bulgaria,1990,8.698534,-0.1060913683333333
Bulgaria,1991,7.0865617,-1.4651890958333331
Bulgaria,1992,6.712946,-0.6623846116666666
Bulgaria,1993,6.9086657,-0.8438219066666667
Bulgaria,1994,6.7079387,0.6078830983333333
Bulgaria,1995,6.939603,-0.7703503183333335
Bulgaria,1996,7.0604463,-1.1881538783333334
Bulgaria,1997,6.8018622,-1.2698439363333334
Bulgaria,1998,6.5385485,-0.4048182566666666
Bulgaria,1999,5.760335,0.2478430616666667
Bulgaria,2000,5.698653,0.4115605016666666
Bulgaria,2001,6.195104,0.12235531
Bulgaria,2002,5.880953,0.1067343041666667
Bulgaria,2003,6.481881,-0.5994439963333332
Bulgaria,2004,6.4036465,-0.2705704575
Bulgaria,2005,6.5867257,-0.7618569548999999
Bulgaria,2006,6.7958155,-0.4038035591666666
Bulgaria,2007,7.3483434,0.8192931183333334
Bulgaria,2008,7.180506,0.4532349158333333
Bulgaria,2009,6.1214066,0.3497198566666666
Bulgaria,2010,6.4403195,0.2931591927499999
Bulgaria,2011,7.2093797,-0.51398555875
Bulgaria,2012,6.609469,0.5383080945
Bulgaria,2013,5.8814645,0.6663043339166667
Bulgaria,2014,6.264565,0.4352899313333333
Bulgaria,2015,6.7159996,0.6087266775
Bulgaria,2016,6.372504,0.5978745597499999
Bulgaria,2017,6.7161274,0.2034567616666666
Bulgaria,2018,6.203401,0.6065603688333333
Bulgaria,2019,6.0594864,1.1946012658333334
Bulgaria,2020,5.285019,0.8913151608333333
Bulgaria,2021,6.168972,0.2236083533333333
Bulgaria,2022,6.8806005,0.7762568994166666
Bulgaria,2023,5.311196,1.5108228316666663
Burkina Faso,1950,0.00096199766,-1.8245695366666668
Burkina Faso,1951,0.0007954744,-1.5472962020833334
Burkina Faso,1952,0.00087928853,-1.5525063
Burkina Faso,1953,0.00072203623,-0.9976843183333334
Burkina Faso,1954,0.00084053946,-1.4507439800000002
Burkina Faso,1955,0.00082747487,-1.6221121191666663
Burkina Faso,1956,0.00094596134,-1.5438052779166669
Burkina Faso,1957,0.0009560609,-2.1057146466666663
Burkina Faso,1958,0.00078842463,-0.7457362893333332
Burkina Faso,1959,0.0015555721,-1.081597328333333
Burkina Faso,1960,0.009201031,-1.1790801691666666
Burkina Faso,1961,0.018893696,-1.3800145875
Burkina Faso,1962,0.01712974,-1.2685513433333333
Burkina Faso,1963,0.017609807,-0.8689683258333334
Burkina Faso,1964,0.021676214,-1.1088631808333334
Burkina Faso,1965,0.019910006,-1.347759084166667
Burkina Faso,1966,0.019586487,-0.8042875941666666
Burkina Faso,1967,0.019261379,-1.13011677
Burkina Faso,1968,0.018933315,-1.0584394125
Burkina Faso,1969,0.021931656,-0.5208344468333334
Burkina Faso,1970,0.025470486,-0.4181807853333333
Burkina Faso,1971,0.026318384,-0.725124355
Burkina Faso,1972,0.027761452,-0.46824614775
Burkina Faso,1973,0.028509375,-0.0934869466666666
Burkina Faso,1974,0.034056265,-1.0398977625
Burkina Faso,1975,0.035760693,-1.1955865258333334
Burkina Faso,1976,0.0332529,-1.4156889875
Burkina Faso,1977,0.03875621,-0.8048049533333334
Burkina Faso,1978,0.05281189,-0.6208925225
Burkina Faso,1979,0.060129024,-0.7371382583333332
Burkina Faso,1980,0.062228136,-0.0587140783333333
Burkina Faso,1981,0.077998705,-0.4265505408333334
Burkina Faso,1982,0.07837003,-0.7110857975
Burkina Faso,1983,0.07860692,-0.0050218880833333
Burkina Faso,1984,0.05987069,-0.1645448885833333
Burkina Faso,1985,0.05954085,-0.4226849831666666
Burkina Faso,1986,0.05832977,-0.5061187816666667
Burkina Faso,1987,0.061087877,0.3651871716666666
Burkina Faso,1988,0.06368583,-0.297538757
Burkina Faso,1989,0.09199915,-0.7058666508333333
Burkina Faso,1990,0.06440483,-0.1157941845833333
Burkina Faso,1991,0.06786208,-0.4616649974999999
Burkina Faso,1992,0.06544738,-0.7299240408333333
Burkina Faso,1993,0.06421125,-0.0690040516666666
Burkina Faso,1994,0.0651458,-0.6900261283333333
Burkina Faso,1995,0.063615106,-0.5351123735
Burkina Faso,1996,0.06785166,-0.1660880978333333
Burkina Faso,1997,0.06951044,-0.4056387075
Burkina Faso,1998,0.07576217,-0.0408891059166666
Burkina Faso,1999,0.090181984,-0.5523462266666667
Burkina Faso,2000,0.078356996,-0.3626931432333333
Burkina Faso,2001,0.08627211,-0.0834396716666666
Burkina Faso,2002,0.08445241,0.0765202832933333
Burkina Faso,2003,0.09081831,-0.0496679983333333
Burkina Faso,2004,0.081760705,0.13898992
Burkina Faso,2005,0.07975033,0.314352665525
Burkina Faso,2006,0.08443007,0.0739771505833333
Burkina Faso,2007,0.10934675,0.0475956586666666
Burkina Faso,2008,0.11913826,-0.3262682003333333
Burkina Faso,2009,0.116887465,0.3729726495833333
Burkina Faso,2010,0.1227139,0.5237614283333333
Burkina Faso,2011,0.1289924,0.4356336624166667
Burkina Faso,2012,0.15229523,-0.0307704566666666
Burkina Faso,2013,0.1587353,0.2341402363333333
Burkina Faso,2014,0.15710077,0.30804857125
Burkina Faso,2015,0.19937594,0.1946442923333333
Burkina Faso,2016,0.20608406,0.4609672170833334
Burkina Faso,2017,0.2323365,0.2739809314999999
Burkina Faso,2018,0.25570914,0.3176825825
Burkina Faso,2019,0.2681528,0.3888983705
Burkina Faso,2020,0.25035635,0.3413737645833333
Burkina Faso,2021,0.28593773,0.7367548975
Burkina Faso,2022,0.28317067,-0.0547676075833333
Burkina Faso,2023,0.2686812,0.7157815308333334
Burundi,1950,0.0038999685,-1.2541564416666666
Burundi,1951,0.0038140279,-0.9356663929166666
Burundi,1952,0.0069323787,-0.793345775
Burundi,1953,0.0062678265,-1.246602048333333
Burundi,1954,0.0025589222,-0.79247347
Burundi,1955,0.0030092534,-1.118880103333333
Burundi,1956,0.003441523,-1.2609876008333334
Burundi,1957,0.003855846,-0.6344014725
Burundi,1958,0.0037819333,-0.199664595
Burundi,1959,0.014372449,-0.5118999491666667
Burundi,1960,0.013179477,-0.6866855541666667
Burundi,1961,0.016837997,-0.9719694516666668
Burundi,1962,0.0151202055,-1.352547003333333
Burundi,1963,0.016038833,-0.9500581303333332
Burundi,1964,0.015588397,-1.1559049283333334
Burundi,1965,0.011663838,-0.9539179866666668
Burundi,1966,0.014802131,-0.8445382033333333
Burundi,1967,0.014431106,-0.9459422441666666
Burundi,1968,0.016258715,-1.0452480325
Burundi,1969,0.02121258,-0.6322720783333333
Burundi,1970,0.017643422,-0.6938575133333332
Burundi,1971,0.020258462,-1.258006089166667
Burundi,1972,0.020259392,-1.265209825
Burundi,1973,0.02028826,-0.7325930641666667
Burundi,1974,0.024732979,-1.2030749225
Burundi,1975,0.02026671,-1.303650375
Burundi,1976,0.022648891,-1.086765925
Burundi,1977,0.02483423,-0.6225315699999999
Burundi,1978,0.025020638,-0.7499604275
Burundi,1979,0.026149742,-0.5538469953333333
Burundi,1980,0.03343323,-0.5515198716666666
Burundi,1981,0.034505747,-0.6000288333333333
Burundi,1982,0.033655263,-0.4390235019166666
Burundi,1983,0.042671226,-0.1356633511666667
Burundi,1984,0.044624507,-0.7636478699999999
Burundi,1985,0.04585458,-0.8021054358333334
Burundi,1986,0.045716275,-0.5890849408333333
Burundi,1987,0.047477826,0.10443226025
Burundi,1988,0.042340286,-0.2935748060833333
Burundi,1989,0.048883244,-0.7335637412499999
Burundi,1990,0.037380997,-0.2991253508333333
Burundi,1991,0.041754518,-0.4786027238333334
Burundi,1992,0.03690045,-0.3879176781666666
Burundi,1993,0.04001689,-0.1780233391666666
Burundi,1994,0.04104021,-0.4498089158333333
Burundi,1995,0.0392597,-0.1874024084999999
Burundi,1996,0.039836176,-0.4032840749999999
Burundi,1997,0.04104651,-0.1354637159999999
Burundi,1998,0.04026977,0.2726627971666667
Burundi,1999,0.03989459,-0.4892613033333333
Burundi,2000,0.041905668,-0.07735872775
Burundi,2001,0.030927656,-0.65374677
Burundi,2002,0.03114146,-0.1829865766666666
Burundi,2003,0.024450583,0.07342132
Burundi,2004,0.027565438,-0.0360023210416666
Burundi,2005,0.021731146,0.3199435842499999
Burundi,2006,0.023757419,-0.1286118775
Burundi,2007,0.02289486,-0.103860855
Burundi,2008,0.023261875,-0.3058881758333333
Burundi,2009,0.023750706,0.0743737223333333
Burundi,2010,0.035169173,0.4611525558333333
Burundi,2011,0.04260499,-0.1991829871666667
Burundi,2012,0.038953602,-0.1326654775
Burundi,2013,0.042117808,0.0926874456666666
Burundi,2014,0.03223039,0.2158818228333333
Burundi,2015,0.0321708,0.4526114491666666
Burundi,2016,0.038141485,0.7220296858333333
Burundi,2017,0.044579167,0.4824825910833333
Burundi,2018,0.05439388,0.1193906484166666
Burundi,2019,0.05620691,0.4963083291666666
Burundi,2020,0.058575917,0.7471241933333334
Burundi,2021,0.059800673,0.4492004708333333
Burundi,2022,0.053095266,0.419178487
Burundi,2023,0.05184301,0.7128275308333333
Cambodia,1955,0.020978522,-1.3326001241666667
Cambodia,1956,0.026383782,-1.6384676125000002
Cambodia,1957,0.031546667,-1.0083978925
Cambodia,1958,0.037897684,-0.7802144725
Cambodia,1959,0.03984935,-0.7479074763333333
Cambodia,1960,0.04302751,-0.7874908475
Cambodia,1961,0.05129878,-0.9726994633333332
Cambodia,1962,0.054019377,-1.3259863833333334
Cambodia,1963,0.06669864,-1.3551266916666669
Cambodia,1964,0.05669679,-0.9434855808333332
Cambodia,1965,0.062150337,-1.0889744833333332
Cambodia,1966,0.07090254,-0.98250961
Cambodia,1967,0.061328035,-1.4161241991666664
Cambodia,1968,0.07138462,-0.9221757233333332
Cambodia,1969,0.19914618,-0.6340549755
Cambodia,1970,0.17384182,-0.7402577308333332
Cambodia,1971,0.03320429,-1.5670903533333334
Cambodia,1972,0.013725233,-0.9685689625
Cambodia,1973,0.013047483,-0.6805539133333333
Cambodia,1974,0.0070220525,-1.1741263025000002
Cambodia,1975,0.007237437,-1.2428572866666665
Cambodia,1976,0.0077640456,-1.246004114166667
Cambodia,1977,0.008402904,-0.60346301375
Cambodia,1978,0.009139594,-0.62867498625
Cambodia,1979,0.0057601393,-0.2610282916666667
Cambodia,1980,0.054961786,-0.3052991195833333
Cambodia,1981,0.056854974,-0.5698626863333334
Cambodia,1982,0.06200583,-0.7765169125
Cambodia,1983,0.0650088,-0.33287762975
Cambodia,1984,0.07020753,-0.6990227641666666
Cambodia,1985,0.06911237,-0.6852232641666666
Cambodia,1986,0.068783924,-0.7451190966666666
Cambodia,1987,0.066486835,-0.11380051775
Cambodia,1988,0.06615894,-0.3438777953583334
Cambodia,1989,0.06371347,-0.5235799183333333
Cambodia,1990,0.17091073,-0.1614853524999999
Cambodia,1991,0.16969118,-0.1696270373333333
Cambodia,1992,0.16619585,-0.4000266402499999
Cambodia,1993,0.16074014,-0.7733238516666666
Cambodia,1994,0.15426768,-0.4770733554166666
Cambodia,1995,0.14958154,-0.2656847623333333
Cambodia,1996,0.14043753,-0.557937776
Cambodia,1997,0.12666214,-0.2249220188333333
Cambodia,1998,0.15557702,0.5936667141666666
Cambodia,1999,0.15443803,-0.8783313383333334
Cambodia,2000,0.16052763,-0.4303077058333333
Cambodia,2001,0.17656529,-0.012455465
Cambodia,2002,0.1673072,0.368160722
Cambodia,2003,0.17265914,0.1623385763333333
Cambodia,2004,0.16930318,0.0619719824999999
Cambodia,2005,0.16439965,0.0235069658333333
Cambodia,2006,0.20873478,0.0824844021666666
Cambodia,2007,0.2520972,-0.2096989936666666
Cambodia,2008,0.2800757,-0.4714112233333333
Cambodia,2009,0.3207576,-0.3810221367499999
Cambodia,2010,0.34920588,0.5645168501666666
Cambodia,2011,0.3582737,-0.2168493258749999
Cambodia,2012,0.37308356,0.4619372725
Cambodia,2013,0.37084213,0.15534432675
Cambodia,2014,0.43509176,0.1331725141666666
Cambodia,2015,0.524184,0.6737165374999999
Cambodia,2016,0.671632,0.700166065
Cambodia,2017,0.7520279,0.1648782124999999
Cambodia,2018,0.8561779,0.3289791716666667
Cambodia,2019,1.1303334,0.681637127
Cambodia,2020,1.1380401,0.3121945091666667
Cambodia,2021,1.1339663,-0.1140263835
Cambodia,2022,1.1399238,-0.1038489360833333
Cambodia,2023,1.1580942,0.3212005283333333
Cameroon,1950,0.03215493,-0.8251457201666667
Cameroon,1951,0.041680716,-0.8392984216666667
Cameroon,1952,0.06319126,-0.7584117283333334
Cameroon,1953,0.044403296,-0.8899324725
Cameroon,1954,0.0499979,-0.9849963191666666
Cameroon,1955,0.049884122,-0.946263635
Cameroon,1956,0.049725622,-1.0264817975
Cameroon,1957,0.052563414,-0.9097549183333332
Cameroon,1958,0.055998757,-0.4928043656666667
Cameroon,1959,0.05491758,-0.3058334983916667
Cameroon,1960,0.05255587,-0.4674952858333333
Cameroon,1961,0.053849176,-0.7606376068833334
Cameroon,1962,0.054219812,-0.7728309516666667
Cameroon,1963,0.055061746,-0.3395716361166667
Cameroon,1964,0.06042942,-0.1987223549166666
Cameroon,1965,0.05459424,-0.3819947234666667
Cameroon,1966,0.059002955,-0.0575723610833333
Cameroon,1967,0.07662366,-1.0298334841666663
Cameroon,1968,0.08254128,-0.90587314475
Cameroon,1969,0.09096704,-0.7127943025
Cameroon,1970,0.09882812,-0.7548481575
Cameroon,1971,0.12215193,-0.9953888275
Cameroon,1972,0.12639631,-0.6785963433333334
Cameroon,1973,0.12819204,-0.3655174521666666
Cameroon,1974,0.13536611,-1.186405025
Cameroon,1975,0.1568913,-1.16793665
Cameroon,1976,0.14332496,-1.09622638
Cameroon,1977,0.19996876,-0.6036473844166667
Cameroon,1978,0.24878165,-0.7785275791666666
Cameroon,1979,0.2203194,-0.7088845491666667
Cameroon,1980,0.45651695,-0.605239875
Cameroon,1981,0.60332686,-0.7764299766666666
Cameroon,1982,0.6995403,-0.8035329175
Cameroon,1983,0.7112582,-0.3594040841666666
Cameroon,1984,0.63882905,-0.6506557454166667
Cameroon,1985,0.6628601,-0.8456978755
Cameroon,1986,0.19812684,-0.58827559225
Cameroon,1987,0.17771146,0.0691744477499999
Cameroon,1988,0.20158885,-0.37951533
Cameroon,1989,0.6887121,-0.7656909671666666
Cameroon,1990,0.22986639,-0.1937456104166666
Cameroon,1991,0.22871427,-0.3413728119166666
Cameroon,1992,0.22590597,-0.6868448241666667
Cameroon,1993,0.23199089,-0.3459475833333333
Cameroon,1994,0.38408658,-0.3599190666666667
Cameroon,1995,0.41158506,-0.26342010575
Cameroon,1996,0.44538093,-0.3499641416666666
Cameroon,1997,0.39046934,-0.2728109361666667
Cameroon,1998,0.37986887,0.4050653839166667
Cameroon,1999,0.35934025,-0.4907666808333333
Cameroon,2000,0.37475514,-0.5494287836666666
Cameroon,2001,0.363333,-0.4179275808333333
Cameroon,2002,0.34025288,-0.2044984484166666
Cameroon,2003,0.35300222,0.02256282165
Cameroon,2004,0.34306493,-0.0198515281666666
Cameroon,2005,0.31765744,0.2500457711166666
Cameroon,2006,0.31258148,0.1374653121666667
Cameroon,2007,0.4104949,-0.0243803639583333
Cameroon,2008,0.39413244,-0.1296561558333333
Cameroon,2009,0.4475776,0.2793812760833333
Cameroon,2010,0.42624137,0.5670010195
Cameroon,2011,0.40059838,0.0187767361666666
Cameroon,2012,0.36538035,-0.0254699390833333
Cameroon,2013,0.36675993,0.133232431
Cameroon,2014,0.39762333,0.0971477814166666
Cameroon,2015,0.43274176,0.2452789991666666
Cameroon,2016,0.42486885,0.4751437475
Cameroon,2017,0.39728317,0.4239974016666667
Cameroon,2018,0.3969762,0.3166933081666667
Cameroon,2019,0.37661535,0.496490955
Cameroon,2020,0.37067682,0.6139796566666667
Cameroon,2021,0.35686532,0.577731455
Cameroon,2022,0.36354846,0.2228342716666667
Cameroon,2023,0.3503871,0.6593166923333333
Canada,1940,9.483877,-0.2826549858333333
Canada,1941,10.331519,-0.9228709058333332
Canada,1942,11.084097,-0.5818985411666666
Canada,1943,11.464969,-0.4787991328333333
Canada,1944,11.450211,0.1321822408333333
Canada,1945,10.452736,-1.3398744223333334
Canada,1946,10.886324,-1.15574828
Canada,1947,11.086596,-0.6511635033333333
Canada,1948,12.02194,-1.347075955
Canada,1949,10.782731,-1.3822041616666667
Canada,1950,11.21651,-2.275660320833333
Canada,1951,11.551171,-1.7244482788333333
Canada,1952,11.006805,-0.3071766108333333
Canada,1953,10.780643,-0.3039370475
Canada,1954,10.638311,-0.9954110103333332
Canada,1955,10.775096,-1.1592017391666667
Canada,1956,11.74551,-1.9168611416666668
Canada,1957,10.985416,-1.1680956358333334
Canada,1958,10.649839,-0.5431181866666667
Canada,1959,10.532479,-1.483618441666667
Canada,1960,10.767023,-0.6484918158333334
Canada,1961,10.622595,-1.2465899097
Canada,1962,11.120438,-1.1266185525
Canada,1963,11.121521,-0.8798812916666666
Canada,1964,12.295948,-1.6160207708333336
Canada,1965,12.797102,-1.7572403583333331
Canada,1966,12.919083,-1.3711677958333333
Canada,1967,13.7998295,-1.6668687841666667
Canada,1968,14.626199,-0.9171204425
Canada,1969,14.598611,-0.6257069691666667
Canada,1970,15.913144,-1.2715849341666667
Canada,1971,16.08938,-1.078324595
Canada,1972,17.12899,-3.066992608333333
Canada,1973,16.936304,-0.3106059483333334
Canada,1974,17.070457,-1.8855110691666663
Canada,1975,17.140617,-1.206178725166667
Canada,1976,17.009153,-1.0753748291666667
Canada,1977,17.184385,-0.1442756491666666
Canada,1978,17.329082,-1.6188646083333331
Canada,1979,18.223146,-1.2419439983333334
Canada,1980,18.05053,-0.6425113508333333
Canada,1981,17.292454,0.957823365
Canada,1982,16.485806,-2.0382133675
Canada,1983,16.068375,-0.9191227858333332
Canada,1984,16.565168,-0.7637505428333333
Canada,1985,16.265356,-1.083632266666667
Canada,1986,15.440394,-1.0794123558333333
Canada,1987,16.238434,0.4692405066666666
Canada,1988,16.921827,-0.3758201001666666
Canada,1989,16.91461,-1.2399389788333333
Canada,1990,16.48165,-1.26879252
Canada,1991,15.973096,-0.611696055
Canada,1992,16.263037,-1.2116589708333334
Canada,1993,16.099571,-0.66951158
Canada,1994,16.42108,-0.5840321025
Canada,1995,16.681225,-0.4881201166666667
Canada,1996,17.056673,-1.1263246746666666
Canada,1997,17.36656,-0.4706737790666667
Canada,1998,17.462479,1.185975385
Canada,1999,17.773731,0.4718208299999999
Canada,2000,18.330502,-0.3468694825
Canada,2001,17.888409,0.6702458625
Canada,2002,17.87598,-0.571176825
Canada,2003,18.243011,-0.0178794891666666
Canada,2004,18.024137,-1.064650725833333
Canada,2005,17.658834,0.5351941158333333
Canada,2006,17.343971,1.427814701666667
Canada,2007,17.88609,-0.2471550991666666
Canada,2008,17.213346,-0.4477346106666667
Canada,2009,16.046993,-0.2717134658333333
Canada,2010,16.221796,2.010591745
Canada,2011,16.301949,0.3061202533333333
Canada,2012,16.156395,0.7627803548333333
Canada,2013,16.117868,-0.2770495366666666
Canada,2014,15.896765,-0.4101943408333333
Canada,2015,15.728859,0.1893162475
Canada,2016,15.3733425,1.0524258908333337
Canada,2017,15.474789,0.4862112808333333
Canada,2018,15.527008,-0.5078126216666666
Canada,2019,15.404461,0.080883904775
Canada,2020,13.795024,0.144869491925
Canada,2021,14.050852,0.9466177958333332
Canada,2022,14.183269,0.1267473649999999
Canada,2023,13.977411,1.894486065
Cape Verde,1950,0.5547343,-0.0804435424999999
Cape Verde,1951,0.4111135,-0.4367826720833334
Cape Verde,1952,0.19345506,-0.5549619895833333
Cape Verde,1953,0.0956578,-0.1847049389166666
Cape Verde,1954,0.113600075,-0.5129795118333333
Cape Verde,1955,0.11240815,0.0331519446666666
Cape Verde,1956,0.14818634,-0.5098869
Cape Verde,1957,0.09148473,-0.6220418675
Cape Verde,1958,0.07217642,0.0536963190833333
Cape Verde,1959,0.08865128,-0.7855704708333334
Cape Verde,1960,0.104550324,-0.5643747650000001
Cape Verde,1961,0.102089785,-0.216533343725
Cape Verde,1962,0.08243009,-0.1613574036166666
Cape Verde,1963,0.06377709,-0.1203967675
Cape Verde,1964,0.12344497,-0.3821082119166666
Cape Verde,1965,0.10452169,-0.5613139491666667
Cape Verde,1966,0.086913206,-0.0490697231666666
Cape Verde,1967,0.070095964,-0.4883755066666667
Cape Verde,1968,0.108403675,-0.6665973658333334
Cape Verde,1969,0.13101795,0.36923647
Cape Verde,1970,0.12708399,0.0221924801666666
Cape Verde,1971,0.124520846,-0.6501951183333333
Cape Verde,1972,0.172416,-0.9493099725
Cape Verde,1973,0.20754485,-0.6176141091666667
Cape Verde,1974,0.21800944,-1.01687924
Cape Verde,1975,0.2516072,-0.8532616316666667
Cape Verde,1976,0.23683402,-0.9700099666666664
Cape Verde,1977,0.25770068,-0.5447762925
Cape Verde,1978,0.6597009,-0.3541351960833332
Cape Verde,1979,0.77996737,0.1065306639166666
Cape Verde,1980,0.374036,-0.0298363349166666
Cape Verde,1981,0.10059209,-0.1733231545
Cape Verde,1982,0.110133216,-0.42294708725
Cape Verde,1983,0.10852502,-0.0147501626666666
Cape Verde,1984,0.24607766,-0.5553221666666667
Cape Verde,1985,0.24263154,-0.4330809891666667
Cape Verde,1986,0.16642112,-0.7967054008333333
Cape Verde,1987,0.22562839,0.3406480225833333
Cape Verde,1988,0.20226946,-0.145440579
Cape Verde,1989,0.21918523,-0.3312060008333333
Cape Verde,1990,0.478264,0.13921022125
Cape Verde,1991,0.42875642,-0.4932065041666666
Cape Verde,1992,0.4563933,-0.2839639966666666
Cape Verde,1993,0.42845058,-0.5362572666666666
Cape Verde,1994,0.4287637,-0.7127542541666667
Cape Verde,1995,0.47326386,0.2118849812916666
Cape Verde,1996,0.5080004,0.1233495109166666
Cape Verde,1997,0.52493685,0.3426518455
Cape Verde,1998,0.5499237,0.4909623438333333
Cape Verde,1999,0.6483053,-0.4688690525
Cape Verde,2000,0.65473896,-0.1653711
Cape Verde,2001,0.7562715,0.1807756404166666
Cape Verde,2002,0.8159465,0.0073372458333333
Cape Verde,2003,0.8747087,0.1223150896666666
Cape Verde,2004,0.88670063,0.194578647
Cape Verde,2005,0.9215159,0.53803285
Cape Verde,2006,1.0080683,0.3525293664166666
Cape Verde,2007,1.0191132,-0.1346484831416666
Cape Verde,2008,0.9355254,0.0767080008333333
Cape Verde,2009,1.0280461,-0.1866928695833333
Cape Verde,2010,1.0925491,0.9068462075
Cape Verde,2011,1.2036511,0.2874178866666667
Cape Verde,2012,0.98056144,-0.0667983670833333
Cape Verde,2013,0.96574855,0.0082125605833333
Cape Verde,2014,0.9512592,-0.4083841665416667
Cape Verde,2015,0.95827305,-0.2993667925
Cape Verde,2016,1.0437748,0.1311178206666667
Cape Verde,2017,1.1216735,0.309127492
Cape Verde,2018,1.113411,-0.7233510016666668
Cape Verde,2019,1.2259234,-0.2189482063333333
Cape Verde,2020,1.0038707,0.4147605833333334
Cape Verde,2021,1.0567663,0.0548283247499999
Cape Verde,2022,1.067888,0.2074383116666666
Cape Verde,2023,1.0242758,1.007055130833333
Central African Republic,1950,0.032694306,-0.8174908946666667
Central African Republic,1951,0.04290075,-0.8017516108333332
Central African Republic,1952,0.054753676,-0.687483635
Central African Republic,1953,0.045439515,-0.9286023783333334
Central African Republic,1954,0.047259014,-0.97015555925
Central African Republic,1955,0.045854427,-0.9528360433333334
Central African Republic,1956,0.05867764,-0.7648178683333334
Central African Republic,1957,0.061929677,-0.62625376425
Central African Republic,1958,0.069809005,-0.2227245908333333
Central African Republic,1959,0.059192635,-0.0454810442583333
Central African Republic,1960,0.051656958,-0.1366618433333333
Central African Republic,1961,0.05069719,-0.4273446416666667
Central African Republic,1962,0.041446254,-0.6714952758333333
Central African Republic,1963,0.040642876,-0.1343235970833333
Central African Republic,1964,0.039836023,0.5567337616666667
Central African Republic,1965,0.046829145,0.128887185
Central African Republic,1966,0.04393645,0.5804130325
Central African Republic,1967,0.046725135,-0.8145284691666667
Central African Republic,1968,0.09136893,-0.7357465466666667
Central African Republic,1969,0.091087766,-0.6638069185416667
Central African Republic,1970,0.09957153,-0.5286342338333333
Central African Republic,1971,0.085550986,-0.9198872133333332
Central African Republic,1972,0.07718163,-0.4016971529166666
Central African Republic,1973,0.07242561,-0.1840682031666666
Central African Republic,1974,0.050052438,-1.0888336541666666
Central African Republic,1975,0.044337783,-1.0284400033333334
Central African Republic,1976,0.054604534,-0.9458753241666668
Central African Republic,1977,0.054043807,-0.6364043541666667
Central African Republic,1978,0.06111989,-0.7634922658333334
Central African Republic,1979,0.042327903,-0.7376688391666667
Central African Republic,1980,0.043361213,-0.5278123275
Central African Republic,1981,0.05470049,-0.6505230341666667
Central African Republic,1982,0.056991506,-0.8005730208333333
Central African Republic,1983,0.057760708,-0.2167928990249999
Central African Republic,1984,0.058485642,-0.844000985
Central African Republic,1985,0.06198484,-0.9046947083333332
Central African Republic,1986,0.061201032,-0.5559612905833333
Central African Republic,1987,0.097465135,0.114661693
Central African Republic,1988,0.085055076,-0.0606109258333333
Central African Republic,1989,0.0894965,-0.5414999295833334
Central African Republic,1990,0.06379112,0.1689769419166666
Central African Republic,1991,0.064299166,-0.2666997966666666
Central African Republic,1992,0.06348648,-0.8022996566666666
Central African Republic,1993,0.06265644,-0.5383526540833333
Central African Republic,1994,0.064105175,-0.3959706665833333
Central African Republic,1995,0.062379796,-0.3087959303333333
Central African Republic,1996,0.061849903,-0.3753194783333333
Central African Republic,1997,0.061211064,-0.3884428241666666
Central African Republic,1998,0.06058208,0.2370023721666666
Central African Republic,1999,0.06189521,-0.5279901845
Central African Republic,2000,0.061172124,-0.5178810805833333
Central African Republic,2001,0.06263337,-0.4300409883333333
Central African Republic,2002,0.060364924,-0.1677794415
Central African Republic,2003,0.054472808,0.0825767521666666
Central African Republic,2004,0.052432917,0.1077480341666666
Central African Republic,2005,0.050405223,0.331794892375
Central African Republic,2006,0.05189414,0.0473020818916666
Central African Republic,2007,0.051724393,-0.0914314599999999
Central African Republic,2008,0.036166295,-0.2442285251666666
Central African Republic,2009,0.035596307,0.2247301741666666
Central African Republic,2010,0.037512958,0.2756784750833334
Central African Republic,2011,0.04093419,-0.2346847824166666
Central African Republic,2012,0.041322067,-0.1935534443333333
Central African Republic,2013,0.025255984,0.2463245349999999
Central African Republic,2014,0.026946153,0.2400830529166666
Central African Republic,2015,0.038782712,0.4557326575
Central African Republic,2016,0.04197548,0.6669348058333333
Central African Republic,2017,0.045098074,0.62169901875
Central African Republic,2018,0.045061998,0.4199668488333333
Central African Republic,2019,0.045942098,0.7336093558333333
Central African Republic,2020,0.047380097,0.7922876692499999
Central African Republic,2021,0.04730473,0.9628191008333332
Central African Republic,2022,0.05306467,0.6095000846666666
Central African Republic,2023,0.054579318,0.9111202591666668
Chad,1950,0.011721647,-1.9830018666666664
Chad,1951,0.015355778,-1.187006332125
Chad,1952,0.019565003,-1.3329439241666667
Chad,1953,0.01620658,-1.6037944358333334
Chad,1954,0.016821885,-1.363777635
Chad,1955,0.016286803,-1.31308078
Chad,1956,0.020793486,-1.3729681875
Chad,1957,0.021894842,-1.1363744716666666
Chad,1958,0.024623565,-0.8817110016666666
Chad,1959,0.020837145,-1.1390897448916666
Chad,1960,0.018020937,-0.590308205
Chad,1961,0.016483756,-1.9487619408333328
Chad,1962,0.026537757,-1.1555074083333332
Chad,1963,0.028264068,-0.7418270145833333
Chad,1964,0.029910738,-1.17751741
Chad,1965,0.031491004,-0.7263441083333334
Chad,1966,0.02449158,-0.5691644214166667
Chad,1967,0.033418518,-1.5846204716666668
Chad,1968,0.034815434,-0.9716916099166668
Chad,1969,0.044155836,-0.1769657166666667
Chad,1970,0.033418145,-0.9569522633333332
Chad,1971,0.03945703,-0.8615927758333334
Chad,1972,0.031057196,-0.2937355066666667
Chad,1973,0.04044693,-0.3126684779999999
Chad,1974,0.036834802,-1.244716011666667
Chad,1975,0.043962553,-1.094432841916667
Chad,1976,0.04309326,-0.2826903683333333
Chad,1977,0.0456772,-1.2544506308333332
Chad,1978,0.04402124,-0.7481969224999999
Chad,1979,0.044729114,-0.5089769408333333
Chad,1980,0.046252217,-0.6215504041666667
Chad,1981,0.046195917,-1.13375663125
Chad,1982,0.04330209,-1.1340866041666666
Chad,1983,0.04120925,-1.151390712083333
Chad,1984,0.04284867,-0.6753942233333333
Chad,1985,0.035229206,-1.0819897625
Chad,1986,0.035586156,-0.6046748185833333
Chad,1987,0.036382172,-0.5407320728333334
Chad,1988,0.011723648,-0.6964891723333334
Chad,1989,0.017628876,-1.5078884666666668
Chad,1990,0.063079566,-0.0124149391666666
Chad,1991,0.06199531,-0.4311006891666666
Chad,1992,0.06281519,-1.16868940425
Chad,1993,0.0607986,-0.4675884302499999
Chad,1994,0.06075192,-0.9948638166666668
Chad,1995,0.06029205,-0.545670842
Chad,1996,0.059812866,-0.4134030330833333
Chad,1997,0.059071407,-0.5936134675
Chad,1998,0.058426905,-0.1682891873333333
Chad,1999,0.058040258,-0.3811648641666667
Chad,2000,0.057273246,-0.8324994933333333
Chad,2001,0.057427317,-0.3781234353333333
Chad,2002,0.05786974,-0.2011655193333333
Chad,2003,0.0930054,-0.0280947716666666
Chad,2004,0.090981185,-0.0178732837499999
Chad,2005,0.08962992,0.3485228171249999
Chad,2006,0.08975495,0.2478618533333333
Chad,2007,0.09826687,0.1253579458333333
Chad,2008,0.07602337,-0.32586892175
Chad,2009,0.102242775,0.6982294649999999
Chad,2010,0.100385986,1.0052814470833331
Chad,2011,0.09980041,0.10153117975
Chad,2012,0.13193196,0.20613050175
Chad,2013,0.15181446,0.7288865971666666
Chad,2014,0.15383999,0.4819782614999999
Chad,2015,0.16055205,0.3046026324999999
Chad,2016,0.15709619,0.6365992256666666
Chad,2017,0.15004851,0.4362770773333333
Chad,2018,0.14752656,0.7248902233333333
Chad,2019,0.13781506,0.4953047466666667
Chad,2020,0.13680673,0.4065403958333333
Chad,2021,0.14977048,0.6546281158333334
Chad,2022,0.16281013,0.0429708249999999
Chad,2023,0.15939671,1.1625898488333333
Chile,1940,0.9836396,-1.2045762725
Chile,1941,0.9422513,-0.6299785754999999
Chile,1942,0.93518984,-1.0340142691666667
Chile,1943,0.9621311,-0.6254567333333334
Chile,1944,0.92697066,-0.5368607815
Chile,1945,0.8689729,-1.0946694866666666
Chile,1946,0.8572135,-1.0733369941666666
Chile,1947,0.8719314,-0.9344779683333332
Chile,1948,0.90363616,-1.2202721408333332
Chile,1949,0.79846287,-1.1966405083333334
Chile,1950,1.415741,-1.2229938866666668
Chile,1951,1.4773037,-0.8420001200000001
Chile,1952,1.5386066,-0.5560177965
Chile,1953,1.4790194,-0.7681488930833335
Chile,1954,1.5431306,-1.4427874008333337
Chile,1955,1.5816381,-1.3465298216666668
Chile,1956,1.5797614,-1.0387349866666666
Chile,1957,1.5324963,-0.5973976191666667
Chile,1958,1.5930246,-0.3648028441666666
Chile,1959,1.591227,-0.65911659125
Chile,1960,1.6528836,-0.1921004858333333
Chile,1961,1.736349,-0.2881747925958333
Chile,1962,1.9662657,-0.0957122644999999
Chile,1963,1.9996297,-0.4730176916666667
Chile,1964,1.979663,-0.5721957558333334
Chile,1965,1.9691002,-0.6055353225000001
Chile,1966,2.0445576,-0.6821155141666667
Chile,1967,2.0578208,-0.7601495396666667
Chile,1968,2.2283738,-0.334694142
Chile,1969,2.3275735,-0.4131263086666667
Chile,1970,2.502291,-0.5803564766666667
Chile,1971,2.702968,-1.028662848333333
Chile,1972,2.7656043,-0.5744948833333333
Chile,1973,2.6680477,-0.61137901
Chile,1974,2.463217,-0.8258944516666666
Chile,1975,2.1502724,-0.86220510725
Chile,1976,2.217053,-0.9800280808333334
Chile,1977,2.091405,-0.0848062430833333
Chile,1978,2.0444589,-0.0008881480833333
Chile,1979,2.180799,0.0172489473333333
Chile,1980,2.1809907,-0.2665283664166666
Chile,1981,2.0847514,-0.2077601741666666
Chile,1982,1.7278464,-0.1074494945833333
Chile,1983,1.7191004,-0.0784230249166666
Chile,1984,1.8025261,-0.7866060074166668
Chile,1985,1.7177767,-0.2255975425
Chile,1986,1.7493569,-0.4919379988333333
Chile,1987,1.7521499,-0.09562655425
Chile,1988,2.0462496,-0.3485323378333333
Chile,1989,2.422847,-0.2627911989166666
Chile,1990,2.449042,-0.2947145666666667
Chile,1991,2.2610767,-0.47179263625
Chile,1992,2.3047705,-0.6397907183333333
Chile,1993,2.4179065,-0.17732246625
Chile,1994,2.6525784,0.089854918375
Chile,1995,2.8609893,-0.1255786759166666
Chile,1996,3.2731285,-0.2379583946666666
Chile,1997,3.7463524,0.0670313833333333
Chile,1998,3.7849958,0.5117601971666667
Chile,1999,4.008547,-0.0665893958333333
Chile,2000,3.7734895,-0.5600953025000001
Chile,2001,3.3740773,-0.22755793625
Chile,2002,3.457938,-0.4228448704166667
Chile,2003,3.4384542,0.2261629080833333
Chile,2004,3.658951,0.2869145865
Chile,2005,3.7389753,-0.1612845668333333
Chile,2006,3.8797834,0.2471751356916667
Chile,2007,4.227355,-0.5021314584166666
Chile,2008,4.189846,0.0587439512499999
Chile,2009,3.8777807,-0.0717339539166666
Chile,2010,4.1525984,-0.3426153393333333
Chile,2011,4.499339,-0.1230596289166666
Chile,2012,4.54481,0.1158527129999999
Chile,2013,4.6213045,0.1850517175
Chile,2014,4.3433294,0.0023326541666666
Chile,2015,4.5314765,0.390502217
Chile,2016,4.612125,0.6947465266666666
Chile,2017,4.5336003,0.2048903308333333
Chile,2018,4.4692864,0.1216924555833333
Chile,2019,4.791046,0.4728645105416666
Chile,2020,4.1391754,0.4547815347499999
Chile,2021,4.29965,0.409231185
Chile,2022,4.221193,-0.2387685924166666
Chile,2023,3.9314575,0.5281774158333333
China,1940,0.17756674,-1.15448207
China,1941,0.22169025,-0.71813693375
China,1942,0.24687532,-0.4685265535833333
China,1943,0.20974888,-0.5564996817833333
China,1944,0.19717897,-0.6240137103333333
China,1945,0.1064322,-1.0119834330833333
China,1946,0.06839545,-0.0767149511666666
China,1947,0.078831576,-0.6715756012499999
China,1948,0.07197712,-0.4012641738333333
China,1949,0.11541034,-0.2183672599999999
China,1950,0.14490601,-0.57213413875
China,1951,0.18440397,-0.7673561788333333
China,1952,0.22649482,-0.8493011246666667
China,1953,0.23163576,-0.2738576291666666
China,1954,0.27262098,-1.1451345315
China,1955,0.31566966,-1.0070354408333333
China,1956,0.35004622,-1.4664853016666666
China,1957,0.40577847,-1.5566678631666668
China,1958,0.8143453,-0.6894456400000001
China,1959,1.1033286,-0.7291372991666667
China,1960,1.2199106,-0.7599230325
China,1961,0.8701637,-0.7079025380833333
China,1962,0.6910785,-1.0299714258333337
China,1963,0.66726714,-0.7498572741666667
China,1964,0.65357304,-0.8713106058333334
China,1965,0.6915614,-1.0098992716666666
China,1966,0.74011,-0.9903899368333334
China,1967,0.604744,-1.421368235
China,1968,0.6344425,-1.1050317533333334
China,1969,0.75757736,-1.2076387391666668
China,1970,0.9813481,-1.246060115
China,1971,1.0771736,-0.99718256
China,1972,1.1215359,-1.05773152375
China,1973,1.1424416,-0.6870084995
China,1974,1.141943,-1.0928294275
China,1975,1.2915548,-0.6251765954166667
China,1976,1.3182049,-1.2699073560833334
China,1977,1.4210548,-1.0550675016666666
China,1978,1.5612195,-0.7403094691666667
China,1979,1.5740019,-0.7569039774999999
China,1980,1.5200889,-0.8555875999999999
China,1981,1.4798604,-0.8279702573333334
China,1982,1.5850471,-0.6232847174999999
China,1983,1.6463654,-0.9155451735833332
China,1984,1.7673312,-1.1351921711666666
China,1985,1.8853258,-1.0769286281666666
China,1986,1.9533492,-0.9154486549166668
China,1987,2.059572,-0.429950505
China,1988,2.175213,-0.4740890600833333
China,1989,2.172552,-0.592587745
China,1990,2.1540327,-0.2066750747458333
China,1991,2.2259326,-0.5135962341666667
China,1992,2.3052905,-0.78253235
China,1993,2.4401822,-0.646149095
China,1994,2.5671887,-0.0366465031666666
China,1995,2.755138,-0.3772266481666667
China,1996,2.8505082,-0.6974076641666667
China,1997,2.8325536,-0.3580364316666666
China,1998,2.6898472,0.40679321875
China,1999,2.822838,0.2438117160833333
China,2000,2.8743548,-0.3995771683333333
China,2001,2.9158025,-0.0054116274999999
China,2002,3.1884003,0.1292891397666666
China,2003,3.7397096,-0.079742455
China,2004,4.0068736,0.096488583
China,2005,4.4900646,-0.2412378565833333
China,2006,4.9272113,0.3330972974166666
China,2007,5.267368,0.5361271025000001
China,2008,5.6240664,-0.0006986326666666
China,2009,5.877799,0.2096554245
China,2010,6.3782344,-0.0085947216666666
China,2011,7.0077763,-0.2718250853333333
China,2012,7.140667,-0.5516753388333333
China,2013,7.2199216,0.2028877666666666
China,2014,7.1978407,0.1264647171666666
China,2015,7.0648346,0.4747642106666667
China,2016,6.9532394,0.5781517295833333
China,2017,7.084865,0.5872943270833334
China,2018,7.2818375,0.2395418299999999
China,2019,7.5264006,0.3851912699166667
China,2020,7.6471825,0.4208035185833333
China,2021,8.025529,0.6375993629166666
China,2022,7.964287,0.5990716841666667
China,2023,8.366814,0.7865262125
Colombia,1940,0.46177876,-0.8067170738333332
Colombia,1941,0.41606894,-0.7287352883333332
Colombia,1942,0.44001704,-1.4660550833333332
Colombia,1943,0.3962257,-1.5907669083333331
Colombia,1944,0.48294553,-0.9472972483333332
Colombia,1945,0.45744348,-1.1512173083333332
Colombia,1946,0.5417513,-1.35414235
Colombia,1947,0.53739357,-1.188546495
Colombia,1948,0.46363652,-1.2406107683333334
Colombia,1949,0.51207066,-1.2368267333333334
Colombia,1950,0.6171388,-1.2532658666666667
Colombia,1951,0.6759338,-1.0768802825
Colombia,1952,0.69590205,-0.7578557329166666
Colombia,1953,0.84428805,-0.5729864416666667
Colombia,1954,0.7344165,-1.1300342916666668
Colombia,1955,0.88651943,-1.3060306
Colombia,1956,0.90891963,-1.515261016666667
Colombia,1957,0.956591,-0.34910631325
Colombia,1958,0.95124394,-0.0274812385
Colombia,1959,1.0628043,-0.4848299078333333
Colombia,1960,1.0502579,-0.6014067308333334
Colombia,1961,1.1305451,-0.5125829408333333
Colombia,1962,1.1699206,-0.529029211
Colombia,1963,1.240684,-0.2378942155833333
Colombia,1964,1.2293755,-0.3641665766666666
Colombia,1965,1.2581172,-0.2988793094166667
Colombia,1966,1.2551272,-0.226554075
Colombia,1967,1.2833949,-0.5035386058333333
Colombia,1968,1.3443159,-0.5099093138333334
Colombia,1969,1.3806638,-0.0604553219166666
Colombia,1970,1.3631748,-0.387714705
Colombia,1971,1.4203922,-0.9469383516666668
Colombia,1972,1.4402326,-0.3828442911666667
Colombia,1973,1.5063941,-0.2592422155
Colombia,1974,1.5939097,-0.7117911933333333
Colombia,1975,1.5339327,-0.8429727466666667
Colombia,1976,1.591857,-0.6432706533333333
Colombia,1977,1.6086683,-0.2787267375
Colombia,1978,1.6646796,-0.3481882395
Colombia,1979,1.7348971,-0.2424573908333333
Colombia,1980,1.6922113,-0.0085744878333333
Colombia,1981,1.6568701,-0.3464563696666666
Colombia,1982,1.6708915,-0.4290819183333333
Colombia,1983,1.7582328,-0.08714802625
Colombia,1984,1.7003158,-0.8643705033333333
Colombia,1985,1.642709,-0.6424956366666666
Colombia,1986,1.6317208,-0.7146237658333333
Colombia,1987,1.6434406,-0.0737595540833333
Colombia,1988,1.6747142,-0.3185489939166666
Colombia,1989,1.6705023,-0.7336266791666667
Colombia,1990,1.7539368,-0.44140307
Colombia,1991,1.7116902,-0.2481519413333333
Colombia,1992,1.8214965,-0.2405753133333333
Colombia,1993,1.8390003,-0.4729102416666667
Colombia,1994,1.908409,-0.4631128328333333
Colombia,1995,1.6595831,-0.1947102571666666
Colombia,1996,1.6431228,-0.658294525
Colombia,1997,1.7579273,-0.1130854306833333
Colombia,1998,1.7410719,0.1079188975
Colombia,1999,1.4426227,-0.7704380358333333
Colombia,2000,1.4477241,-0.5721858383333333
Colombia,2001,1.4316118,-0.3697141005833333
Colombia,2002,1.3862796,-0.121241888
Colombia,2003,1.4016063,-0.1166671114166666
Colombia,2004,1.3154225,-0.0670270914166666
Colombia,2005,1.4280355,0.1491891510833333
Colombia,2006,1.4594254,-0.0456929215416666
Colombia,2007,1.3991219,0.06693776475
Colombia,2008,1.5302994,-0.1168425878333333
Colombia,2009,1.6367329,0.1652353581166666
Colombia,2010,1.7032403,0.4192740116666666
Colombia,2011,1.6841562,0.0174832364166666
Colombia,2012,1.7555273,0.0202574744166666
Colombia,2013,1.90903,0.1833753544583333
Colombia,2014,2.0203397,0.3255402241666666
Colombia,2015,2.0877993,0.5573178908333334
Colombia,2016,1.9859419,0.6878498466666666
Colombia,2017,1.7994725,0.4330309238333333
Colombia,2018,1.7691385,0.2453997908333333
Colombia,2019,1.893445,0.529855096575
Colombia,2020,1.7723011,0.6619998608333334
Colombia,2021,1.842679,0.2398749972499999
Colombia,2022,1.8998168,0.0840619409999999
Colombia,2023,2.0114,0.8173443595
Comoros,1959,0.056585707,-0.4260644936666666
Comoros,1960,0.055608958,-0.6004163433333333
Comoros,1961,0.05464144,-0.36653264325
Comoros,1962,0.05370649,-0.6076232605
Comoros,1963,0.052807562,-0.5454400380000001
Comoros,1964,0.051946826,-0.6158056305
Comoros,1965,0.06818869,-0.7666991646666667
Comoros,1966,0.08379684,-0.1836670233333333
Comoros,1967,0.08185149,-0.269901277
Comoros,1968,0.07957952,-0.6057089175
Comoros,1969,0.07731393,-0.1901119555
Comoros,1970,0.12006079,-0.2885699268333333
Comoros,1971,0.11639044,-0.7815607333333333
Comoros,1972,0.112718955,-0.3477212585
Comoros,1973,0.10905492,-0.2912929876666666
Comoros,1974,0.1054233,-0.8295664758333333
Comoros,1975,0.114634536,-0.6619520216666667
Comoros,1976,0.13547336,-0.6907504408333334
Comoros,1977,0.13105117,-0.11667951
Comoros,1978,0.092280276,-0.3500504488333333
Comoros,1979,0.06707285,-0.1088662136666666
Comoros,1980,0.14105496,-0.28919776425
Comoros,1981,0.1371301,-0.2720704080833333
Comoros,1982,0.13338748,0.0238393140833333
Comoros,1983,0.12971924,0.0230976705
Comoros,1984,0.12614441,-0.6225492175
Comoros,1985,0.122661404,-0.6144132641666666
Comoros,1986,0.110117935,-0.3598432573333333
Comoros,1987,0.116065204,0.0623340609166666
Comoros,1988,0.12165655,0.0856550523333333
Comoros,1989,0.11845119,-0.5611282966666666
Comoros,1990,0.14835477,-0.1579047863333333
Comoros,1991,0.14478366,-0.2427426930833333
Comoros,1992,0.14968768,-0.2946535726416666
Comoros,1993,0.15471862,-0.3593810378333333
Comoros,1994,0.15200292,-0.2491903321666666
Comoros,1995,0.15685444,-0.1944344820833333
Comoros,1996,0.16151674,-0.4641671216666667
Comoros,1997,0.16597831,-0.0123871165833333
Comoros,1998,0.17732625,0.2309808696666666
Comoros,1999,0.18116331,-0.2547219580833333
Comoros,2000,0.19139013,-0.17152356925
Comoros,2001,0.19419193,-0.0853983553333333
Comoros,2002,0.19012447,0.0038065918333333
Comoros,2003,0.23794003,0.1019797333333333
Comoros,2004,0.25240114,-0.1732489266666666
Comoros,2005,0.241123,-0.0123055780499999
Comoros,2006,0.27266142,-0.1248927124166666
Comoros,2007,0.1722466,0.1565599431666666
Comoros,2008,0.17467915,-0.339737254125
Comoros,2009,0.21119833,0.05687205
Comoros,2010,0.24620949,0.3679763474166666
Comoros,2011,0.21390848,0.0347901971691666
Comoros,2012,0.22577664,-0.018588383543
Comoros,2013,0.26315904,0.0644888878333333
Comoros,2014,0.22659819,0.1913844735833333
Comoros,2015,0.24708104,0.3314131148333333
Comoros,2016,0.2815828,0.167847635
Comoros,2017,0.3438211,0.2763509755733334
Comoros,2018,0.37041378,0.1347875597999999
Comoros,2019,0.3959646,0.5333539625
Comoros,2020,0.46592182,0.3447864805833333
Comoros,2021,0.6090746,0.1426741275
Comoros,2022,0.54057914,-0.0821832010833333
Comoros,2023,0.52771086,0.642896975
Congo,1950,0.106327035,-0.6971704033333334
Congo,1951,0.13871801,-0.8294914633333333
Congo,1952,0.17597526,-0.7491426589166666
Congo,1953,0.14512339,-0.8592120891666667
Congo,1954,0.1499603,-0.8578950641666667
Congo,1955,0.14454304,-0.8755232475
Congo,1956,0.18370378,-0.8621068075
Congo,1957,0.19253387,-0.5825254139166667
Congo,1958,0.21547867,-0.4330135906333333
Congo,1959,0.1814004,-0.5911545783333333
Congo,1960,0.21151291,-0.6861631158333333
Congo,1961,0.24666734,-0.9457591408333332
Congo,1962,0.2139537,-0.8935879091666666
Congo,1963,0.20511761,-0.5563030344166667
Congo,1964,0.2276807,-0.4967455821666666
Congo,1965,0.2032458,-0.6821139640833334
Congo,1966,0.24770725,-0.3306101208333333
Congo,1967,0.25216615,-1.1356536558333332
Congo,1968,0.3423339,-0.9352312116666668
Congo,1969,0.37014306,-0.7534600866666666
Congo,1970,0.4089789,-0.6781562191666667
Congo,1971,0.4754796,-0.9624288891666666
Congo,1972,0.44615713,-0.7854663424999999
Congo,1973,0.79556715,-0.49152025
Congo,1974,1.0258473,-1.1235302333333337
Congo,1975,0.6756113,-1.0386600583333332
Congo,1976,0.74062866,-1.1746085466666667
Congo,1977,0.28109908,-0.7788879025000001
Congo,1978,0.18445249,-0.7408617358333333
Congo,1979,0.19462337,-0.6616269708333333
Congo,1980,0.22172837,-0.6965227075000001
Congo,1981,0.25176257,-0.6798439016666666
Congo,1982,0.70305455,-0.7826153358333333
Congo,1983,0.585789,-0.3007149666666667
Congo,1984,0.5698993,-0.6046670283333334
Congo,1985,0.6192584,-0.8124737725000001
Congo,1986,0.50098985,-0.5832087166666667
Congo,1987,0.6045969,-0.0524636900833333
Congo,1988,0.6642358,-0.3907286341666666
Congo,1989,0.6464736,-0.5459920605
Congo,1990,0.42339945,-0.3485741616666666
Congo,1991,0.44210425,-0.3227721833333333
Congo,1992,0.51168936,-0.6185951199999999
Congo,1993,0.4471718,-0.45705350525
Congo,1994,1.2659019,-0.429061095
Congo,1995,1.1728568,-0.3014605858333333
Congo,1996,1.4282908,-0.5635547633333333
Congo,1997,1.672744,-0.2472127275
Congo,1998,1.3107198,0.4029630005833333
Congo,1999,1.2910635,-0.4921946491666666
Congo,2000,1.3595166,-0.5671680766666667
Congo,2001,1.2766454,-0.4626205773333333
Congo,2002,0.81184644,-0.11768118475
Congo,2003,0.9455596,0.0294658344166666
Congo,2004,0.9952582,-0.0042657855833333
Congo,2005,1.1774173,0.2263480808333333
Congo,2006,1.247178,-0.0375916140833333
Congo,2007,1.0700765,0.033228397725
Congo,2008,1.0381178,-0.0983651474999999
Congo,2009,1.1547453,0.0933265680833333
Congo,2010,1.2325504,0.4105013233333333
Congo,2011,1.0947438,0.0729802447083333
Congo,2012,1.0585629,0.0426594406666666
Congo,2013,1.2127465,0.1973543134583333
Congo,2014,1.0995314,0.1756761867916666
Congo,2015,1.1057667,0.3662365270833334
Congo,2016,1.0970358,0.6954725525000001
Congo,2017,1.0563734,0.3377254812499999
Congo,2018,1.1939441,0.35746558375
Congo,2019,1.2985791,0.6233406108333334
Congo,2020,1.334546,0.6548673325
Congo,2021,1.2583876,0.5659445091666667
Congo,2022,1.3440192,0.3787946691666666
Congo,2023,1.2412342,0.5798142785
Cook Islands,1969,0.5478469,-0.4371010474999999
Cook Islands,1970,0.5370859,-0.0567782733333333
Cook Islands,1971,0.5272954,-0.2039009760833333
Cook Islands,1972,0.5297605,-0.4707034475
Cook Islands,1973,0.54494077,0.2388226205833333
Cook Islands,1974,0.5625384,-0.0774615610833333
Cook Islands,1975,0.7763123,-0.292447722
Cook Islands,1976,0.8039054,-0.446241058
Cook Islands,1977,1.6384573,-0.8297300348333333
Cook Islands,1978,1.6437864,-0.5060529685833334
Cook Islands,1979,1.4447136,-0.4485731109999999
Cook Islands,1980,1.6581999,-0.2067035025
Cook Islands,1981,3.7513225,-0.42353344025
Cook Islands,1982,2.939262,-0.6857099591666667
Cook Islands,1983,2.9712696,-0.6269254686666667
Cook Islands,1984,1.2894598,-0.5724617608333333
Cook Islands,1985,1.3074042,-0.4133354783333333
Cook Islands,1986,1.3248961,-0.4025475208333333
Cook Islands,1987,1.3280976,-0.8950376491666666
Cook Islands,1988,1.3139681,0.1252946835
Cook Islands,1989,1.2991372,-0.0031588910833333
Cook Islands,1990,2.5704765,-0.1507342641666666
Cook Islands,1991,2.5429728,0.0575278628333333
Cook Islands,1992,2.5195117,-0.2526019391666667
Cook Islands,1993,2.7109847,-0.4019422583333333
Cook Islands,1994,2.6967106,-0.552673655
Cook Islands,1995,2.6831906,-0.1538063666666666
Cook Islands,1996,2.8761425,0.1220877970833333
Cook Islands,1997,2.9143798,-0.5866244653333333
Cook Islands,1998,2.7931743,-0.3932676341666667
Cook Islands,1999,3.1164033,0.21486632165
Cook Islands,2000,3.2389972,0.09073606975
Cook Islands,2001,3.3727398,-0.2872877123333333
Cook Islands,2002,2.942578,-0.0169172254166666
Cook Islands,2003,3.4190495,0.00841236
Cook Islands,2004,3.6501296,0.1721188216666666
Cook Islands,2005,4.1236677,0.1007382083333333
Cook Islands,2006,4.3398037,0.0416104033333333
Cook Islands,2007,4.2623925,0.2325614316666666
Cook Islands,2008,4.1333666,0.1101299904166666
Cook Islands,2009,4.008509,-0.1607491165
Cook Islands,2010,4.3222837,0.4753007916666667
Cook Islands,2011,4.6241393,0.364041326875
Cook Islands,2012,4.777866,-0.0042448024999999
Cook Islands,2013,4.7958117,0.27929147025
Cook Islands,2014,4.602752,-0.02822907875
Cook Islands,2015,4.415218,-0.5627749873333333
Cook Islands,2016,4.0217214,0.10679595
Cook Islands,2017,4.5184097,0.3249966305
Cook Islands,2018,4.6390934,0.1075588884166666
Cook Islands,2019,4.77735,0.2343441623333333
Cook Islands,2020,4.222279,0.35799376
Cook Islands,2021,4.5926905,0.481811201
Cook Islands,2022,4.8471375,0.36867745575
Cook Islands,2023,5.1297364,-0.0532407811666666
Costa Rica,1940,0.005616865,-0.6125782308333334
Costa Rica,1941,0.00054438756,-0.5657226288866667
Costa Rica,1942,0.0010593951,-1.1262316733333333
Costa Rica,1943,0.0009523364,-1.353451575
Costa Rica,1944,0.007911249,-1.035128435
Costa Rica,1945,0.0004771344,-1.1201146391666663
Costa Rica,1946,0.00046140113,-1.068405625
Costa Rica,1947,0.00044618716,-0.8203924491666666
Costa Rica,1948,0.008647564,-0.8573940675
Costa Rica,1949,0.00041698824,-0.266863664225
Costa Rica,1950,0.3088041,-0.6512872376666666
Costa Rica,1951,0.3257708,-0.3808151923333333
Costa Rica,1952,0.39161402,-0.3281663229416666
Costa Rica,1953,0.42100057,-0.177561761375
Costa Rica,1954,0.38221905,-0.6843169508333333
Costa Rica,1955,0.3155757,-0.4936237354
Costa Rica,1956,0.4228439,-0.969150215
Costa Rica,1957,0.38906848,-0.3259755826666666
Costa Rica,1958,0.36297318,-0.1407394436916666
Costa Rica,1959,0.30090594,-0.4512983925
Costa Rica,1960,0.36986458,-0.5365317683333334
Costa Rica,1961,0.3563297,-0.4062310825
Costa Rica,1962,0.3844986,-0.7554108258333333
Costa Rica,1963,0.4055836,-0.5978250500000001
Costa Rica,1964,0.43943483,-0.5436754241666667
Costa Rica,1965,0.53330356,-0.5092051841666667
Costa Rica,1966,0.60587555,-0.3851815841666666
Costa Rica,1967,0.51805884,-0.62773895
Costa Rica,1968,0.5957288,-0.69233688
Costa Rica,1969,0.6405956,0.0021061908333333
Costa Rica,1970,0.6790399,-0.5295821871666667
Costa Rica,1971,0.80859417,-0.8676837241666666
Costa Rica,1972,0.90873605,-0.3016387629166666
Costa Rica,1973,1.027717,-0.3846624670583333
Costa Rica,1974,0.93356097,-0.8547301358333333
Costa Rica,1975,0.9728527,-0.7258070364333333
Costa Rica,1976,0.96933305,-0.6481653900000001
Costa Rica,1977,1.182504,-0.1814376511666666
Costa Rica,1978,1.2859728,-0.2951466224166666
Costa Rica,1979,1.1953804,-0.3450069424999999
Costa Rica,1980,1.0242057,-0.12699365575
Costa Rica,1981,0.91028893,-0.3496823338333333
Costa Rica,1982,0.820125,-0.0551776874166666
Costa Rica,1983,0.80490476,0.323305616
Costa Rica,1984,0.74260986,-0.5114649235000001
Costa Rica,1985,0.81785965,-0.6202195558333333
Costa Rica,1986,0.914938,-0.4537113520833333
Costa Rica,1987,0.9416526,0.4657003099999999
Costa Rica,1988,0.9790674,-0.1226444226666666
Costa Rica,1989,0.96371937,-0.3974088019166666
Costa Rica,1990,0.93316454,0.01779826525
Costa Rica,1991,1.0267868,-0.0823583608333333
Costa Rica,1992,1.1393496,-0.0309321074999999
Costa Rica,1993,1.1554636,-0.2533693308333333
Costa Rica,1994,1.5067313,-0.0878432584783333
Costa Rica,1995,1.3580168,-0.2073238682
Costa Rica,1996,1.2949463,-0.5542192508333333
Costa Rica,1997,1.3281016,-0.1422603919166666
Costa Rica,1998,1.3836629,0.1922504108333333
Costa Rica,1999,1.4079974,-0.9116670333333332
Costa Rica,2000,1.3698102,-0.6384615841666667
Costa Rica,2001,1.4134953,-0.37862778225
Costa Rica,2002,1.5323646,0.0865772561166666
Costa Rica,2003,1.590468,0.0674161918333333
Costa Rica,2004,1.628959,0.0503252353333333
Costa Rica,2005,1.577824,0.1311086
Costa Rica,2006,1.6214393,0.0485428160833333
Costa Rica,2007,1.817438,0.0361040434999999
Costa Rica,2008,1.7995332,-0.1994546258333333
Costa Rica,2009,1.721821,0.1577722244166666
Costa Rica,2010,1.6445944,0.25093078675
Costa Rica,2011,1.5859368,-0.08695093625
Costa Rica,2012,1.5566587,-0.0011065794166666
Costa Rica,2013,1.6181831,0.1509593323333333
Costa Rica,2014,1.6253791,0.2672829636666666
Costa Rica,2015,1.537158,0.5045568134166666
Costa Rica,2016,1.6141378,0.5062764543333333
Costa Rica,2017,1.6341954,0.2320691729166666
Costa Rica,2018,1.6161269,0.0582909590833333
Costa Rica,2019,1.5398297,0.4311844508333333
Costa Rica,2020,1.344883,0.4029178641666666
Costa Rica,2021,1.5113176,-0.0541836408833333
Costa Rica,2022,1.5442157,-0.1493474629999999
Costa Rica,2023,1.621601,0.6786120786666667
Cote d'Ivoire,1950,0.20154339,-1.3003891308333333
Cote d'Ivoire,1951,0.16407208,-1.0103476833333334
Cote d'Ivoire,1952,0.17861764,-0.9954552646666668
Cote d'Ivoire,1953,0.1444241,-0.7801914191666667
Cote d'Ivoire,1954,0.16550282,-1.2666730808333333
Cote d'Ivoire,1955,0.1603582,-1.3258808525
Cote d'Ivoire,1956,0.18030894,-1.52085383
Cote d'Ivoire,1957,0.17914325,-1.4166200916666665
Cote d'Ivoire,1958,0.1450651,-0.9120459566666668
Cote d'Ivoire,1959,0.15383236,-0.8728510491666667
Cote d'Ivoire,1960,0.12566999,-0.7715201441666667
Cote d'Ivoire,1961,0.14520976,-0.8443320491666667
Cote d'Ivoire,1962,0.14815624,-1.0404903091666666
Cote d'Ivoire,1963,0.15147771,-0.6689316425
Cote d'Ivoire,1964,0.1783176,-0.8594271293333332
Cote d'Ivoire,1965,0.26393327,-1.0301688516666667
Cote d'Ivoire,1966,0.26820564,-0.6491281146666666
Cote d'Ivoire,1967,0.28321484,-1.036715031666667
Cote d'Ivoire,1968,0.32014307,-0.9070394916666666
Cote d'Ivoire,1969,0.36412928,-0.6904857908333333
Cote d'Ivoire,1970,0.41436896,-0.5650259645
Cote d'Ivoire,1971,0.43442884,-1.09174411
Cote d'Ivoire,1972,0.45880058,-0.7233670516666666
Cote d'Ivoire,1973,0.46504182,-0.2704879445499999
Cote d'Ivoire,1974,0.50086987,-0.9388704333333332
Cote d'Ivoire,1975,0.5882939,-1.003926755
Cote d'Ivoire,1976,0.5611833,-1.240339100833333
Cote d'Ivoire,1977,0.5534607,-0.5147905375
Cote d'Ivoire,1978,0.63322943,-0.6837798808333333
Cote d'Ivoire,1979,0.6857641,-0.5287888810833333
Cote d'Ivoire,1980,0.6774732,-0.5107809638333333
Cote d'Ivoire,1981,0.4517615,-0.34128920475
Cote d'Ivoire,1982,0.6235621,-0.6073069545833333
Cote d'Ivoire,1983,0.4872059,-0.0681333575833333
Cote d'Ivoire,1984,0.5319183,-0.3483360666666666
Cote d'Ivoire,1985,0.69554603,-0.6029324527500001
Cote d'Ivoire,1986,0.53411275,-0.4879876771666667
Cote d'Ivoire,1987,0.6773285,0.2826194723333333
Cote d'Ivoire,1988,0.78088534,-0.1532716788333333
Cote d'Ivoire,1989,0.70530576,-0.3266987789166667
Cote d'Ivoire,1990,0.3922582,-0.2082448016666666
Cote d'Ivoire,1991,0.33971348,-0.3362084995833334
Cote d'Ivoire,1992,0.2911712,-0.4645271345
Cote d'Ivoire,1993,0.37077698,-0.3064203225833333
Cote d'Ivoire,1994,0.28928006,-0.3342224788333333
Cote d'Ivoire,1995,0.41905874,-0.388039745
Cote d'Ivoire,1996,0.4873639,-0.4919134834166667
Cote d'Ivoire,1997,0.4493789,-0.3186133713833333
Cote d'Ivoire,1998,0.4053965,0.2366859091666666
Cote d'Ivoire,1999,0.35385394,-0.5832732513333333
Cote d'Ivoire,2000,0.37480024,-0.4286777159166666
Cote d'Ivoire,2001,0.42080086,-0.2883981043333333
Cote d'Ivoire,2002,0.39937147,-0.1115860939166666
Cote d'Ivoire,2003,0.27714443,0.1116789176666666
Cote d'Ivoire,2004,0.37694725,0.0707791611666666
Cote d'Ivoire,2005,0.3769282,0.1454925525
Cote d'Ivoire,2006,0.33519825,0.1613621708333333
Cote d'Ivoire,2007,0.3163626,0.22576268475
Cote d'Ivoire,2008,0.31200534,0.0744840280833333
Cote d'Ivoire,2009,0.2572949,0.135784628
Cote d'Ivoire,2010,0.27680278,0.4612429970833333
Cote d'Ivoire,2011,0.28383884,0.0522631000833333
Cote d'Ivoire,2012,0.3639151,-0.017723721
Cote d'Ivoire,2013,0.40433925,0.13155635225
Cote d'Ivoire,2014,0.40376273,0.1439050051666666
Cote d'Ivoire,2015,0.3784612,0.1857089975
Cote d'Ivoire,2016,0.46106344,0.5506367683333333
Cote d'Ivoire,2017,0.4489491,0.403631375
Cote d'Ivoire,2018,0.37922928,0.13678646
Cote d'Ivoire,2019,0.37367776,0.37437995225
Cote d'Ivoire,2020,0.38095695,0.4674681008333333
Cote d'Ivoire,2021,0.46117318,0.4954090091666667
Cote d'Ivoire,2022,0.44888514,0.1094328565833333
Cote d'Ivoire,2023,0.42340288,0.6794923224999999
Croatia,1940,0.48808113,-3.5926297108333336
Croatia,1943,0.016811034,-0.6460112883333332
Croatia,1944,0.0041896873,-1.5023043625
Croatia,1945,0.23464467,-1.2961778607
Croatia,1946,0.45706353,-0.7658383125
Croatia,1947,0.6281127,-0.9499454244166669
Croatia,1948,0.70283955,-1.4493608641666669
Croatia,1949,0.7969631,-0.7563755838333334
Croatia,1950,0.76220876,0.0723305295833333
Croatia,1951,0.7129028,-0.0345855970833333
Croatia,1952,0.70630133,-0.6289635216666666
Croatia,1953,0.6940516,-1.1333311754166666
Croatia,1954,0.8197074,-1.8609663991666665
Croatia,1955,0.931049,-1.36887942
Croatia,1956,1.058003,-2.285582138333333
Croatia,1957,1.140317,-0.8355192433333333
Croatia,1958,1.1175246,-0.5810359850000001
Croatia,1959,1.2748795,-0.7204965579166668
Croatia,1960,1.3871243,-0.4376897907500001
Croatia,1961,1.446649,0.0042288224999999
Croatia,1962,1.473402,-1.4754323655833332
Croatia,1963,1.6269124,-1.7735418158333334
Croatia,1964,1.8314954,-1.9321526308333328
Croatia,1965,1.8735211,-1.76927325
Croatia,1966,1.8453286,-0.60214274
Croatia,1967,1.8546218,-0.8042161041666667
Croatia,1968,1.9733111,-0.8575206593333333
Croatia,1969,2.036909,-1.43003001
Croatia,1970,2.6532845,-1.1144622341666668
Croatia,1971,2.8467798,-1.0977034406666666
Croatia,1972,2.653879,-1.0827086083333333
Croatia,1973,3.161931,-1.34615615
Croatia,1974,3.1614769,-0.7558501233333333
Croatia,1975,3.2835975,-0.6292265054166667
Croatia,1976,3.3740606,-1.5980747033333331
Croatia,1977,3.2659893,-0.5526697713333334
Croatia,1978,3.6366796,-1.7588276540666667
Croatia,1979,3.9412491,-0.8230376363333334
Croatia,1980,3.8597987,-1.914836263333333
Croatia,1981,4.176274,-1.0000621208333331
Croatia,1982,3.8152928,-0.5915066661666667
Croatia,1983,4.08797,-0.5444388575
Croatia,1984,4.291925,-1.3028435658333333
Croatia,1985,4.3601155,-1.4359474666666667
Croatia,1986,4.537241,-1.2221730566666666
Croatia,1987,4.4129024,-1.12181819
Croatia,1988,4.5401096,-0.5175590775
Croatia,1989,4.512094,-0.525848525
Croatia,1990,4.730995,-0.1917318216666666
Croatia,1991,3.521719,-1.3406160616666665
Croatia,1992,3.424156,-0.0961903520833333
Croatia,1993,3.5536728,-0.8891770058333334
Croatia,1994,3.433139,0.4441047083333333
Croatia,1995,3.6393602,-0.6053744308333332
Croatia,1996,3.7998693,-1.5718904699999998
Croatia,1997,4.1217732,-0.7632061765333334
Croatia,1998,4.282578,-0.4516959583333333
Croatia,1999,4.5787673,-0.24865322625
Croatia,2000,4.5427685,0.8264053932
Croatia,2001,4.8304753,-0.0990402149999999
Croatia,2002,5.089973,0.4009573733333333
Croatia,2003,5.3933907,0.016206857
Croatia,2004,5.302659,-0.5652600775
Croatia,2005,5.400675,-1.172103085
Croatia,2006,5.4449663,-0.2301318483333333
Croatia,2007,5.7472677,0.602593705
Croatia,2008,5.4513054,0.5003240075000001
Croatia,2009,5.0473332,0.3964336661666667
Croatia,2010,4.8792653,-0.5559591225833334
Croatia,2011,4.817025,0.1703674241666667
Croatia,2012,4.47417,0.4596655233333335
Croatia,2013,4.3386483,0.0908107316666666
Croatia,2014,4.184725,0.8871342108333334
Croatia,2015,4.255345,0.6026328858333333
Croatia,2016,4.373376,0.2505590849999999
Croatia,2017,4.5889683,0.349674805
Croatia,2018,4.39835,0.8879195750000001
Croatia,2019,4.472901,1.0328939666666666
Croatia,2020,4.2696104,0.6706128316666667
Croatia,2021,4.436339,0.295368735
Croatia,2022,4.5068507,1.1156483318333332
Croatia,2023,4.497998,1.487194455
Cuba,1940,0.14475082,-0.3614060028333333
Cuba,1941,0.11698045,0.0634606653333333
Cuba,1942,0.095620714,0.0327647543333333
Cuba,1943,0.14584097,-0.22020054085
Cuba,1944,0.1023008,-0.2366150258333333
Cuba,1945,0.10548957,-0.28729248
Cuba,1946,0.08834179,0.0023632074166666
Cuba,1947,0.100610726,-0.0100833536666666
Cuba,1948,0.073995896,-0.1747665433333333
Cuba,1949,0.05844986,-0.3827559155833333
Cuba,1950,0.9521688,-0.9707918233333332
Cuba,1951,1.070658,-0.5353973764166667
Cuba,1952,1.0194626,-0.495676045
Cuba,1953,0.9848574,-0.1460178737583333
Cuba,1954,0.92762107,-0.6251201561666667
Cuba,1955,1.0357009,-0.5193066608333333
Cuba,1956,0.8750229,-0.435048264975
Cuba,1957,2.0355673,-0.1549723912499999
Cuba,1958,2.5890737,-0.2665004718333333
Cuba,1959,2.2087,0.0408730566666666
Cuba,1960,1.8909942,-0.6545270295
Cuba,1961,1.6472433,-0.2043096233333333
Cuba,1962,1.8769976,-0.4143683111666666
Cuba,1963,1.6913216,-0.5567399700000001
Cuba,1964,1.8152899,-0.3211118328333333
Cuba,1965,1.8172808,-0.3802288341666666
Cuba,1966,1.8514149,-0.7850044516666667
Cuba,1967,1.884074,-0.47277451
Cuba,1968,1.8825525,-0.8849088325
Cuba,1969,1.9896289,-0.5216550830833333
Cuba,1970,2.1139364,-0.654071325
Cuba,1971,2.181599,-0.5719305729166667
Cuba,1972,2.2772605,-0.4072176641666666
Cuba,1973,2.4175742,-0.5393188716666667
Cuba,1974,2.4416163,-0.4473037688333333
Cuba,1975,2.852365,-0.1977518391666667
Cuba,1976,2.8415554,-0.6456157425833333
Cuba,1977,3.0444682,-0.5001115778333333
Cuba,1978,3.1570666,-0.7403300666666667
Cuba,1979,3.2452674,-0.7127156316666667
Cuba,1980,3.1998796,-0.3983325915
Cuba,1981,3.322424,-0.8577119454166667
Cuba,1982,3.4831665,-0.1428708983333333
Cuba,1983,3.0848467,-0.4005287432583333
Cuba,1984,3.2343764,-0.5848188430833333
Cuba,1985,3.205225,-0.5685029033333333
Cuba,1986,3.2747066,-0.3404661825
Cuba,1987,3.2832427,-0.3031411164166667
Cuba,1988,3.413976,-0.3144003572833333
Cuba,1989,3.3910933,-0.2248652749999999
Cuba,1990,2.7886682,0.04258870925
Cuba,1991,2.5351033,-0.0064323693749999
Cuba,1992,1.9092884,-0.4431490858333333
Cuba,1993,1.8285018,-0.418232128
Cuba,1994,1.9642097,-0.0234502189166666
Cuba,1995,2.0901103,-0.0629906616666666
Cuba,1996,2.1285377,-0.499321937
Cuba,1997,2.2557955,0.4624218841666667
Cuba,1998,2.201603,0.64163717
Cuba,1999,2.2097824,-0.3678984679166666
Cuba,2000,2.2760184,-0.3309634506666666
Cuba,2001,2.2147143,-0.3161643315
Cuba,2002,2.2504017,0.05176114725
Cuba,2003,2.2810478,0.2520543763333333
Cuba,2004,2.1841457,-0.0622841508333333
Cuba,2005,2.2798462,-0.2667921408333333
Cuba,2006,2.3748877,-0.0971687599999999
Cuba,2007,2.2790558,0.0078509608333333
Cuba,2008,2.4565086,-0.0628417280833333
Cuba,2009,2.4632046,-0.11258364
Cuba,2010,2.9244342,-0.5177550353333333
Cuba,2011,2.5720735,-0.0818881995
Cuba,2012,2.607758,-0.233428475
Cuba,2013,2.4692397,0.0952100766666667
Cuba,2014,2.4251842,0.0744568488333333
Cuba,2015,2.580158,0.4861625080833333
Cuba,2016,2.464907,0.2414687449166666
Cuba,2017,2.18412,0.1776359911083333
Cuba,2018,2.0503552,0.1361082363333333
Cuba,2019,2.0079126,0.5967952408333334
Cuba,2020,1.9037757,0.6797790458333334
Cuba,2021,2.027723,0.4012207981666666
Cuba,2022,1.9785471,0.3571513457833333
Cuba,2023,2.0959787,0.8087965733333333
Cyprus,1950,0.5416233,-1.203984015
Cyprus,1951,0.56310725,-0.5002699700000001
Cyprus,1952,0.61950177,-0.5482892189166666
Cyprus,1953,0.70914435,-1.3927376270833334
Cyprus,1954,0.8443715,-0.8822672333333333
Cyprus,1955,0.84423965,-0.2253229678333333
Cyprus,1956,1.2412564,-1.0498405216666666
Cyprus,1957,1.4776179,-0.9143754591666666
Cyprus,1958,1.3590091,-0.4721856050833333
Cyprus,1959,1.4471002,-1.6138239708333335
Cyprus,1960,1.5113703,0.1610838581666666
Cyprus,1961,1.4514766,-0.826130085
Cyprus,1962,1.5041336,0.0145602275
Cyprus,1963,1.6225871,-0.3812694475
Cyprus,1964,1.6326709,-1.21737122
Cyprus,1965,1.8619263,-0.9995496458333334
Cyprus,1966,1.9920108,-0.3166794795833333
Cyprus,1967,2.1650333,-1.6417671858333334
Cyprus,1968,2.5541806,-0.9104575291666666
Cyprus,1969,2.6043794,-0.9741528083333332
Cyprus,1970,2.6300514,-0.78328721
Cyprus,1971,2.8799891,-1.2749141941666666
Cyprus,1972,3.639723,-1.7081170739999998
Cyprus,1973,3.7596385,-1.1260558775
Cyprus,1974,2.9081917,-1.15533121
Cyprus,1975,3.0193217,-1.33322621
Cyprus,1976,3.7578592,-1.3595100958333333
Cyprus,1977,4.0467644,-0.9130612166666666
Cyprus,1978,4.2324276,-0.8714873870833332
Cyprus,1979,4.4951453,-0.6718240504166667
Cyprus,1980,4.773812,-1.1851484641666667
Cyprus,1981,4.493971,-0.8536681308333334
Cyprus,1982,4.5332637,-1.5378439483333333
Cyprus,1983,4.4562364,-1.6432026258333334
Cyprus,1984,4.4968934,-1.1488230242500002
Cyprus,1985,4.3009405,-0.9651772133333334
Cyprus,1986,4.85295,-0.85699478
Cyprus,1987,5.54491,-1.1250803525000002
Cyprus,1988,5.478476,-0.9389244816666666
Cyprus,1989,5.698317,-0.9682312666666668
Cyprus,1990,5.890969,-0.6360981516666667
Cyprus,1991,6.4238877,-0.9189880736666668
Cyprus,1992,6.792791,-1.9344870045
Cyprus,1993,6.958514,-0.9480226833333334
Cyprus,1994,7.091893,-0.0623223704833333
Cyprus,1995,6.7932563,-0.649898135
Cyprus,1996,7.0548854,-0.4531284961666666
Cyprus,1997,7.015059,-0.8765924661666666
Cyprus,1998,7.2063613,0.3296658291666667
Cyprus,1999,7.3630276,0.550606004
Cyprus,2000,7.494742,-0.0712436825
Cyprus,2001,7.2359786,0.5152466274999999
Cyprus,2002,7.3029137,0.1945311275
Cyprus,2003,7.56069,0.0976990816666666
Cyprus,2004,7.6503687,-0.1866229355
Cyprus,2005,7.68084,-0.4255122358333333
Cyprus,2006,7.7637644,-0.4919426418416666
Cyprus,2007,7.928219,0.04871479625
Cyprus,2008,7.989783,0.304066255
Cyprus,2009,7.636368,0.2342055593916666
Cyprus,2010,7.184269,1.0153407208333334
Cyprus,2011,6.7939243,-0.3520185927499999
Cyprus,2012,6.2332525,0.1383415866666666
Cyprus,2013,5.561407,0.1857447583333333
Cyprus,2014,5.7849126,0.1770393110833333
Cyprus,2015,5.718032,0.0868232236666666
Cyprus,2016,5.9616704,0.7051469458333334
Cyprus,2017,5.9838886,0.3743573913333333
Cyprus,2018,5.7629395,1.3012985491666669
Cyprus,2019,5.70816,0.6138870738333333
Cyprus,2020,5.3869967,0.4980694416666666
Cyprus,2021,5.443375,0.7369304579999999
Cyprus,2022,5.40629,0.1454135516666666
Cyprus,2023,5.3342433,0.6190250766666666
Czechia,1940,5.1699367,-3.227976633333333
Czechia,1941,5.218413,-2.4966484
Czechia,1942,5.6664453,-2.1934589516666665
Czechia,1943,6.2669287,-0.7741434795833334
Czechia,1944,5.934655,-1.498307255
Czechia,1945,3.2720385,-1.0296397683333334
Czechia,1946,4.5751257,-1.0495132983333333
Czechia,1947,5.6420703,-1.4866168879166668
Czechia,1948,6.0544596,-0.9139748541666668
Czechia,1949,6.335759,-0.5357116108333333
Czechia,1950,6.4882665,-0.6098991983333334
Czechia,1951,6.852294,-0.3796199716666666
Czechia,1952,7.2620296,-1.3679715531666667
Czechia,1953,7.464836,-0.5353600703333333
Czechia,1954,7.9129443,-1.888338592083333
Czechia,1955,8.154131,-1.8584538983333327
Czechia,1956,8.68578,-2.6255272083666665
Czechia,1957,9.014189,-0.8025241291666667
Czechia,1958,9.796773,-1.0745628
Czechia,1959,9.767474,-0.5199467561666666
Czechia,1960,10.381182,-0.9431280475
Czechia,1961,11.229595,-0.374412235
Czechia,1962,11.936973,-1.9703973083333333
Czechia,1963,12.515719,-1.921349155833333
Czechia,1964,12.969886,-1.4552547891666665
Czechia,1965,12.589073,-1.975572535
Czechia,1966,12.481513,-0.4556596099999999
Czechia,1967,12.427434,-0.2865279308333333
Czechia,1968,12.97996,-0.98762524625
Czechia,1969,13.761448,-1.4611497283333332
Czechia,1970,15.755173,-1.4139119038333332
Czechia,1971,16.490057,-0.8356314458333333
Czechia,1972,16.580505,-1.1172041983333334
Czechia,1973,16.566275,-0.93556821
Czechia,1974,16.656734,-0.15374829
Czechia,1975,17.313616,-0.2087407505
Czechia,1976,17.875029,-0.8344778541666665
Czechia,1977,18.305904,-0.5248258233333333
Czechia,1978,18.377596,-1.5498021178333332
Czechia,1979,17.817251,-1.2129815266666666
Czechia,1980,17.972858,-1.8847601025000005
Czechia,1981,17.751007,-0.8540052116666667
Czechia,1982,17.559631,-0.4632129965
Czechia,1983,17.57527,-0.0468241433333333
Czechia,1984,18.165003,-1.22529394275
Czechia,1985,17.913465,-1.7881412208333334
Czechia,1986,18.036556,-1.0530662843333334
Czechia,1987,17.823423,-1.691252739475
Czechia,1988,17.526455,-0.3737089858333333
Czechia,1989,16.722105,0.0448690058333333
Czechia,1990,15.943648,-0.0896655433333333
Czechia,1991,14.448567,-1.320989385
Czechia,1992,14.129174,0.0155496408333333
Czechia,1993,13.577452,-0.8644006441666666
Czechia,1994,12.852591,0.4800925075
Czechia,1995,12.764021,-0.5570979575
Czechia,1996,13.113599,-2.1925113641666667
Czechia,1997,12.737529,-0.8299866845
Czechia,1998,12.246591,-0.1939897408333333
Czechia,1999,11.381155,-0.0637526695833333
Czechia,2000,12.429346,0.6808402833333332
Czechia,2001,12.42629,-0.6399196291666667
Czechia,2002,12.106914,0.2644991616666666
Czechia,2003,12.447432,0.0040470724999999
Czechia,2004,12.502356,-0.4211253216666666
Czechia,2005,12.226614,-0.5983120545
Czechia,2006,12.27974,-0.0920220641666667
Czechia,2007,12.4175625,0.6543364491666667
Czechia,2008,11.845438,0.4712968541666666
Czechia,2009,11.033807,0.0272760966666666
Czechia,2010,11.2267275,-1.2085080613333334
Czechia,2011,10.975148,0.2046470033333333
Czechia,2012,10.591444,0.0545879363333333
Czechia,2013,10.153296,-0.3238302575
Czechia,2014,9.911981,1.1923629566666667
Czechia,2015,9.976934,1.114173945
Czechia,2016,10.126231,0.3873261431666667
Czechia,2017,10.221304,0.2635454041666667
Czechia,2018,10.080272,1.3184013383333333
Czechia,2019,9.569924,1.2861173583333334
Czechia,2020,8.689388,0.8873448773333333
Czechia,2021,9.17754,-0.2174920083333333
Czechia,2022,8.91092,0.9938992858333332
Czechia,2023,7.92107,1.4386808066666663
Democratic Republic of Congo,1940,0.0073594586,-1.08900069
Democratic Republic of Congo,1941,0.009665892,-0.3997042953333333
Democratic Republic of Congo,1942,0.013256618,-0.8221487986666666
Democratic Republic of Congo,1943,0.020082308,-0.6587966333333334
Democratic Republic of Congo,1944,0.015466659,-0.4998202316666666
Democratic Republic of Congo,1945,0.015224402,-0.96954171
Democratic Republic of Congo,1946,0.027113287,-0.7489283821666667
Democratic Republic of Congo,1947,0.02792498,-0.6300879958333333
Democratic Republic of Congo,1948,0.03149575,-1.0402859041666666
Democratic Republic of Congo,1949,0.03944221,-0.6552295666666667
Democratic Republic of Congo,1950,0.120344326,-0.7888007251666665
Democratic Republic of Congo,1951,0.139277,-0.8673237241666666
Democratic Republic of Congo,1952,0.16275415,-0.8269351379166666
Democratic Republic of Congo,1953,0.17514119,-1.0897115205
Democratic Republic of Congo,1954,0.2110635,-0.8359373425
Democratic Republic of Congo,1955,0.24853182,-1.1610705025
Democratic Republic of Congo,1956,0.22791593,-1.129950215
Democratic Republic of Congo,1957,0.2337208,-0.9119407291666668
Democratic Republic of Congo,1958,0.20099005,-0.5735475166666667
Democratic Republic of Congo,1959,0.18124187,-0.7779033925
Democratic Republic of Congo,1960,0.151886,-0.9123120141666666
Democratic Republic of Congo,1961,0.15038556,-1.1454210333333334
Democratic Republic of Congo,1962,0.13510779,-1.30360255
Democratic Republic of Congo,1963,0.13888675,-1.0327809566666666
Democratic Republic of Congo,1964,0.11642231,-0.782601518
Democratic Republic of Congo,1965,0.14164345,-0.8976734620833332
Democratic Republic of Congo,1966,0.13398007,-0.60744428525
Democratic Republic of Congo,1967,0.12396916,-1.1779529125
Democratic Republic of Congo,1968,0.17704612,-1.0630292966666668
Democratic Republic of Congo,1969,0.18640572,-0.7118260099999999
Democratic Republic of Congo,1970,0.13455895,-0.7466853416666667
Democratic Republic of Congo,1971,0.14296184,-1.1126796366666667
Democratic Republic of Congo,1972,0.14197856,-0.939242845
Democratic Republic of Congo,1973,0.14610739,-0.52000903725
Democratic Republic of Congo,1974,0.15008321,-1.1758527791666666
Democratic Republic of Congo,1975,0.14042737,-1.181371055
Democratic Republic of Congo,1976,0.1441283,-1.18274498
Democratic Republic of Congo,1977,0.14350447,-0.7965976441666666
Democratic Republic of Congo,1978,0.14108057,-0.7061381316666667
Democratic Republic of Congo,1979,0.14447963,-0.6240889233333333
Democratic Republic of Congo,1980,0.13047107,-0.5496215875
Democratic Republic of Congo,1981,0.13655849,-0.6221683858333333
Democratic Republic of Congo,1982,0.107521676,-0.665136805
Democratic Republic of Congo,1983,0.13667947,-0.1145393083333333
Democratic Republic of Congo,1984,0.12999289,-0.7143727916666666
Democratic Republic of Congo,1985,0.115526475,-0.8515410383333334
Democratic Republic of Congo,1986,0.10369277,-0.680555345
Democratic Republic of Congo,1987,0.11459441,-0.0716377876666666
Democratic Republic of Congo,1988,0.115697466,-0.3664113658333333
Democratic Republic of Congo,1989,0.12263689,-0.5410885891666667
Democratic Republic of Congo,1990,0.11582604,-0.27484019425
Democratic Republic of Congo,1991,0.08259828,-0.4780195541666667
Democratic Republic of Congo,1992,0.07158563,-0.5445276858333333
Democratic Republic of Congo,1993,0.06548383,-0.469171045
Democratic Republic of Congo,1994,0.06453639,-0.49458106875
Democratic Republic of Congo,1995,0.069680795,-0.286511102375
Democratic Republic of Congo,1996,0.07666508,-0.4367882380833333
Democratic Republic of Congo,1997,0.06711756,-0.22032960375
Democratic Republic of Congo,1998,0.05778858,0.3308021266666667
Democratic Republic of Congo,1999,0.04496637,-0.576939105
Democratic Republic of Congo,2000,0.03375211,-0.4598945036666667
Democratic Republic of Congo,2001,0.031601284,-0.4031351345
Democratic Republic of Congo,2002,0.03226193,-0.1782717694166666
Democratic Republic of Congo,2003,0.03787386,-0.0817003253333333
Democratic Republic of Congo,2004,0.035578515,-0.0604580255
Democratic Republic of Congo,2005,0.038917396,0.17367871775
Democratic Republic of Congo,2006,0.038797222,-0.1694709446666666
Democratic Republic of Congo,2007,0.04198259,-0.0714550033333333
Democratic Republic of Congo,2008,0.04170049,-0.1544833175
Democratic Republic of Congo,2009,0.0368302,0.0784517879166666
Democratic Republic of Congo,2010,0.039896343,0.3606087358333333
Democratic Republic of Congo,2011,0.042922746,0.0445588451416666
Democratic Republic of Congo,2012,0.038186423,0.0173234942916666
Democratic Republic of Congo,2013,0.051736675,0.2857750290833333
Democratic Republic of Congo,2014,0.06461416,0.32267252725
Democratic Republic of Congo,2015,0.040406745,0.4450716991666666
Democratic Republic of Congo,2016,0.031676028,0.7969145816666666
Democratic Republic of Congo,2017,0.03349793,0.5149812699999999
Democratic Republic of Congo,2018,0.041907594,0.3658677758333333
Democratic Republic of Congo,2019,0.044339374,0.6222863175
Democratic Republic of Congo,2020,0.04481212,0.7267390775
Democratic Republic of Congo,2021,0.043051984,0.7443000475
Democratic Republic of Congo,2022,0.045222025,0.5090788227833333
Democratic Republic of Congo,2023,0.0436333,0.8154193522500001
Denmark,1940,3.855321,-2.28504403
Denmark,1941,4.481733,-2.2215966
Denmark,1942,4.1996107,-2.383460450833333
Denmark,1943,5.2011013,-0.1946640879999999
Denmark,1944,5.0599732,-0.7672309716666668
Denmark,1945,3.4658437,-0.4518583828333333
Denmark,1946,4.307488,-1.080052965833333
Denmark,1947,5.181152,-1.25298601
Denmark,1948,4.078243,-0.5204838089166667
Denmark,1949,3.9922931,0.2082010001666666
Denmark,1950,5.1513443,-0.741433765
Denmark,1951,5.097752,-0.6263315366666667
Denmark,1952,5.285726,-1.3784909079999998
Denmark,1953,5.29895,-0.2099157335833333
Denmark,1954,5.804589,-1.4691241578333332
Denmark,1955,6.0972714,-1.5289966925
Denmark,1956,5.9047494,-2.1010769508333333
Denmark,1957,5.5460305,-0.7873867881666667
Denmark,1958,5.9323306,-1.4959357658333332
Denmark,1959,5.7238345,-0.1616536183333333
Denmark,1960,6.4965324,-1.1086759791666665
Denmark,1961,6.8748174,-0.4771571875
Denmark,1962,7.9377213,-1.9330943608333333
Denmark,1963,8.681902,-2.1936113783333333
Denmark,1964,9.137746,-1.3971458333333333
Denmark,1965,9.30769,-1.8336268183333333
Denmark,1966,10.439195,-1.6478426166666666
Denmark,1967,10.139524,-0.3725888108333333
Denmark,1968,10.950778,-0.923597455
Denmark,1969,12.131152,-1.3462952165
Denmark,1970,12.587541,-1.736989875
Denmark,1971,11.4851,-0.5744800566666667
Denmark,1972,11.9353075,-0.8166368049999999
Denmark,1973,11.787593,-0.4249457525
Denmark,1974,10.902493,-0.1779783858333332
Denmark,1975,11.0088625,0.2771972074999999
Denmark,1976,11.839122,-0.8853179273333334
Denmark,1977,12.138169,-0.6862737016666666
Denmark,1978,11.956266,-1.1370947316666666
Denmark,1979,12.294358,-2.0621829575
Denmark,1980,11.767699,-1.3607643641666665
Denmark,1981,10.097666,-1.3699047766666668
Denmark,1982,10.476174,-0.5925577185833333
Denmark,1983,9.795468,-0.2474892183333333
Denmark,1984,9.934058,-0.711912835
Denmark,1985,11.729101,-2.0906345833333333
Denmark,1986,11.483299,-1.663856855
Denmark,1987,11.359712,-2.1116315639166667
Denmark,1988,10.724834,-0.1921677449999999
Denmark,1989,9.485337,0.5075647022333333
Denmark,1990,10.3996,0.6234493011666667
Denmark,1991,12.434776,-0.5578081705
Denmark,1992,11.276528,0.2236986316666667
Denmark,1993,11.672107,-1.0537259346666668
Denmark,1994,12.420087,-0.0622918811666666
Denmark,1995,11.778546,-0.3916549241666666
Denmark,1996,14.228813,-1.8637224916666668
Denmark,1997,12.379391,-0.2236619108333334
Denmark,1998,11.542956,-0.489745495
Denmark,1999,11.019202,0.1691127214166666
Denmark,2000,10.168523,0.483059615
Denmark,2001,10.428898,-0.5030801215833334
Denmark,2002,10.33208,0.3774519055833333
Denmark,2003,11.248856,-0.1595128815
Denmark,2004,10.193794,-0.1165953430833333
Denmark,2005,9.50771,-0.0774735908333333
Denmark,2006,10.941338,0.5749175550416666
Denmark,2007,10.015147,0.6423849808333333
Denmark,2008,9.328067,0.61967239725
Denmark,2009,8.842789,0.0406734141666666
Denmark,2010,8.864642,-1.85862264
Denmark,2011,7.9390264,0.1342577416666666
Denmark,2012,7.1270123,-0.4821290233333333
Denmark,2013,7.436014,-0.4324420166666665
Denmark,2014,6.656015,1.249269147833333
Denmark,2015,6.17604,0.3899066086666667
Denmark,2016,6.4428453,0.3547182791666667
Denmark,2017,6.010725,0.2403107833333333
Denmark,2018,5.972235,0.7892999008333333
Denmark,2019,5.3214316,0.79526304375
Denmark,2020,4.8519464,1.1884661191666666
Denmark,2021,5.051886,0.0441874749999999
Denmark,2022,4.816581,0.7810855991666666
Denmark,2023,4.5837965,0.631110412
Djibouti,1950,0.17640544,-3.611651391666667
Djibouti,1951,0.39896092,-2.1956995383333333
Djibouti,1952,0.38666105,-2.2895239166666665
Djibouti,1953,0.42813116,-2.6823743625
Djibouti,1954,0.4665733,-1.7471386333333332
Djibouti,1955,0.5020347,-1.5098185525
Djibouti,1956,0.38894418,-1.4506619896666668
Djibouti,1957,0.56482196,-1.1912115458333332
Djibouti,1958,0.592342,-0.574111775
Djibouti,1959,0.44110566,-0.951941825
Djibouti,1960,0.4686784,-0.7359711433333334
Djibouti,1961,0.49201572,-0.5060003641666667
Djibouti,1962,0.51078796,-0.64258384
Djibouti,1963,0.67405945,-0.4039549808083333
Djibouti,1964,0.8168108,-0.5425062233333334
Djibouti,1965,1.1085725,-0.92470265
Djibouti,1966,1.208244,-0.3962634544999999
Djibouti,1967,0.7230568,-0.9920996136666668
Djibouti,1968,0.94298214,-1.0154579479166668
Djibouti,1969,0.619433,-0.2261643429166666
Djibouti,1970,0.9592416,-0.3613375052666667
Djibouti,1971,1.0393522,-1.2526337283333333
Djibouti,1972,1.1462331,-0.93562237
Djibouti,1973,1.0062944,-0.5630009991666666
Djibouti,1974,1.008402,-1.1949397854166668
Djibouti,1975,0.94273704,-1.1246568366666667
Djibouti,1976,0.8576296,-0.8381266584999999
Djibouti,1977,0.7771768,-0.7105932158333333
Djibouti,1978,0.71970403,-0.40091769
Djibouti,1979,1.1913334,-0.44124348625
Djibouti,1980,1.0684183,-0.0946698175833333
Djibouti,1981,0.8758906,-0.2255040779166666
Djibouti,1982,0.9754293,-0.35425329
Djibouti,1983,0.9419788,-0.0481473624999999
Djibouti,1984,0.91594034,-0.4550647758333333
Djibouti,1985,0.89179415,-0.6611921075
Djibouti,1986,0.8852878,-0.7445755016666666
Djibouti,1987,0.8547766,-0.0383628183333333
Djibouti,1988,0.71845806,-0.3807759291666666
Djibouti,1989,0.7421681,-0.54500563275
Djibouti,1990,0.5121398,0.47178873
Djibouti,1991,0.4761058,0.0782783829583333
Djibouti,1992,0.48582366,-0.4254879966666667
Djibouti,1993,0.49513432,-0.1383566888333333
Djibouti,1994,0.47943804,-0.4822713508333333
Djibouti,1995,0.49197757,-0.2041131670833333
Djibouti,1996,0.47473806,-0.3541620594999999
Djibouti,1997,0.49633506,0.0017579391666666
Djibouti,1998,0.55014306,0.3158313441666667
Djibouti,1999,0.53124696,0.0850838014166666
Djibouti,2000,0.49031547,-0.1791748966666666
Djibouti,2001,0.47506124,-0.2428746229166666
Djibouti,2002,0.5020219,0.1681900004166666
Djibouti,2003,0.5179658,0.0013219503333333
Djibouti,2004,0.4923199,0.2761716829166666
Djibouti,2005,0.49340862,0.1683753333333333
Djibouti,2006,0.4838439,-0.05131706
Djibouti,2007,0.5279249,-0.0186988554166666
Djibouti,2008,0.5582,-0.3042958505
Djibouti,2009,0.4864012,0.0852632578333333
Djibouti,2010,0.5553848,-0.1632553777499999
Djibouti,2011,0.33220455,-0.3599267
Djibouti,2012,0.3070051,-0.3235316225
Djibouti,2013,0.3904211,-0.2037037254166666
Djibouti,2014,0.4128488,-0.3136358311666666
Djibouti,2015,0.49489447,0.462898105
Djibouti,2016,0.4122581,0.6157457021666667
Djibouti,2017,0.39224893,0.6733678146666667
Djibouti,2018,0.44332924,0.1811246886666666
Djibouti,2019,0.49899417,0.3587503379999999
Djibouti,2020,0.41900718,0.2926475233333333
Djibouti,2021,0.47408453,0.2150832815833333
Djibouti,2022,0.43468726,0.2834604611666666
Djibouti,2023,0.42721647,1.0144766191666668
Dominican Republic,1940,0.0060725166,-0.7935856191666666
Dominican Republic,1941,0.0013075548,-0.69796752875
Dominican Republic,1942,0.0033718003,-0.8478568425
Dominican Republic,1943,0.007332472,-0.8959163075
Dominican Republic,1944,0.00039443836,-0.6199897224166667
Dominican Republic,1945,0.0008365306,-0.8511277883333334
Dominican Republic,1946,0.004046488,-0.62238073
Dominican Republic,1947,0.007997132,-0.1350156453333333
Dominican Republic,1948,0.016142387,-0.6840902955
Dominican Republic,1949,0.011539067,-0.61279965025
Dominican Republic,1950,0.14629692,-1.0196380633333333
Dominican Republic,1951,0.1463841,-0.6531087489166667
Dominican Republic,1952,0.23485276,-0.547088786
Dominican Republic,1953,0.23751909,-0.645597776
Dominican Republic,1954,0.23275515,-0.9971408883333334
Dominican Republic,1955,0.32944086,-0.9802546558333334
Dominican Republic,1956,0.34307045,-0.7667991308333333
Dominican Republic,1957,0.34801483,-0.2220285744166666
Dominican Republic,1958,0.34759173,0.1337741185833333
Dominican Republic,1959,0.35165688,-0.2862467771666666
Dominican Republic,1960,0.318176,-0.5866262125
Dominican Republic,1961,0.30494422,-0.7994926702499999
Dominican Republic,1962,0.3566532,-0.6566262241666666
Dominican Republic,1963,0.3479424,-0.6663039475
Dominican Republic,1964,0.4722195,-0.4910964858333333
Dominican Republic,1965,0.4057186,-0.7274428937083334
Dominican Republic,1966,0.42573735,-0.5745474503333333
Dominican Republic,1967,0.3879643,-0.5550789833333333
Dominican Republic,1968,0.5646457,-0.6606465958333333
Dominican Republic,1969,0.61986697,-0.0593620932533333
Dominican Republic,1970,0.70582056,-0.3569720583333333
Dominican Republic,1971,0.77775216,-0.6243397350000001
Dominican Republic,1972,1.0036592,-0.3701098762499999
Dominican Republic,1973,1.2460794,-0.2014999408333333
Dominican Republic,1974,1.3043097,-0.6631983124999999
Dominican Republic,1975,1.2548056,-0.5627935700000001
Dominican Republic,1976,1.2204499,-0.6483942591666667
Dominican Republic,1977,1.05334,-0.1503367436666667
Dominican Republic,1978,0.9960538,-0.2932723396666666
Dominican Republic,1979,1.2139574,-0.5851462708333334
Dominican Republic,1980,1.1218388,-0.071356137325
Dominican Republic,1981,1.0454696,-0.4398403199583333
Dominican Republic,1982,1.0493445,-0.6723853616666666
Dominican Republic,1983,1.2795411,-0.05507771075
Dominican Republic,1984,1.1751407,-0.5733056045
Dominican Republic,1985,1.1261505,-0.6366302133333334
Dominican Republic,1986,1.2358639,-0.5678303983333334
Dominican Republic,1987,1.4431753,-0.0478855770833333
Dominican Republic,1988,1.4206825,-0.3394846903333333
Dominican Republic,1989,1.4649462,-0.4554812016666666
Dominican Republic,1990,1.2495968,-0.2245114638333333
Dominican Republic,1991,1.3066514,-0.274550596
Dominican Republic,1992,1.3988973,-0.4155433998333333
Dominican Republic,1993,1.4759023,-0.348637578
Dominican Republic,1994,1.5237668,-0.2361024204166666
Dominican Republic,1995,1.9151675,-0.1242424610833333
Dominican Republic,1996,2.0521183,-0.6362102766666666
Dominican Republic,1997,2.1122622,0.24837827875
Dominican Republic,1998,2.1404936,0.1583838458333333
Dominican Republic,1999,2.1099854,-0.56815958
Dominican Republic,2000,2.2124074,-0.3731406592166666
Dominican Republic,2001,2.1954215,-0.14491129025
Dominican Republic,2002,2.3665485,0.0034958509999999
Dominican Republic,2003,2.376798,-0.0205553345833333
Dominican Republic,2004,1.9037334,-0.2522153871166666
Dominican Republic,2005,1.9447758,0.0635247194166666
Dominican Republic,2006,2.0459967,0.08331330375
Dominican Republic,2007,2.114397,0.1154723127499999
Dominican Republic,2008,2.123852,-0.234035808875
Dominican Republic,2009,2.0402503,-0.0385125461666666
Dominican Republic,2010,2.0929904,0.2599358495
Dominican Republic,2011,2.1434574,-0.1236658115833333
Dominican Republic,2012,2.1106217,-0.0436840063958333
Dominican Republic,2013,2.0862682,0.0924267779999999
Dominican Republic,2014,2.1133895,0.2663718838333333
Dominican Republic,2015,2.251567,0.5674680041666667
Dominican Republic,2016,2.3356724,0.3926625245
Dominican Republic,2017,2.251558,0.2629952435833333
Dominican Republic,2018,2.3888187,0.1764330891666666
Dominican Republic,2019,2.6046193,0.5100453708333333
Dominican Republic,2020,2.4541068,0.6332666089166666
Dominican Republic,2021,2.7721057,0.2404244727499999
Dominican Republic,2022,2.7096121,0.2257922471666666
Dominican Republic,2023,2.8257916,0.9085591594166668
East Timor,1994,0.0,-0.3231496801666667
East Timor,1995,0.0,-0.3067361518333333
East Timor,1996,0.0,-0.1479325318333333
East Timor,1997,0.0,-0.467795535
East Timor,1998,0.064229004,0.4362428983333333
East Timor,1999,0.1832801,-0.4433954579679167
East Timor,2000,0.29509193,-0.3570145
East Timor,2001,0.14632374,-0.2088247966666666
East Timor,2002,0.29788938,-0.0393946966666666
East Timor,2003,0.27107504,0.0557812073333333
East Timor,2004,0.5349615,-0.1096776364166666
East Timor,2005,0.33866766,0.2851031646083333
East Timor,2006,0.32430848,-0.3882040976666667
East Timor,2007,0.28667518,-0.0420225498666666
East Timor,2008,0.27618864,-0.0572913483333333
East Timor,2009,0.30393073,0.1073171287799999
East Timor,2010,0.2886999,0.3947696691666666
East Timor,2011,0.3908359,-0.247513455
East Timor,2012,0.5210359,-0.20699214875
East Timor,2013,0.53401506,0.1675736124166666
East Timor,2014,0.52819455,0.0045611070833333
East Timor,2015,0.48927426,-0.0217353501666666
East Timor,2016,0.5234754,0.8838942941666666
East Timor,2017,0.5510038,0.360304983275
East Timor,2018,0.483596,0.3823893871666666
East Timor,2019,0.51920164,0.1775287020833333
East Timor,2020,0.4875513,0.6033159875833333
East Timor,2021,0.459349,0.47442769675
East Timor,2022,0.47420487,0.3301399525
East Timor,2023,0.45665762,0.2321572291125
Ecuador,1940,0.41984522,-0.3924926116666666
Ecuador,1941,0.2734796,-0.4902262708333333
Ecuador,1942,0.3827613,-1.1788524
Ecuador,1943,0.3722741,-1.2374649058333334
Ecuador,1944,0.4535072,-0.7059117916666667
Ecuador,1945,0.4067837,-0.8472333033333334
Ecuador,1946,0.35426763,-0.9675595008333334
Ecuador,1947,0.36049187,-0.6997268933333333
Ecuador,1948,0.38820612,-0.8857719108333333
Ecuador,1949,0.38110134,-1.315203675
Ecuador,1950,0.2104992,-1.3365181225
Ecuador,1951,0.19500707,-0.9412546083333332
Ecuador,1952,0.24168643,-1.00057061
Ecuador,1953,0.21597596,-0.7152504941666668
Ecuador,1954,0.24689315,-1.3253596508333334
Ecuador,1955,0.29892406,-1.3524268499999998
Ecuador,1956,0.3150892,-1.526534725
Ecuador,1957,0.2677081,-0.705190825
Ecuador,1958,0.3043782,-0.2948679916666666
Ecuador,1959,0.28955206,-0.5652184475
Ecuador,1960,0.38371688,-0.6590652491666668
Ecuador,1961,0.34818843,-0.8550270491666666
Ecuador,1962,0.32179427,-0.83496316
Ecuador,1963,0.35874325,-0.3619557980833333
Ecuador,1964,0.41598716,-0.5543721541666667
Ecuador,1965,0.42874736,-0.4196604108333333
Ecuador,1966,0.44232428,-0.4350604958333333
Ecuador,1967,0.45991638,-0.7511340766666667
Ecuador,1968,0.53669703,-0.6899884541666667
Ecuador,1969,0.6006303,-0.191094715625
Ecuador,1970,0.69504136,-0.4294570208333333
Ecuador,1971,0.66552603,-0.8959908541666667
Ecuador,1972,0.7028702,-0.0184561383333333
Ecuador,1973,0.7818932,-0.46594636075
Ecuador,1974,0.879315,-1.1058341633333333
Ecuador,1975,1.0332525,-0.9410971166666666
Ecuador,1976,1.1065092,-0.545523485
Ecuador,1977,0.9927495,0.0367752701333333
Ecuador,1978,1.3451704,-0.0084174498333333
Ecuador,1979,1.5273273,0.0100669863333333
Ecuador,1980,1.6418624,0.1720425305833333
Ecuador,1981,1.9855806,-0.0183788959166666
Ecuador,1982,2.233721,0.1491622923833333
Ecuador,1983,2.2060833,0.3662058528333333
Ecuador,1984,2.3349988,-0.6311821941666667
Ecuador,1985,2.078452,-0.8404199325
Ecuador,1986,1.591677,-0.6641674066666666
Ecuador,1987,1.5361365,0.16177606575
Ecuador,1988,1.7150158,-0.3627079283333334
Ecuador,1989,1.967789,-0.6002674066666667
Ecuador,1990,1.5713588,-0.2353453625
Ecuador,1991,1.5096896,-0.04435110075
Ecuador,1992,2.0091052,0.0070529
Ecuador,1993,2.1595862,-0.1381564114166666
Ecuador,1994,1.2580605,-0.2988713584999999
Ecuador,1995,2.0273924,-0.2792954450833333
Ecuador,1996,2.1420789,-0.7944766675
Ecuador,1997,1.6148914,-0.0338157016666666
Ecuador,1998,1.8847599,0.0186284385833333
Ecuador,1999,1.7622209,-1.06948852
Ecuador,2000,1.6492264,-0.950028735
Ecuador,2001,1.8130603,-0.7965906399999999
Ecuador,2002,1.8896518,-0.5329111433333333
Ecuador,2003,2.0244603,-0.654234885
Ecuador,2004,2.149964,-0.1757601133333333
Ecuador,2005,2.2092562,0.1096722295833333
Ecuador,2006,2.1077354,0.168502489625
Ecuador,2007,2.3923388,0.01267910075
Ecuador,2008,2.07987,0.042719203
Ecuador,2009,2.266208,0.2939713797833333
Ecuador,2010,2.4061325,0.4391419066666667
Ecuador,2011,2.4966385,0.1864342684166666
Ecuador,2012,2.4022887,0.166641715
Ecuador,2013,2.5086834,0.1608962996666666
Ecuador,2014,2.7272305,0.2980254483333333
Ecuador,2015,2.53752,0.8747447318333333
Ecuador,2016,2.3845396,0.8913275466666667
Ecuador,2017,2.3374374,0.5332810124999999
Ecuador,2018,2.2539744,0.3284331960833333
Ecuador,2019,2.3103745,0.5538039216666667
Ecuador,2020,1.8756075,0.6820282933333334
Ecuador,2021,2.16058,0.3835272788333333
Ecuador,2022,2.2734714,0.2532091165833333
Ecuador,2023,2.4011562,1.1157512675
Egypt,1940,0.18441434,-1.6812397666666667
Egypt,1941,0.23555782,-1.152616085
Egypt,1942,0.22320671,-1.2934658641666668
Egypt,1943,0.23263827,-1.7886598070833333
Egypt,1944,0.24078307,-1.6127153133333334
Egypt,1945,0.23437251,-2.3481144016666664
Egypt,1946,0.22137754,-1.437443495
Egypt,1947,0.22538629,-0.9420750061666668
Egypt,1948,0.30597034,-2.2929718500000003
Egypt,1949,0.36178073,-2.33496069575
Egypt,1950,0.48387665,-1.6504375018333333
Egypt,1951,0.48869753,-1.2063709241666667
Egypt,1952,0.49278235,-1.1763246025
Egypt,1953,0.47600594,-1.6929861683333334
Egypt,1954,0.5025061,-1.6207459783333331
Egypt,1955,0.44723567,-0.9647067475
Egypt,1956,0.40768299,-1.1374401141666668
Egypt,1957,0.47677726,-0.7577369183333333
Egypt,1958,0.53447,-0.5872210491666666
Egypt,1959,0.48449862,-1.5633158525
Egypt,1960,0.59609145,-0.3474477139333333
Egypt,1961,0.6183112,-1.748470850833333
Egypt,1962,0.65536684,-0.5326227508333333
Egypt,1963,0.7399627,-0.3263224008333333
Egypt,1964,0.85372454,-1.5418597058333334
Egypt,1965,0.90141183,-1.3885548102500005
Egypt,1966,0.8447982,-0.7011355566666667
Egypt,1967,0.61031544,-1.6070693416666666
Egypt,1968,0.6931462,-1.0271773366666668
Egypt,1969,0.58159834,-0.518795255
Egypt,1970,0.6254058,-1.235637908
Egypt,1971,0.6494565,-1.1709998416666667
Egypt,1972,0.7025981,-0.9250287191666668
Egypt,1973,0.6404258,-1.1705111616666666
Egypt,1974,0.6871057,-1.2320744108333332
Egypt,1975,0.7989631,-1.577797725833333
Egypt,1976,0.865687,-1.2354226
Egypt,1977,0.9280038,-1.4446279925
Egypt,1978,0.94012696,-1.1248029896666667
Egypt,1979,1.0016564,-0.4762987388833333
Egypt,1980,1.0278873,-0.9487954741666668
Egypt,1981,1.1274831,-1.2132403925000002
Egypt,1982,1.2159909,-1.5134859275
Egypt,1983,1.1924007,-1.7177485590833337
Egypt,1984,1.2935597,-1.0152376546666668
Egypt,1985,1.257659,-0.6346633391666666
Egypt,1986,1.4249808,-0.94490814125
Egypt,1987,1.3901141,-0.9133954916666668
Egypt,1988,1.3464882,-0.436404398
Egypt,1989,1.2679212,-0.8743141516666667
Egypt,1990,1.2880467,-0.6304082866666666
Egypt,1991,1.2876428,-0.6033640795833334
Egypt,1992,1.3002454,-1.3118421258333333
Egypt,1993,1.4666941,-0.4024352283333333
Egypt,1994,1.3746907,-0.4732677954166666
Egypt,1995,1.5078541,-0.4492639775
Egypt,1996,1.4613423,-0.238530479
Egypt,1997,1.632356,-0.6932443095683333
Egypt,1998,1.7875309,0.0134179537499999
Egypt,1999,1.792778,0.0801970949999999
Egypt,2000,1.9681126,-0.7403469925
Egypt,2001,1.710022,-0.0483706074999999
Egypt,2002,1.6940784,0.1009293383333333
Egypt,2003,1.9256603,-0.1185288389166666
Egypt,2004,1.9197372,-0.1054062074166666
Egypt,2005,2.0741656,-0.0399766033333333
Egypt,2006,2.1667883,-0.11355764775
Egypt,2007,2.2403135,-0.0020917241666666
Egypt,2008,2.3027816,0.2985180158333333
Egypt,2009,2.3597047,0.1575492183333333
Egypt,2010,2.282698,1.628411205833333
Egypt,2011,2.3812723,-0.3997520591666667
Egypt,2012,2.2942393,0.21282251775
Egypt,2013,2.2176762,0.2583027566666666
Egypt,2014,2.3264904,0.56904561875
Egypt,2015,2.253874,0.3019896416666667
Egypt,2016,2.3550935,0.67934005575
Egypt,2017,2.513841,-0.0381511793333333
Egypt,2018,2.358181,1.0495080183333334
Egypt,2019,2.4057102,0.3179297425
Egypt,2020,2.1530209,0.1101767163333333
Egypt,2021,2.3516853,0.5759138298333334
Egypt,2022,2.4078574,-0.0946224541666667
Egypt,2023,2.3486664,0.79666789
El Salvador,1940,0.00020914248,-0.9623193783333334
El Salvador,1941,0.00020593735,-0.5925407433333333
El Salvador,1942,0.00020258105,-1.2900722933333333
El Salvador,1943,0.00039973672,-1.4991398083333334
El Salvador,1944,0.00019565232,-1.4101551499999998
El Salvador,1945,0.0001922773,-1.5371136583333334
El Salvador,1946,0.00018896055,-1.10450682
El Salvador,1947,0.00018570102,-1.1375339808333331
El Salvador,1948,0.00036642846,-1.1769102466666668
El Salvador,1949,0.00017893311,-1.4282608083333337
El Salvador,1950,0.12267433,-1.7399923
El Salvador,1951,0.14459123,-0.8497802441666665
El Salvador,1952,0.1699213,-0.9520583041666668
El Salvador,1953,0.17845438,-0.6757413613333334
El Salvador,1954,0.19582714,-1.3277516233333333
El Salvador,1955,0.18814696,-1.513044025
El Salvador,1956,0.20942096,-1.5094599708333334
El Salvador,1957,0.23112544,-0.9700854619166668
El Salvador,1958,0.2253526,-0.7052245158333333
El Salvador,1959,0.22234918,-1.1711085583333334
El Salvador,1960,0.22170305,-1.4868572416666666
El Salvador,1961,0.20288622,-1.0193255679166666
El Salvador,1962,0.21981193,-1.1137302733333334
El Salvador,1963,0.37129655,-0.6779252699999999
El Salvador,1964,0.39550397,-0.6284623141666666
El Salvador,1965,0.32513553,-0.4812165913333333
El Salvador,1966,0.39618728,-0.7341555066666667
El Salvador,1967,0.34186372,-0.4056259789166667
El Salvador,1968,0.361934,-0.906267165
El Salvador,1969,0.33279863,-0.7110287341666667
El Salvador,1970,0.38931668,-0.867581365
El Salvador,1971,0.40155193,-0.9366245375
El Salvador,1972,0.43600625,-0.0996449808333333
El Salvador,1973,0.49938458,-0.6507045423333334
El Salvador,1974,0.48888978,-0.757687575525
El Salvador,1975,0.51098496,-0.8057591091666666
El Salvador,1976,0.52413225,-0.6923807527916667
El Salvador,1977,0.53047514,-0.2786011699166666
El Salvador,1978,0.5419508,-0.5178453183333334
El Salvador,1979,0.53047806,-0.3458517410833333
El Salvador,1980,0.46680278,-0.2226209634166666
El Salvador,1981,0.3979231,-0.5532407695
El Salvador,1982,0.37904277,-0.0933148041666666
El Salvador,1983,0.40051752,0.1061326654166666
El Salvador,1984,0.33103707,-0.86288419775
El Salvador,1985,0.40152672,-0.5201247503333334
El Salvador,1986,0.39407232,-0.4750593566666667
El Salvador,1987,0.47413635,0.3151297575
El Salvador,1988,0.46827808,-0.35764917
El Salvador,1989,0.4807094,-0.537219365
El Salvador,1990,0.45837373,-0.0077845258166666
El Salvador,1991,0.57410294,0.0080868358333333
El Salvador,1992,0.5938131,-0.04484113025
El Salvador,1993,0.70241266,-0.3714489958333333
El Salvador,1994,0.78974545,0.0736538575
El Salvador,1995,0.8674569,-0.4991873041666666
El Salvador,1996,0.7604334,-0.7575923666666666
El Salvador,1997,0.92663234,0.2131584475
El Salvador,1998,0.9745682,0.0912693330833333
El Salvador,1999,0.9448764,-1.0149234133333334
El Salvador,2000,0.9541774,-0.594154527
El Salvador,2001,0.98146486,-0.3422226908333333
El Salvador,2002,1.0139154,0.1649436891666666
El Salvador,2003,1.0727347,-0.1103210444166666
El Salvador,2004,1.041498,-0.0192661316666666
El Salvador,2005,1.0486518,-0.204017635
El Salvador,2006,1.119211,-0.1149311058333333
El Salvador,2007,1.1390756,-0.2758310569166667
El Salvador,2008,1.0622752,-0.6665070855833334
El Salvador,2009,1.0436863,0.2170993496666666
El Salvador,2010,1.0412687,-0.2271547295833333
El Salvador,2011,1.0672126,-0.2253546695833333
El Salvador,2012,1.0585476,0.0669031116666666
El Salvador,2013,0.99277955,0.2307454724166666
El Salvador,2014,0.9980938,0.4087285988333333
El Salvador,2015,1.0782957,1.047610125
El Salvador,2016,1.0637066,0.7364184066666667
El Salvador,2017,0.9607652,0.3679002113333333
El Salvador,2018,1.0068917,0.5237757333333334
El Salvador,2019,1.2138822,0.8538570358333334
El Salvador,2020,1.0577208,0.4635923753333333
El Salvador,2021,1.211914,0.6615287458333333
El Salvador,2022,1.2420157,0.27958249925
El Salvador,2023,1.304408,1.15728696
Equatorial Guinea,1950,0.048525516,-1.1023693083333332
Equatorial Guinea,1951,0.047670677,-0.9024146258333332
Equatorial Guinea,1952,0.046844836,-0.8973066008333334
Equatorial Guinea,1953,0.04603767,-1.0501198725
Equatorial Guinea,1954,0.120650835,-1.2968866
Equatorial Guinea,1955,0.14823686,-1.1952463725
Equatorial Guinea,1956,0.1456911,-1.3496864416666667
Equatorial Guinea,1957,0.12886888,-1.101355546666667
Equatorial Guinea,1958,0.18295372,-0.9587518425
Equatorial Guinea,1959,0.17976917,-0.7882291416666667
Equatorial Guinea,1960,0.08149526,-0.9433498391666668
Equatorial Guinea,1961,0.079982825,-1.1281372758333337
Equatorial Guinea,1962,0.07844397,-1.0626508383333333
Equatorial Guinea,1963,0.089701846,-0.7788818691666667
Equatorial Guinea,1964,0.087862395,-0.9952146058333334
Equatorial Guinea,1965,0.098295785,-0.982737535
Equatorial Guinea,1966,0.08414035,-0.7464756925000001
Equatorial Guinea,1967,0.08226868,-0.9865423966666668
Equatorial Guinea,1968,0.09194249,-0.9465740516666666
Equatorial Guinea,1969,0.13634291,-0.6556936933333334
Equatorial Guinea,1970,0.11422586,-0.6679598508333333
Equatorial Guinea,1971,0.20877889,-0.9181354808333334
Equatorial Guinea,1972,0.2841889,-0.8042778925
Equatorial Guinea,1973,0.0969806,-0.5783731091666667
Equatorial Guinea,1974,0.17393722,-1.1772494183333333
Equatorial Guinea,1975,0.21637319,-1.15518887
Equatorial Guinea,1976,0.22166863,-1.2158931166666669
Equatorial Guinea,1977,0.22507444,-0.7266597733333334
Equatorial Guinea,1978,0.25178397,-0.7788696233333333
Equatorial Guinea,1979,0.22261298,-0.6733732275
Equatorial Guinea,1980,0.20312743,-0.6474175458333333
Equatorial Guinea,1981,0.22959362,-0.6486889491666666
Equatorial Guinea,1982,0.22744626,-0.7755982041666667
Equatorial Guinea,1983,0.18139248,-0.4436066991666667
Equatorial Guinea,1984,0.2209316,-0.59495083
Equatorial Guinea,1985,0.17108083,-0.8012342433333334
Equatorial Guinea,1986,0.19918457,-0.7274758016666666
Equatorial Guinea,1987,0.2341602,-0.1352249783333333
Equatorial Guinea,1988,0.24170405,-0.3761425021666666
Equatorial Guinea,1989,0.25668544,-0.6267929
Equatorial Guinea,1990,0.13134167,-0.5317920088333333
Equatorial Guinea,1991,0.13400383,-0.6013145383333333
Equatorial Guinea,1992,0.12913331,-0.6885000875
Equatorial Guinea,1993,0.13135664,-0.4151342758333333
Equatorial Guinea,1994,2.0958602,-0.3886165616666666
Equatorial Guinea,1995,2.148104,-0.2608121243333333
Equatorial Guinea,1996,2.2841659,-0.5547984458333334
Equatorial Guinea,1997,3.2013936,-0.3613440141666666
Equatorial Guinea,1998,3.589377,0.2482363414166666
Equatorial Guinea,1999,3.7640934,-0.527300675
Equatorial Guinea,2000,3.838316,-0.53940519
Equatorial Guinea,2001,4.1273913,-0.4800917315
Equatorial Guinea,2002,3.4608455,-0.173394521
Equatorial Guinea,2003,3.6958742,-0.0312555630833333
Equatorial Guinea,2004,6.8202314,-0.0403515501666666
Equatorial Guinea,2005,6.5532994,0.0172715195
Equatorial Guinea,2006,6.242209,-0.0775971418333333
Equatorial Guinea,2007,5.5250874,-0.0271490418333333
Equatorial Guinea,2008,5.4787884,-0.03938802045
Equatorial Guinea,2009,4.3160815,0.0852971079166666
Equatorial Guinea,2010,5.3843446,0.3513531713333333
Equatorial Guinea,2011,4.907836,0.11254851125
Equatorial Guinea,2012,5.3351574,0.0881156905333333
Equatorial Guinea,2013,6.0885653,0.1932772013333333
Equatorial Guinea,2014,5.481011,0.286921184
Equatorial Guinea,2015,4.8377657,0.3291171361666666
Equatorial Guinea,2016,5.011591,0.7067084333333332
Equatorial Guinea,2017,4.372589,0.6904702258333333
Equatorial Guinea,2018,4.362631,0.5662188516666666
Equatorial Guinea,2019,3.3138647,0.7151406591666666
Equatorial Guinea,2020,3.7353525,0.8157785758333334
Equatorial Guinea,2021,4.047854,0.6415767658333333
Equatorial Guinea,2022,3.7847974,0.440226395
Equatorial Guinea,2023,3.3241498,0.760138032
Eritrea,1940,0.010259877,-1.6845652316666666
Eritrea,1941,0.0050671883,-1.1896001483333334
Eritrea,1942,0.014998466,-1.4633396466666666
Eritrea,1943,0.01970197,-2.973343558333333
Eritrea,1944,0.024263166,-1.9118903383333328
Eritrea,1994,0.36950994,-0.32725032025
Eritrea,1995,0.38998795,-0.3114771886666667
Eritrea,1996,0.40491942,-0.4102740283333333
Eritrea,1997,0.35693702,-0.4190516441666667
Eritrea,1998,0.26883787,-0.022732253
Eritrea,1999,0.27814156,-0.0464083354166666
Eritrea,2000,0.26899686,-0.2250367755
Eritrea,2001,0.27566016,-0.09897533975
Eritrea,2002,0.21272029,0.2038054461666666
Eritrea,2003,0.31280383,0.063185845
Eritrea,2004,0.243803,0.1565357841666666
Eritrea,2005,0.22011165,-0.0792350833333333
Eritrea,2006,0.16781613,-0.1382234965
Eritrea,2007,0.15461121,-0.4557736666666667
Eritrea,2008,0.14145058,-0.1312101691666666
Eritrea,2009,0.15444708,0.53211181
Eritrea,2010,0.15891461,0.3092412975
Eritrea,2011,0.19270557,-0.2400689158333333
Eritrea,2012,0.20027581,0.0672680495
Eritrea,2013,0.18524711,0.3359460825
Eritrea,2014,0.18387242,-0.0035750071666666
Eritrea,2015,0.17850363,0.74627177
Eritrea,2016,0.17841426,0.5535965024999999
Eritrea,2017,0.17682853,0.7009619116666667
Eritrea,2018,0.19513549,0.33887227075
Eritrea,2019,0.19906436,0.3149439488333334
Eritrea,2020,0.19473332,0.0993620533833333
Eritrea,2021,0.2034651,0.5208710058333333
Eritrea,2022,0.18286084,0.3169010525
Eritrea,2023,0.17887679,1.0926764870833334
Estonia,1940,4.383028,-2.7774428241666667
Estonia,1941,3.8569245,-3.8277621241666666
Estonia,1942,2.0982924,-3.413999724416667
Estonia,1943,2.1951191,-0.2670251924999999
Estonia,1944,3.190916,-0.7651425725
Estonia,1945,3.387928,-1.5260647416666666
Estonia,1946,3.8177683,-1.3589262453333333
Estonia,1947,4.6088324,-1.9375807405
Estonia,1948,4.917292,-0.5109672120000001
Estonia,1949,5.589701,0.190794975
Estonia,1950,6.2164383,-1.0697501
Estonia,1951,6.652916,-1.272888175
Estonia,1952,7.038645,-1.9481234391666664
Estonia,1953,7.3641586,-0.7942905975
Estonia,1954,7.959518,-1.4463906141666667
Estonia,1955,8.932774,-2.0444790016666667
Estonia,1956,9.699954,-2.867060843333333
Estonia,1957,10.520703,-0.7303591395833333
Estonia,1958,11.121664,-2.069840391666667
Estonia,1959,11.602696,-0.5111525209116667
Estonia,1960,11.97803,-1.5203225583333333
Estonia,1961,12.205569,0.1251157508333333
Estonia,1962,12.66148,-1.7712470075000002
Estonia,1963,13.424667,-2.1479201391666667
Estonia,1964,14.112048,-1.2203157916666667
Estonia,1965,14.80237,-1.875887284
Estonia,1966,15.468819,-2.2561440116666667
Estonia,1967,16.005966,-0.8900567924999999
Estonia,1968,16.2772,-1.6490859466666663
Estonia,1969,16.768427,-2.6289247966666665
Estonia,1970,17.469786,-2.0893576416666666
Estonia,1971,18.370417,-0.9123372395
Estonia,1972,19.156267,-0.479907495
Estonia,1973,19.796986,-0.8211067249999999
Estonia,1974,20.37812,-0.0438084289999999
Estonia,1975,21.246243,0.6594044991666667
Estonia,1976,21.8887,-2.4853836858333334
Estonia,1977,22.449284,-1.6063577766666668
Estonia,1978,23.031054,-2.493945369166666
Estonia,1979,23.065298,-1.511543036666667
Estonia,1980,23.837864,-1.8597770981666668
Estonia,1981,23.242464,-1.123513859166667
Estonia,1982,23.529676,-0.7393944974999999
Estonia,1983,23.702497,-0.00190068375
Estonia,1984,23.750973,-0.4422682091666666
Estonia,1985,25.456888,-2.539579009166667
Estonia,1986,25.284662,-1.2629786155833334
Estonia,1987,24.49284,-2.8399709491666667
Estonia,1988,24.375017,-0.4982539991666666
Estonia,1989,24.836657,1.0230377008333331
Estonia,1990,23.510187,0.5341767390833333
Estonia,1991,21.812721,0.0224176775
Estonia,1992,15.853945,0.2195630091666667
Estonia,1993,12.91985,-1.1302249011666667
Estonia,1994,13.580821,-0.9682888029166666
Estonia,1995,12.428304,-0.0446986991666666
Estonia,1996,13.267734,-1.6726351725
Estonia,1997,13.136726,-0.4091532366666667
Estonia,1998,11.999477,-0.8239963172533334
Estonia,1999,11.349628,0.2230589058333333
Estonia,2000,11.074747,0.7530220675
Estonia,2001,11.432618,-0.241724375
Estonia,2002,11.133863,0.02748213
Estonia,2003,12.584402,-0.5328846003833333
Estonia,2004,12.712316,-0.3414055308333333
Estonia,2005,12.614255,-0.3152334625
Estonia,2006,12.205063,0.2503575224999999
Estonia,2007,14.866046,0.4766167758333333
Estonia,2008,13.324143,0.9483292591666668
Estonia,2009,10.794397,-0.3643078133333333
Estonia,2010,14.244142,-1.3988445566666667
Estonia,2011,14.275455,0.5501535244166668
Estonia,2012,13.42947,-0.99923519375
Estonia,2013,14.898127,0.3075442902499999
Estonia,2014,14.290873,0.5346975399999999
Estonia,2015,12.003931,1.0813921475
Estonia,2016,13.248889,0.1464945213333333
Estonia,2017,14.131093,0.0040283566666666
Estonia,2018,13.465802,0.6977922308333334
Estonia,2019,9.261651,1.0671473463916668
Estonia,2020,6.917965,1.9325344491666667
Estonia,2021,7.802623,0.1420903141666666
Estonia,2022,8.708775,0.6093609729166667
Estonia,2023,7.3282313,0.7307141349999999
Eswatini,1950,0.0134889865,-0.45005441125
Eswatini,1951,0.013152605,-0.2119512533333333
Eswatini,1952,0.012829176,-0.0832923995833333
Eswatini,1953,0.012517851,-0.2759852308333333
Eswatini,1954,0.012217609,-1.5078739366666667
Eswatini,1955,0.011928093,-1.5837140108333332
Eswatini,1956,0.011647572,-0.5698683270833333
Eswatini,1957,0.011375632,-0.1846102066666667
Eswatini,1958,0.0111124255,0.0499535316666666
Eswatini,1959,0.010857326,-0.073067585
Eswatini,1960,0.09550178,-0.3411503666666666
Eswatini,1961,0.010373344,-0.2287245585499999
Eswatini,1964,0.02903236,-0.6915863283333333
Eswatini,1965,0.20759635,-0.4959987778333333
Eswatini,1966,0.50540847,-0.1569695463333333
Eswatini,1967,0.5554257,-0.6421276850000001
Eswatini,1968,0.66441905,-1.2668980721666667
Eswatini,1969,0.7075021,-0.2045025800833333
Eswatini,1970,0.8305132,0.0734400741666666
Eswatini,1971,0.88133097,-0.40257041
Eswatini,1972,0.8181504,-0.4545422458333333
Eswatini,1973,0.7725762,-0.4852805091666667
Eswatini,1974,0.6317844,-0.1199817698333333
Eswatini,1975,0.66404927,-0.9939033183333332
Eswatini,1976,0.6371687,-0.6783338333333333
Eswatini,1977,0.630666,-0.0543840749999999
Eswatini,1978,0.7873996,-0.4241138191666667
Eswatini,1979,0.7744931,-0.25988603
Eswatini,1980,0.77994686,-0.5369687896666667
Eswatini,1981,0.7069345,-0.8708440458333334
Eswatini,1982,0.68382543,-0.3832839275
Eswatini,1983,0.41148797,0.3384095858333333
Eswatini,1984,0.48979783,-0.9556495391666668
Eswatini,1985,0.62263775,-0.0727478665
Eswatini,1986,0.62338877,-0.0552335616666666
Eswatini,1987,0.5708802,0.1641602425
Eswatini,1988,0.54518425,-0.2680567941666666
Eswatini,1989,0.52044773,-0.3286924408333333
Eswatini,1990,1.1003962,-0.5349113116666667
Eswatini,1991,0.9602259,-0.2010053796666666
Eswatini,1992,0.8816543,0.915201585
Eswatini,1993,0.731829,0.0239168825
Eswatini,1994,1.109185,-0.6482698866666666
Eswatini,1995,1.0949813,-0.6472040827166666
Eswatini,1996,0.7958763,-0.6615264308333333
Eswatini,1997,1.1356692,-0.7200924541666667
Eswatini,1998,1.1391493,0.07263088135
Eswatini,1999,1.2014991,-0.0089948144999999
Eswatini,2000,1.1610769,-0.7781019145
Eswatini,2001,1.042356,-0.2188077787083333
Eswatini,2002,1.0202699,-0.0557523683333333
Eswatini,2003,0.9412074,0.491165003
Eswatini,2004,0.9321149,-0.0996847241666666
Eswatini,2005,0.94064087,0.2599624766666666
Eswatini,2006,0.93593854,-0.2976475575
Eswatini,2007,0.9540722,-0.0558997741249999
Eswatini,2008,0.93096805,-0.24151277275
Eswatini,2009,0.9581755,-0.2285735591666666
Eswatini,2010,0.89655834,0.4141456324999999
Eswatini,2011,0.90141344,-0.0071123512499999
Eswatini,2012,1.0400412,0.1833128111666666
Eswatini,2013,1.2386868,-0.2184361668333333
Eswatini,2014,0.67716897,-0.0288445988333333
Eswatini,2015,0.7598779,1.003615137583333
Eswatini,2016,0.91802174,0.8847986175
Eswatini,2017,0.85103136,0.1046780789166666
Eswatini,2018,0.8839588,0.0672531156666666
Eswatini,2019,0.9502872,0.6174081858333333
Eswatini,2020,0.9400464,0.07936866875
Eswatini,2021,0.83814645,-0.203688225
Eswatini,2022,0.88582075,0.1518449075
Eswatini,2023,0.8973983,0.4120818794166667
Ethiopia,1941,0.000623873,-0.858825525
Ethiopia,1942,0.000623873,-1.1386613866666668
Ethiopia,1943,0.000623873,-1.5783087333333334
Ethiopia,1948,0.0002079386,-1.5318765583333331
Ethiopia,1949,0.00020702281,-2.0049963083333333
Ethiopia,1950,0.0049748225,-2.656747025
Ethiopia,1951,0.0034608922,-2.06799395
Ethiopia,1952,0.0053965556,-1.9654801716666668
Ethiopia,1953,0.009808444,-2.089500891666667
Ethiopia,1954,0.0142355375,-1.5501907666666668
Ethiopia,1955,0.011691667,-1.323493625
Ethiopia,1956,0.01219572,-1.2954686375
Ethiopia,1957,0.015978381,-1.2460516241666666
Ethiopia,1958,0.015558859,-0.6516812675
Ethiopia,1959,0.01614131,-1.0614377575
Ethiopia,1960,0.016449032,-1.3127447799999998
Ethiopia,1961,0.01554972,-1.0903725525
Ethiopia,1962,0.017606616,-1.2457270625
Ethiopia,1963,0.01827262,-1.230184395
Ethiopia,1964,0.017177278,-1.014193044166667
Ethiopia,1965,0.026510283,-0.9639506376666668
Ethiopia,1966,0.033021923,-0.6909066783333334
Ethiopia,1967,0.04187932,-1.4334978966666665
Ethiopia,1968,0.0654962,-1.3411657075
Ethiopia,1969,0.061554488,-0.500078995
Ethiopia,1970,0.059352327,-0.6414759958333333
Ethiopia,1971,0.06466623,-1.2824955108333334
Ethiopia,1972,0.047871463,-0.8499997383333334
Ethiopia,1973,0.05804032,-0.5270729041666666
Ethiopia,1974,0.056085803,-1.1067733716666666
Ethiopia,1975,0.03809595,-1.0804573625
Ethiopia,1976,0.036107313,-0.9447444441666668
Ethiopia,1977,0.03156085,-0.84155194
Ethiopia,1978,0.040566742,-0.8611261091666665
Ethiopia,1979,0.05386128,-0.7373242408333334
Ethiopia,1980,0.05279013,-0.3262850455
Ethiopia,1981,0.05268551,-0.7414417250833333
Ethiopia,1982,0.04015978,-0.7774845791666666
Ethiopia,1983,0.048614644,-0.4585396466666667
Ethiopia,1984,0.042603645,-0.5575467791666667
Ethiopia,1985,0.04514598,-0.98967869975
Ethiopia,1986,0.05349352,-0.7405036256666667
Ethiopia,1987,0.060159724,-0.1045362183333333
Ethiopia,1988,0.05979658,-0.2110371607166666
Ethiopia,1989,0.060900968,-0.8540151799999999
Ethiopia,1990,0.06272894,-0.3275756884166667
Ethiopia,1991,0.059506066,-0.2700378065833333
Ethiopia,1992,0.05663505,-0.5452146583333334
Ethiopia,1993,0.055737987,-0.5775462849166667
Ethiopia,1994,0.03950986,-0.2154051474166666
Ethiopia,1995,0.04355355,-0.0769174868333333
Ethiopia,1996,0.04698675,-0.4640986158333333
Ethiopia,1997,0.048533224,-0.2608807855
Ethiopia,1998,0.049672496,0.1910037965
Ethiopia,1999,0.047331546,-0.2183405575
Ethiopia,2000,0.051368944,-0.5337551544166667
Ethiopia,2001,0.061371796,-0.43428739125
Ethiopia,2002,0.061864417,0.0086132708333333
Ethiopia,2003,0.06596316,-0.14738130725
Ethiopia,2004,0.067806825,-0.2072877884166666
Ethiopia,2005,0.06324222,0.0642762191666666
Ethiopia,2006,0.06589777,0.0062669135
Ethiopia,2007,0.070269234,0.1032619475333333
Ethiopia,2008,0.07502134,-0.1306188882166666
Ethiopia,2009,0.07332829,0.563530442
Ethiopia,2010,0.07007186,0.1635036461666666
Ethiopia,2011,0.079547115,-0.02654584225
Ethiopia,2012,0.08411428,0.1708989145833333
Ethiopia,2013,0.09995026,-0.0386050575
Ethiopia,2014,0.11542686,0.1662758182083333
Ethiopia,2015,0.122264124,0.5872707283333334
Ethiopia,2016,0.13582079,0.7139029531666666
Ethiopia,2017,0.1347171,0.51043686
Ethiopia,2018,0.1401208,0.0430355049166666
Ethiopia,2019,0.14892082,0.4665837335833334
Ethiopia,2020,0.13328455,0.3880604095833333
Ethiopia,2021,0.13231507,0.37271928375
Ethiopia,2022,0.12088377,0.5849310550000001
Ethiopia,2023,0.118322685,0.64703831
Faroe Islands,1950,1.2733879,-0.4167758496916666
Faroe Islands,1951,1.2641219,-0.6714907608333333
Faroe Islands,1952,1.717661,-0.9131168283333334
Faroe Islands,1953,2.6326773,0.51169462625
Faroe Islands,1954,2.4008987,-0.4235603611666667
Faroe Islands,1955,3.0825415,-0.6364053525000001
Faroe Islands,1956,3.516206,-0.4091627399999999
Faroe Islands,1957,2.9123816,-0.3805511533333334
Faroe Islands,1958,3.537213,-0.5439842723333334
Faroe Islands,1959,2.9407847,0.4225274018333333
Faroe Islands,1960,1.7187252,0.203761105
Faroe Islands,1961,3.2887628,-0.2385075408333333
Faroe Islands,1962,3.3558877,-0.7645769412583333
Faroe Islands,1963,3.5224793,-0.5452781466666666
Faroe Islands,1964,3.375827,-0.204708985
Faroe Islands,1965,3.7311609,-0.8303881619166665
Faroe Islands,1966,3.785124,-0.8358657116666667
Faroe Islands,1967,4.5335555,-0.5103931033333333
Faroe Islands,1968,4.879478,-0.8030803874166667
Faroe Islands,1969,5.609989,-0.7847730925
Faroe Islands,1970,6.706412,-0.90392205
Faroe Islands,1971,6.7250214,-0.3306136921666666
Faroe Islands,1972,5.988151,-0.001736595
Faroe Islands,1973,6.3815026,-0.8484124316666667
Faroe Islands,1974,7.4958334,0.0268482579999999
Faroe Islands,1975,8.585452,-0.6815581725
Faroe Islands,1976,8.041946,-0.233351996
Faroe Islands,1977,9.814049,-0.6043254633333334
Faroe Islands,1978,9.521647,-0.9194807923333334
Faroe Islands,1979,11.292413,-1.5255091558333334
Faroe Islands,1980,9.788826,-0.5616489008333333
Faroe Islands,1981,10.083479,-1.132309117833333
Faroe Islands,1982,10.3739605,-0.4160084203333333
Faroe Islands,1983,10.91502,-0.9785229541666666
Faroe Islands,1984,11.0449505,-0.2181885856666666
Faroe Islands,1985,11.340665,-0.94284228625
Faroe Islands,1986,10.676873,-0.6411689688333334
Faroe Islands,1987,10.730061,-0.1162225433333333
Faroe Islands,1988,11.242856,-0.4652368825
Faroe Islands,1989,12.190957,-0.400650435
Faroe Islands,1990,14.817449,-0.0972174389166666
Faroe Islands,1991,14.015215,0.0258715596666666
Faroe Islands,1992,14.098128,-0.2921397466666667
Faroe Islands,1993,12.91485,-0.7305787916666667
Faroe Islands,1994,13.033237,-0.5489856333333334
Faroe Islands,1995,13.0462885,-0.7215097054999999
Faroe Islands,1996,13.612178,-0.470420468
Faroe Islands,1997,13.250017,0.015577255
Faroe Islands,1998,13.879097,-0.38526669975
Faroe Islands,1999,13.945123,-0.39756626375
Faroe Islands,2000,15.09008,-0.4282340233333332
Faroe Islands,2001,16.490934,-0.2904283969999999
Faroe Islands,2002,15.498558,0.5019368750000001
Faroe Islands,2003,15.463831,0.8199114933333335
Faroe Islands,2004,15.574921,0.4010241016666667
Faroe Islands,2005,14.936225,-0.0598626375
Faroe Islands,2006,14.003512,0.5116146266666667
Faroe Islands,2007,14.217672,0.0270609025
Faroe Islands,2008,12.999876,0.0573237499999999
Faroe Islands,2009,11.8693495,0.5590331933333333
Faroe Islands,2010,13.088704,-0.3899501916666667
Faroe Islands,2011,11.85414,0.37509567425
Faroe Islands,2012,12.272792,-0.4245763029166666
Faroe Islands,2013,13.440716,-0.0809986545833333
Faroe Islands,2014,12.321938,0.8414700516666667
Faroe Islands,2015,12.446518,-8.262618333336007e-05
Faroe Islands,2016,12.730703,0.1292285758333333
Faroe Islands,2017,14.081364,0.5695488791666666
Faroe Islands,2018,14.221595,0.1718402695166666
Faroe Islands,2019,14.283498,0.0659282136666666
Faroe Islands,2020,14.42602,0.1481384808333333
Faroe Islands,2021,14.646098,0.1105779983333333
Faroe Islands,2022,14.632135,0.4358488958333333
Faroe Islands,2023,14.5845785,0.20121010525
Fiji,1950,0.3906928,-0.3388190283333334
Fiji,1951,0.4173002,-0.6510887125
Fiji,1952,0.48727474,-0.1205573060833333
Fiji,1953,0.5089304,-0.2517023066666666
Fiji,1954,0.4637961,-0.3703075970833334
Fiji,1955,0.49337894,-0.4184153829333333
Fiji,1956,0.5406597,-0.3471096370833333
Fiji,1957,0.44578186,-0.5817637441666667
Fiji,1958,0.46156996,-0.5909546178333334
Fiji,1959,0.50381446,-0.5243948291666667
Fiji,1960,0.47967,-0.3892626766666667
Fiji,1961,0.40382493,-0.2149839416666666
Fiji,1962,0.5361951,-0.3430924445
Fiji,1963,0.5443544,-0.4196864716666666
Fiji,1964,0.9271592,-0.0717911725
Fiji,1965,0.7285488,-0.8004829208333333
Fiji,1966,0.6624784,-0.6395605445
Fiji,1967,0.71210665,-0.3755270658333333
Fiji,1968,0.7755528,-0.5056190433333333
Fiji,1969,0.829842,-0.3565084098333333
Fiji,1970,0.97910935,-0.1310372350833333
Fiji,1971,1.0151252,-0.2117067971666666
Fiji,1972,1.0510486,-0.5269171391666666
Fiji,1973,1.1263691,0.0601255079166666
Fiji,1974,1.1810322,-0.1522172258333333
Fiji,1975,1.0811213,-0.1307303141666666
Fiji,1976,0.8249407,-0.350565596525
Fiji,1977,1.2791517,-0.6185965591666667
Fiji,1978,1.158545,-0.5530378000833333
Fiji,1979,1.3344309,-0.5401043869166666
Fiji,1980,1.2344298,-0.3388708427333333
Fiji,1981,1.6384828,-0.4510130891666666
Fiji,1982,1.2402215,-0.4166584058333333
Fiji,1983,1.0277358,-0.2713017454166667
Fiji,1984,0.81679904,-0.110822039
Fiji,1985,0.79172915,-0.26461283325
Fiji,1986,0.8090213,-0.6188948933333334
Fiji,1987,0.62890154,-0.5941882041666667
Fiji,1988,0.7246584,0.2751825641666667
Fiji,1989,0.8158892,-0.20642630225
Fiji,1990,1.0361398,-0.1686019916666666
Fiji,1991,0.8402015,-0.279726985
Fiji,1992,0.92997456,-0.35772434925
Fiji,1993,0.9219493,-0.6938460633333333
Fiji,1994,0.9098398,-0.6830946696
Fiji,1995,0.92236894,-0.1758039804583333
Fiji,1996,0.9859433,-0.10842180225
Fiji,1997,0.94113106,-0.5189174096666667
Fiji,1998,0.90403026,0.0747944523333333
Fiji,1999,0.9094502,-0.1243621478333333
Fiji,2000,0.96907324,0.0592266739125
Fiji,2001,1.1817101,0.0063072821666666
Fiji,2002,0.97363335,0.1921505919166666
Fiji,2003,1.1420194,-0.1930041372499999
Fiji,2004,1.479312,-0.0326043783166666
Fiji,2005,1.1627305,0.00397793375
Fiji,2006,1.2881179,-0.0834226566666666
Fiji,2007,1.2080126,0.561386745
Fiji,2008,0.8761009,0.23232094525
Fiji,2009,0.7714126,-0.4296716048333333
Fiji,2010,1.1309438,0.3699102458333334
Fiji,2011,1.0234166,0.0886343335833333
Fiji,2012,0.997228,-0.0803678841666666
Fiji,2013,1.1316144,0.2492176716666666
Fiji,2014,1.2858326,-0.0911285053333333
Fiji,2015,1.3522621,-0.2922598591666667
Fiji,2016,1.2796372,0.3790566144166666
Fiji,2017,1.4237815,0.48459784275
Fiji,2018,1.4780109,0.3270188985833333
Fiji,2019,1.4818621,0.4084711115833333
Fiji,2020,1.0972939,0.7072828625
Fiji,2021,1.1951271,0.6579135246666667
Fiji,2022,1.2201303,0.7511105518333333
Fiji,2023,1.2402701,0.4593186385833332
Finland,1940,0.6262735,-2.0943878991666667
Finland,1941,0.87141585,-3.1910174645
Finland,1942,0.74856985,-2.4937181391666665
Finland,1943,1.0426828,0.5374562666666666
Finland,1944,0.7144878,-0.0973325374999999
Finland,1945,0.16645867,-1.7089740416666668
Finland,1946,0.8465546,-0.8449628703333333
Finland,1947,1.3947167,-1.6482050233333334
Finland,1948,2.1469412,-0.10272051025
Finland,1949,1.2415742,0.4043037275
Finland,1950,1.6327256,-0.3150961058333333
Finland,1951,1.9707552,-0.6421309728333333
Finland,1952,2.1157022,-1.3421692383333337
Finland,1953,1.8276727,0.1452688375
Finland,1954,2.1857417,-0.305553495
Finland,1955,2.5797172,-2.890557105
Finland,1956,2.841718,-2.8084925608333333
Finland,1957,2.8309083,-0.5672137333333334
Finland,1958,2.4329438,-2.0668013491666666
Finland,1959,3.0845597,-0.0945552608333333
Finland,1960,3.4059525,-0.7767184766666667
Finland,1961,3.344957,0.371455385
Finland,1962,3.7380705,-1.7100409525
Finland,1963,4.2743473,-1.4006125566666665
Finland,1964,5.018134,-0.8357768291666666
Finland,1965,5.543279,-1.7176673750000002
Finland,1966,6.436645,-2.94134677
Finland,1967,6.2058263,-0.6178093041666667
Finland,1968,7.192401,-2.18697992
Finland,1969,8.195627,-2.0649132926666667
Finland,1970,8.760901,-1.42559814
Finland,1971,8.789254,-1.7683841958333335
Finland,1972,9.506646,0.2504744433333333
Finland,1973,10.570454,-1.0224132266666668
Finland,1974,9.937156,0.6622358545833333
Finland,1975,9.769583,0.2793931633333333
Finland,1976,10.834982,-2.311744508333333
Finland,1977,10.580702,-1.4856560725
Finland,1978,10.905485,-2.5266108291666667
Finland,1979,11.383823,-1.1732719808333334
Finland,1980,12.164792,-1.6904926466666663
Finland,1981,10.709471,-1.7731691158333334
Finland,1982,8.903645,-0.8511502124999999
Finland,1983,8.539029,-0.640347855
Finland,1984,8.6335745,-0.1386542008333333
Finland,1985,10.107481,-3.1221987186666667
Finland,1986,10.8198805,-1.4940143608333336
Finland,1987,11.664834,-2.827083366666667
Finland,1988,10.524062,-0.7542741404166667
Finland,1989,10.564648,1.0568788025
Finland,1990,11.414952,0.195982295
Finland,1991,11.008524,-0.3790173599999999
Finland,1992,10.763771,-0.0789280916666667
Finland,1993,11.116052,-0.8575181166666667
Finland,1994,12.133458,-0.8265128924999999
Finland,1995,11.378922,-0.2456450783333333
Finland,1996,12.496431,-0.904970845
Finland,1997,12.199319,-0.4138735475
Finland,1998,11.517984,-1.413275764166667
Finland,1999,11.397608,-0.300724476
Finland,2000,11.015339,0.92696292575
Finland,2001,12.051263,-0.6268689858333333
Finland,2002,12.508224,-0.456908825
Finland,2003,13.938072,-0.1959430825
Finland,2004,13.187595,-0.0537332995833333
Finland,2005,10.877544,0.6235771883333333
Finland,2006,12.983371,0.2726659498333333
Finland,2007,12.623978,0.4350100738333333
Finland,2008,11.033562,0.4520963441666666
Finland,2009,10.474264,-0.34024908
Finland,2010,11.950097,-1.595233728125
Finland,2011,10.5131855,0.8324303694166666
Finland,2012,9.448784,-0.8921781329999999
Finland,2013,9.50887,0.7797463708333333
Finland,2014,8.719377,0.9630582258333332
Finland,2015,8.064728,1.2262619433333333
Finland,2016,8.598248,0.5036641149166666
Finland,2017,8.107141,-0.0694889972499999
Finland,2018,8.291627,0.6497146875
Finland,2019,7.686383,0.1909024024999999
Finland,2020,6.8179035,1.7949756886666668
Finland,2021,6.821489,-0.186993315
Finland,2022,6.5299587,0.72068123
Finland,2023,5.6456437,0.2502245158333333
France,1940,3.4146125,-1.6110417533333334
France,1941,2.9683535,-1.7337672025
France,1942,3.0239975,-1.3515844366666665
France,1943,3.0806637,-0.6305700920833334
France,1944,1.9602842,-1.3009649875
France,1945,2.616853,-0.7202067429166666
France,1946,4.0204406,-1.2613124379416667
France,1947,4.4513903,-0.2332451566666666
France,1948,4.7462525,-0.90275439
France,1949,5.5062785,-0.4605353731666666
France,1950,4.8296037,-0.8133942616666667
France,1951,5.403012,-1.08474918
France,1952,5.305874,-0.9614103741666667
France,1953,4.963197,-1.0037899005
France,1954,5.1824226,-1.5288911791666668
France,1955,5.414662,-0.8012588025
France,1956,6.0217214,-1.9669440933333333
France,1957,6.1616287,-0.7127137433333334
France,1958,5.850375,-0.7053680953583333
France,1959,5.697758,-0.1355744633333333
France,1960,6.3884215,-0.8458194411666667
France,1961,6.743324,-0.0916271125
France,1962,7.0424237,-1.479997351666667
France,1963,7.0806727,-1.8837118525
France,1964,7.64791,-0.9809130044166666
France,1965,7.4679027,-1.4467417066666668
France,1966,7.7491555,-0.6841447058333333
France,1967,8.179472,-0.8515941733333333
France,1968,8.390327,-1.0783594808333332
France,1969,8.822914,-1.0574399233333334
France,1970,9.0791235,-1.0123967335833333
France,1971,9.639259,-1.142819045
France,1972,9.952644,-1.3321869041666667
France,1973,10.347955,-1.1458785933333333
France,1974,9.940186,-0.8903420091666666
France,1975,9.162192,-1.025763268333333
France,1976,9.903018,-0.6786962383333334
France,1977,9.551632,-0.8725816700000001
France,1978,9.917879,-1.27772981
France,1979,9.937488,-1.2432773566666666
France,1980,9.495882,-1.4766196166666663
France,1981,8.487534,-0.8629668549999999
France,1982,8.08987,-0.3589457591666666
France,1983,7.7329206,-0.5289960258333334
France,1984,7.488124,-1.216978508333333
France,1985,7.3253207,-1.4607116958333333
France,1986,7.021133,-1.15765317525
France,1987,6.9377937,-0.9863767075
France,1988,6.8575897,-0.3793324234999999
France,1989,7.0623355,0.0654074354999999
France,1990,6.90851,0.0466212036666666
France,1991,7.296108,-0.9381132858333332
France,1992,7.077009,-0.5542488566666667
France,1993,6.7074585,-0.8288812620833333
France,1994,6.5654187,0.2507595966666666
France,1995,6.6299295,-0.0757549561666666
France,1996,6.88853,-0.9658298823333332
France,1997,6.741581,0.1232047441666666
France,1998,7.030747,-0.3338382925
France,1999,6.973456,-0.0563829341666666
France,2000,6.8277426,0.0613027821666666
France,2001,6.851596,-0.2362438399999999
France,2002,6.7290792,0.1521592941666666
France,2003,6.7823114,0.4621965480416666
France,2004,6.757305,-0.24977476875
France,2005,6.7471843,-0.2555753323333333
France,2006,6.545662,0.256107962
France,2007,6.343027,-0.0327444799999999
France,2008,6.197721,-0.3396918683333333
France,2009,5.876992,0.0852285966666667
France,2010,5.93619,-0.83273177
France,2011,5.5602403,0.66395251
France,2012,5.564287,-0.0838833839166666
France,2013,5.570985,-0.4859966783333333
France,2014,5.052249,0.69987583
France,2015,5.1064253,0.5503658408333334
France,2016,5.13468,0.1616075896666666
France,2017,5.1635575,0.3272629449999999
France,2018,4.9136486,0.7783468075000001
France,2019,4.7926087,0.6368961791666666
France,2020,4.25596,1.0604339966666667
France,2021,4.6245623,-0.08517869
France,2022,4.4283843,1.316368338333333
France,2023,4.101157,1.2332533233333332
French Polynesia,1955,0.5956109,-0.85929966
French Polynesia,1956,0.5762743,-0.8110607491666667
French Polynesia,1957,0.6541689,-0.3593193714166666
French Polynesia,1958,0.6402636,-0.20451482325
French Polynesia,1959,0.35803103,-0.3066287066666667
French Polynesia,1960,0.4380365,-0.2867860766666666
French Polynesia,1961,0.68645567,-0.3862838775
French Polynesia,1962,0.5459693,-0.5324341491666666
French Polynesia,1963,0.7351607,-0.3471013684166666
French Polynesia,1964,0.7106973,-0.4937229071666666
French Polynesia,1965,0.8778882,-0.4218381183333333
French Polynesia,1966,1.2177784,-0.2759006816666666
French Polynesia,1967,1.3553989,-0.4653275825
French Polynesia,1968,1.447336,-0.46776692075
French Polynesia,1969,1.4646147,0.0570821764666666
French Polynesia,1970,1.7037524,-0.2848690353333333
French Polynesia,1971,1.926622,-0.7483398083333334
French Polynesia,1972,1.774072,-0.2591581344166667
French Polynesia,1973,1.6594467,-0.2570363648333333
French Polynesia,1974,1.663801,-0.772970995
French Polynesia,1975,1.5857803,-0.7162696408333334
French Polynesia,1976,1.9104615,-0.56251335375
French Polynesia,1977,1.9315522,-0.2358328510833333
French Polynesia,1978,2.1217427,-0.3941472316666667
French Polynesia,1979,1.8617886,-0.2681395243333333
French Polynesia,1980,1.8737735,-0.05049006175
French Polynesia,1981,2.042237,-0.2621928874166666
French Polynesia,1982,2.02324,-0.0155614205833333
French Polynesia,1983,2.4538333,-0.1325810766666666
French Polynesia,1984,2.6165495,-0.1895565980833333
French Polynesia,1985,3.2599306,-0.279683111
French Polynesia,1986,3.2764864,-0.1367731085
French Polynesia,1987,3.2133937,0.0877599708333333
French Polynesia,1988,2.9474807,-0.1070051191566666
French Polynesia,1989,2.7168207,-0.3890242566666666
French Polynesia,1990,2.3020272,-0.1322526939166666
French Polynesia,1991,2.257852,0.0343195586666666
French Polynesia,1992,2.1132932,-0.0543548265833333
French Polynesia,1993,2.179422,-0.1028962133333333
French Polynesia,1994,2.1947844,0.0488684970833333
French Polynesia,1995,2.1283238,0.0335841185833333
French Polynesia,1996,2.0801747,-0.3016886725
French Polynesia,1997,2.1432045,-0.2027955045833333
French Polynesia,1998,2.09277,0.1883153934166666
French Polynesia,1999,2.2768636,-0.0648725815833333
French Polynesia,2000,2.5462868,-0.1626637775
French Polynesia,2001,2.9726367,-0.1225860910833333
French Polynesia,2002,2.9284196,0.2500460948333333
French Polynesia,2003,3.101876,0.1847926756416666
French Polynesia,2004,3.0101874,0.0046666470833333
French Polynesia,2005,3.1912808,0.06775092725
French Polynesia,2006,3.1184518,0.1461551991333333
French Polynesia,2007,3.053276,0.1065009452666666
French Polynesia,2008,3.1131964,-0.3643890989166666
French Polynesia,2009,3.1138887,0.0731623975833333
French Polynesia,2010,3.4127688,-0.0735063573666666
French Polynesia,2011,3.263734,-0.6079109491666667
French Polynesia,2012,3.2073016,0.0416539519166666
French Polynesia,2013,3.2011998,-0.23362652475
French Polynesia,2014,3.076039,-0.0526574452583333
French Polynesia,2015,3.0464535,0.0741685233333333
French Polynesia,2016,3.110936,0.4937621728333333
French Polynesia,2017,3.1139774,0.2674700426666667
French Polynesia,2018,3.143086,0.0359546328333333
French Polynesia,2019,3.1913288,0.1736262670833333
French Polynesia,2020,2.9793313,0.1191522255833333
French Polynesia,2021,3.130068,-0.0861795751666666
French Polynesia,2022,3.1985233,-0.4874326383333333
French Polynesia,2023,3.2594645,0.1913399700833333
Gabon,1950,0.022098232,-1.1574959716666666
Gabon,1951,0.029289689,-0.9606784266666668
Gabon,1952,0.03775233,-0.8923414483333333
Gabon,1953,0.031628463,-1.07472785
Gabon,1954,0.03320223,-1.1880445466666667
Gabon,1955,0.032507934,-1.0519207233333334
Gabon,1956,0.041964997,-1.26227204
Gabon,1957,0.044670057,-0.9142138253333334
Gabon,1958,0.050762624,-0.821149825
Gabon,1959,0.043381225,-0.6951508535833333
Gabon,1960,0.25748268,-0.9031904466666668
Gabon,1961,0.31815806,-1.1612558308333334
Gabon,1962,0.1676207,-1.0262114283333337
Gabon,1963,0.13789625,-0.7166949891666666
Gabon,1964,0.35373625,-0.8795154808333333
Gabon,1965,0.39572597,-0.9364582775
Gabon,1966,0.6873056,-0.6459894183333333
Gabon,1967,1.7960209,-1.0937495283333334
Gabon,1968,3.4256814,-0.9822162058333334
Gabon,1969,2.4563494,-0.6994441349999999
Gabon,1970,3.4929676,-0.7120777741666666
Gabon,1971,4.674038,-0.9026962833333334
Gabon,1972,4.408045,-0.8421780333333334
Gabon,1973,8.374732,-0.5751466736666667
Gabon,1974,8.412441,-1.1563653908333331
Gabon,1975,8.100919,-1.1020801833333334
Gabon,1976,8.417767,-1.2522943666666666
Gabon,1977,9.08787,-0.771176655
Gabon,1978,10.622667,-0.7868088108333334
Gabon,1979,9.250527,-0.7147026066666666
Gabon,1980,8.852344,-0.7160404525
Gabon,1981,8.543093,-0.6801873866666667
Gabon,1982,8.291004,-0.8154614783333334
Gabon,1983,6.792685,-0.4295010608333333
Gabon,1984,7.1743674,-0.510814505
Gabon,1985,7.352159,-0.7786369325
Gabon,1986,5.621642,-0.6585784
Gabon,1987,4.428214,-0.1011683140833333
Gabon,1988,4.6411195,-0.3425413758333333
Gabon,1989,6.0155745,-0.634484135
Gabon,1990,4.559079,-0.5580321966666667
Gabon,1991,4.473492,-0.4898269930833334
Gabon,1992,4.735392,-0.7157654741666667
Gabon,1993,4.66517,-0.4168732978333333
Gabon,1994,4.14895,-0.4702053049999999
Gabon,1995,4.6479125,-0.2567938169166666
Gabon,1996,5.109202,-0.6412768333333333
Gabon,1997,4.678292,-0.3632478748583334
Gabon,1998,5.325532,0.3154279363333333
Gabon,1999,4.838368,-0.4720966041666667
Gabon,2000,4.804424,-0.5456453958333333
Gabon,2001,4.9482784,-0.5132322268333334
Gabon,2002,4.646788,-0.0343899738333333
Gabon,2003,4.8803077,0.0923722570833333
Gabon,2004,4.492455,-0.0815998701666666
Gabon,2005,4.2523212,0.0219523118333333
Gabon,2006,3.6747363,-0.0644194291666666
Gabon,2007,3.2371407,0.047879221
Gabon,2008,3.3468785,-0.0797648434166666
Gabon,2009,3.1925216,0.0094787288225
Gabon,2010,3.3934028,0.3702414833333333
Gabon,2011,3.2705607,0.1395956663333333
Gabon,2012,3.0483212,0.1332772580833333
Gabon,2013,3.0981631,0.26673619
Gabon,2014,3.2195609,0.2527467423666666
Gabon,2015,3.172839,0.3693223019166666
Gabon,2016,3.10519,0.7585113816666667
Gabon,2017,2.5475187,0.555036545
Gabon,2018,2.5164337,0.4688552191666666
Gabon,2019,2.3507752,0.6353281341666667
Gabon,2020,2.42184,0.7083718033333333
Gabon,2021,2.327388,0.5242303183333333
Gabon,2022,2.400404,0.3733253458333334
Gabon,2023,2.1776652,0.5895770361666667
Gambia,1950,0.047784086,-1.2627962316666668
Gambia,1951,0.046608362,-1.3408291958333336
Gambia,1952,0.034073472,-1.4651424000000002
Gambia,1953,0.033203244,-0.9113475441666666
Gambia,1954,0.04313544,-1.2779162645833333
Gambia,1955,0.04202353,-1.0074038428333334
Gambia,1956,0.051173043,-1.2185491030833333
Gambia,1957,0.05981927,-1.1794945508333334
Gambia,1958,0.06797143,-0.9497055909166666
Gambia,1959,0.047277175,-0.9200806566666668
Gambia,1960,0.04602668,-0.7765011749999999
Gambia,1961,0.053764284,-0.9891576783333336
Gambia,1962,0.06104835,-1.2666079133333332
Gambia,1963,0.06789586,-0.7955673533333334
Gambia,1964,0.0660701,-1.0857461295833333
Gambia,1965,0.06429353,-1.7446967750000002
Gambia,1966,0.070390545,-1.2925322966666666
Gambia,1967,0.068479724,-1.5009058333333334
Gambia,1968,0.07398567,-1.48310565025
Gambia,1969,0.09350608,-0.4867159541666666
Gambia,1970,0.09089001,-0.6038155541666667
Gambia,1971,0.101900816,-0.9838453958333332
Gambia,1972,0.11876075,-0.5733482045833332
Gambia,1973,0.10890215,-0.33330949125
Gambia,1974,0.10574422,-1.0968863333333332
Gambia,1975,0.16303875,-0.9972173491666668
Gambia,1976,0.15812616,-1.0523099866666663
Gambia,1977,0.17589906,-0.1543850925
Gambia,1978,0.20872173,-0.5345250775
Gambia,1979,0.2124874,-0.3759198203833334
Gambia,1980,0.22070064,-0.18901522825
Gambia,1981,0.21316996,-0.3110033683333333
Gambia,1982,0.21054502,-0.9163047436833334
Gambia,1983,0.20292091,0.0243598595
Gambia,1984,0.20858805,-0.4279886908333334
Gambia,1985,0.20051466,-0.4982617678333333
Gambia,1986,0.18033655,-0.741962107
Gambia,1987,0.19282989,-0.1878986358333333
Gambia,1988,0.18884222,-0.4209013051666666
Gambia,1989,0.17752622,-0.5156588533333334
Gambia,1990,0.18760204,-0.2083528883333333
Gambia,1991,0.17988414,-0.27494335
Gambia,1992,0.17271945,-0.338745118
Gambia,1993,0.1757502,-0.2044049909166666
Gambia,1994,0.17018488,-0.31132142
Gambia,1995,0.17098838,0.0254723208333333
Gambia,1996,0.16893005,-0.1181839275
Gambia,1997,0.16693743,-0.0168453846666666
Gambia,1998,0.1756232,0.4292683655833333
Gambia,1999,0.19410317,-0.5549901334166667
Gambia,2000,0.18885961,-0.1778264008333333
Gambia,2001,0.20097165,-0.1383439716666666
Gambia,2002,0.19326216,0.2600919415
Gambia,2003,0.18812671,-0.2465278306666667
Gambia,2004,0.19661817,-0.2257076839166666
Gambia,2005,0.1934218,0.2770756078333333
Gambia,2006,0.20293394,-0.1618989330833333
Gambia,2007,0.19713081,-0.1460013409166666
Gambia,2008,0.19954604,-0.0771317482916666
Gambia,2009,0.19970696,-0.28716865675
Gambia,2010,0.22061062,0.5050398533333333
Gambia,2011,0.2234893,0.1164978321666666
Gambia,2012,0.21879509,0.1191507991666666
Gambia,2013,0.20202921,0.2015139291666666
Gambia,2014,0.23360372,0.0506828559166666
Gambia,2015,0.26189277,-0.0483449316666666
Gambia,2016,0.25830644,0.3616717644166667
Gambia,2017,0.25342792,0.5330085833333333
Gambia,2018,0.27026686,-0.13758865725
Gambia,2019,0.28932655,0.0075624791666666
Gambia,2020,0.27818328,0.5789345116666667
Gambia,2021,0.28163114,0.4609667429166666
Gambia,2022,0.279729,0.0514359449166666
Gambia,2023,0.26351094,0.5585522669999999
Georgia,1940,0.6193766,-0.9593228408333334
Georgia,1941,0.5390178,-1.3740429045833331
Georgia,1942,0.29293552,-1.2672436708333332
Georgia,1943,0.30294445,-1.4511876808333335
Georgia,1944,0.43533108,-1.5258475358333332
Georgia,1945,0.45488033,-2.7313545225
Georgia,1946,0.5052692,-1.65067277
Georgia,1947,0.6022644,-0.2806956258333333
Georgia,1948,0.633905,-1.6156661266666663
Georgia,1949,0.7126264,-1.8371014233333327
Georgia,1950,0.78802174,-1.1269414291666668
Georgia,1951,0.8426294,-0.5840218023333333
Georgia,1952,0.8906564,-0.3693726108333333
Georgia,1953,0.9297294,-1.376839033166667
Georgia,1954,1.0010701,-0.28967745
Georgia,1955,1.1193969,0.0997796064999999
Georgia,1956,1.2105176,-2.4159274525
Georgia,1957,1.3046162,-0.3240069808333333
Georgia,1958,1.3706381,-0.7849115045833334
Georgia,1959,1.4165223,-1.6485669416666668
Georgia,1960,1.4489714,-0.2908951874999999
Georgia,1961,1.4687574,-0.5649376016666667
Georgia,1962,1.515496,0.24955512275
Georgia,1963,1.598077,-0.554591655
Georgia,1964,1.6719488,-1.6218073641666668
Georgia,1965,1.7460486,-1.1426748541666667
Georgia,1966,1.8143969,1.322000691666667
Georgia,1967,1.8658037,-1.3697260684758332
Georgia,1968,1.8867998,-0.620951473
Georgia,1969,1.9333318,-1.334088260833333
Georgia,1970,2.0065687,-0.3738551775
Georgia,1971,2.1145668,-0.4749486141666667
Georgia,1972,2.2107491,-1.0774471033333333
Georgia,1973,2.2901208,-1.5144691141666666
Georgia,1974,2.3631732,-1.2135546825
Georgia,1975,2.4683075,-0.8598788346666667
Georgia,1976,2.544352,-1.6642107641666666
Georgia,1977,2.61107,-1.1981144166666666
Georgia,1978,2.6808019,-1.0363340608333331
Georgia,1979,2.683145,0.0494341916666666
Georgia,1980,2.7675672,-0.6029270275
Georgia,1981,2.6963859,-0.0475573114166666
Georgia,1982,2.7254367,-1.4164016408333333
Georgia,1983,2.7416906,-0.9004906116666667
Georgia,1984,2.7435093,-0.9028094755833332
Georgia,1985,2.9336839,-0.9097498541666664
Georgia,1986,2.874126,-0.3627881933333333
Georgia,1987,2.8801153,-0.7939675128333333
Georgia,1988,2.9669788,-0.7837918619166667
Georgia,1989,2.9449728,-0.1199422164166666
Georgia,1990,2.9269478,-0.5094146983333333
Georgia,1991,2.9505086,-0.2682676143333333
Georgia,1992,2.8856273,-2.097990408333333
Georgia,1993,1.9146943,-1.8812711666666668
Georgia,1994,1.2024534,-0.7838830883333333
Georgia,1995,0.46496794,-0.5853211291666667
Georgia,1996,0.84231186,-0.2913403533333333
Georgia,1997,0.9426988,-1.0004463683333331
Georgia,1998,1.0792708,0.5146570029166667
Georgia,1999,0.96755564,0.0506662308333333
Georgia,2000,1.0397545,-0.5671718491666666
Georgia,2001,0.8848809,0.0607428124999999
Georgia,2002,0.8111573,-0.3183863166666666
Georgia,2003,0.9133739,-0.9026633348333334
Georgia,2004,1.0532076,-0.3935522083333333
Georgia,2005,1.2453573,-0.1252612216666666
Georgia,2006,1.5245835,-0.0183914516666665
Georgia,2007,1.6034336,-0.0969433341666666
Georgia,2008,1.3470249,-0.0383580583333333
Georgia,2009,1.565652,0.1786429320833333
Georgia,2010,1.5934885,2.031053429166666
Georgia,2011,2.0173657,-0.7792376541666667
Georgia,2012,2.150076,0.55892847
Georgia,2013,2.1035426,0.1641900633333333
Georgia,2014,2.3567052,1.007032009166667
Georgia,2015,2.573163,1.003497065
Georgia,2016,2.6549697,0.3239633425
Georgia,2017,2.6820617,0.4860164816666666
Georgia,2018,2.651641,1.7351239491666668
Georgia,2019,2.8674045,1.0679308458333334
Georgia,2020,2.7860782,0.9660418375
Georgia,2021,2.9285443,0.9597639775
Georgia,2022,3.0376725,0.6275464925
Georgia,2023,3.091041,1.2745717250000002
Germany,1940,9.120772,-2.808839195833333
Germany,1941,9.196745,-2.286859396666667
Germany,1942,9.298256,-2.12609960525
Germany,1943,9.478794,-0.49564751125
Germany,1944,8.392185,-1.17186313
Germany,1945,1.626086,-0.7506972609166667
Germany,1946,3.8143752,-1.0171865775
Germany,1947,4.4693284,-1.0251452416666669
Germany,1948,5.3269467,-0.59753384775
Germany,1949,6.0961905,-0.204436494
Germany,1950,7.31136,-0.6688941491666668
Germany,1951,8.266681,-0.5410238916666666
Germany,1952,8.749933,-1.37458238125
Germany,1953,8.915299,-0.3384020138333334
Germany,1954,9.410683,-1.626204735
Germany,1955,10.286595,-1.8454090216666663
Germany,1956,10.850431,-2.5251596941666663
Germany,1957,10.942868,-0.7031156316666666
Germany,1958,10.550012,-1.0726667379166666
Germany,1959,10.462029,-0.2321716066666666
Germany,1960,11.178855,-0.7290047870833334
Germany,1961,11.377547,-0.1712008066666666
Germany,1962,11.935201,-1.9703050116666667
Germany,1963,12.657615,-2.0253956333333334
Germany,1964,12.865134,-1.0009739858333333
Germany,1965,12.638423,-1.6146132050000002
Germany,1966,12.418872,-0.6191477588333333
Germany,1967,12.1634445,-0.2271753416666667
Germany,1968,12.736357,-1.0100926856666668
Germany,1969,13.496882,-1.416792734583333
Germany,1970,13.119641,-1.4586647108333333
Germany,1971,13.239209,-0.6887890964166666
Germany,1972,13.230216,-1.3346744883333337
Germany,1973,13.749278,-0.9342510729166666
Germany,1974,13.45281,-0.3521954391666666
Germany,1975,12.73728,-0.299629714
Germany,1976,13.920093,-0.6850567674999999
Germany,1977,13.462961,-0.5239090025
Germany,1978,13.814611,-1.4409573930833333
Germany,1979,14.304787,-1.5747080666666669
Germany,1980,14.046625,-1.6437228325
Germany,1981,13.365841,-1.081983806166667
Germany,1982,12.956844,-0.4633365958333333
Germany,1983,12.932142,-0.3514799429166667
Germany,1984,13.247041,-1.4178627925
Germany,1985,13.4096155,-1.9376121608333328
Germany,1986,13.442266,-1.4639193779166666
Germany,1987,13.225888,-1.95107097775
Germany,1988,13.127662,-0.2921365025
Germany,1989,12.768392,0.1194084033333332
Germany,1990,13.233265,0.0934579183333333
Germany,1991,12.663633,-1.0961033066666666
Germany,1992,11.97833,-0.0839803863333333
Germany,1993,11.773524,-0.9364267
Germany,1994,11.534628,0.3546531691666666
Germany,1995,11.45983,-0.4362073908333334
Germany,1996,11.6661005,-2.175260828333333
Germany,1997,11.30614,-0.4590958929166666
Germany,1998,11.260548,-0.3110502013333334
Germany,1999,10.963045,0.1215925658333333
Germany,2000,10.9903,0.5071701778833333
Germany,2001,11.170657,-0.3571037708333333
Germany,2002,10.952274,0.209873425
Germany,2003,10.893729,0.0859540316666666
Germany,2004,10.677811,-0.3404097791666667
Germany,2005,10.577888,-0.2506192816666666
Germany,2006,10.849614,0.3036104183333333
Germany,2007,10.407525,0.6292306033333334
Germany,2008,10.560963,0.2535564166666667
Germany,2009,9.760283,-0.0455592641666666
Germany,2010,10.227281,-1.3885043955833334
Germany,2011,9.949733,0.4031803874999999
Germany,2012,10.060888,-0.1578843666666666
Germany,2013,10.263168,-0.5550269563333333
Germany,2014,9.739707,1.073316395
Germany,2015,9.7571745,0.6752084666666667
Germany,2016,9.642498,0.2826714933333334
Germany,2017,9.441113,0.313884295
Germany,2018,9.116714,1.21172547
Germany,2019,8.494904,1.02162319
Germany,2020,7.752807,1.1459796783333334
Germany,2021,8.109933,-0.1540064906666667
Germany,2022,7.9855165,1.2205320259166668
Germany,2023,7.051025,1.3108577685583334
Ghana,1950,0.12548386,-1.3745215791666665
Ghana,1951,0.16746642,-1.1436683275
Ghana,1952,0.16118379,-1.0115369116666668
Ghana,1953,0.18340062,-0.7841804816666667
Ghana,1954,0.17522593,-1.1803415575
Ghana,1955,0.2007032,-1.37120246
Ghana,1956,0.17631638,-1.4472691025
Ghana,1957,0.20489535,-1.728965445
Ghana,1958,0.20904723,-0.8229182566666666
Ghana,1959,0.19637838,-0.8702549875
Ghana,1960,0.21001306,-0.9631899258333334
Ghana,1961,0.18773715,-0.842563635
Ghana,1962,0.19525146,-1.160551235
Ghana,1963,0.22916205,-0.8824885650000001
Ghana,1964,0.21424985,-0.7943286838333333
Ghana,1965,0.21614315,-1.038950285
Ghana,1966,0.17833377,-0.6968544291666666
Ghana,1967,0.18072236,-1.1743216666666667
Ghana,1968,0.19453281,-1.0872124116666668
Ghana,1969,0.17122708,-0.7848947916666665
Ghana,1970,0.26928595,-0.5835865308333333
Ghana,1971,0.22120856,-1.1008529758333332
Ghana,1972,0.23486847,-0.7794224483333333
Ghana,1973,0.23233412,-0.33362007075
Ghana,1974,0.2674591,-0.9625873558333332
Ghana,1975,0.23419951,-1.1033711458333333
Ghana,1976,0.19885091,-1.30134583
Ghana,1977,0.24710193,-0.5166179316666667
Ghana,1978,0.24166812,-0.8437863983333332
Ghana,1979,0.21736552,-0.7161390033333334
Ghana,1980,0.20187771,-0.5885176591666667
Ghana,1981,0.2317837,-0.32968219025
Ghana,1982,0.22893173,-0.5998272944999999
Ghana,1983,0.2693802,0.0871853800833333
Ghana,1984,0.18441363,-0.3311510075
Ghana,1985,0.23011988,-0.645198825
Ghana,1986,0.21015616,-0.6115886358333333
Ghana,1987,0.22026457,0.2320992125
Ghana,1988,0.21929139,-0.2281958283333333
Ghana,1989,0.20387076,-0.562948072475
Ghana,1990,0.22824734,-0.3256182626666666
Ghana,1991,0.24714956,-0.6173601173333333
Ghana,1992,0.20035088,-0.6344693455
Ghana,1993,0.23013924,-0.3916064863333333
Ghana,1994,0.2671488,-0.4313222583333333
Ghana,1995,0.26576105,-0.4051415085
Ghana,1996,0.27279204,-0.5505173983333334
Ghana,1997,0.30233827,-0.2898351308333333
Ghana,1998,0.29879808,0.3383916241666667
Ghana,1999,0.2931227,-0.6200558374999999
Ghana,2000,0.27054992,-0.310698193
Ghana,2001,0.29596117,-0.1429642035
Ghana,2002,0.31275728,-0.110911846975
Ghana,2003,0.31387904,-0.0190134073333333
Ghana,2004,0.29497686,-0.1170554197333333
Ghana,2005,0.2723046,0.02053069825
Ghana,2006,0.36991924,0.0599506663333333
Ghana,2007,0.37990797,0.0655047093666666
Ghana,2008,0.34327245,-0.01397482495
Ghana,2009,0.27623886,0.2161471023333333
Ghana,2010,0.3510315,0.4627283399999999
Ghana,2011,0.39607328,0.12165133
Ghana,2012,0.47296125,-0.0056532220833333
Ghana,2013,0.46031755,0.146778265
Ghana,2014,0.4726014,0.13597201675
Ghana,2015,0.5076704,0.3516422883333334
Ghana,2016,0.4740764,0.6498126983333333
Ghana,2017,0.4144755,0.556739015
Ghana,2018,0.49580094,0.3089841196666666
Ghana,2019,0.52523965,0.6404509516666667
Ghana,2020,0.6011012,0.5852894816666666
Ghana,2021,0.63182783,0.7351743466666667
Ghana,2022,0.61199224,0.1215286250833333
Ghana,2023,0.5814861,0.5916159933333334
Greece,1940,0.032469917,-1.4878203433333332
Greece,1941,0.018364085,-1.4957448791666668
Greece,1942,0.03063862,-1.21934874
Greece,1943,0.028566908,-0.8343690638333333
Greece,1944,0.014719153,-1.4234096550000002
Greece,1945,0.008769778,-1.0910214505
Greece,1946,0.01649835,-0.2735175241666667
Greece,1947,0.02221159,0.1262072338333333
Greece,1948,0.17812769,-0.8770316337558333
Greece,1949,0.21518615,-1.05225059
Greece,1950,0.53949946,0.1805964524999999
Greece,1951,0.5931145,0.1844276195
Greece,1952,0.6169944,0.6362847425
Greece,1953,0.6229604,-0.8914880775
Greece,1954,0.6424345,-0.8980681924999999
Greece,1955,0.745566,-0.1947482058333333
Greece,1956,0.77982056,-1.0550092401666666
Greece,1957,0.83738506,-0.4920275966666667
Greece,1958,0.9065398,-0.07584038075
Greece,1959,0.97870064,-1.3071204958333331
Greece,1960,1.1201168,-0.2012497235
Greece,1961,1.161179,-0.4364787279166667
Greece,1962,1.1977383,-0.2569125891666666
Greece,1963,1.4419186,-0.4484109141666666
Greece,1964,1.552408,-1.02509653975
Greece,1965,1.9948738,-1.0721524220833334
Greece,1966,2.1702485,-0.1355233548533333
Greece,1967,2.2534895,-0.6886133787166666
Greece,1968,2.5563898,-0.3222069658333333
Greece,1969,2.9077609,-0.3037759575
Greece,1970,2.7579927,-0.2694748991666666
Greece,1971,3.1580267,-0.9028349125
Greece,1972,3.5570278,-0.7926657664166666
Greece,1973,4.1751647,-0.7993723500883334
Greece,1974,4.0386963,-0.7717894733333334
Greece,1975,4.288575,-0.7967627366666666
Greece,1976,4.6566353,-1.3261847011666668
Greece,1977,5.026637,-0.0791524592499999
Greece,1978,5.0775824,-0.9403303125
Greece,1979,5.3347597,-0.5439994794999999
Greece,1980,5.2716017,-0.9050814788333332
Greece,1981,5.138774,-0.6197966775
Greece,1982,5.236,-0.7503417675
Greece,1983,5.527892,-1.045333265
Greece,1984,5.6404896,-0.6711591069999999
Greece,1985,5.955162,-0.3595239633333333
Greece,1986,5.776201,-0.5032811658333333
Greece,1987,6.174602,-0.7229600899999999
Greece,1988,6.588594,-0.3987875051666666
Greece,1989,7.166847,-0.7172963166666667
Greece,1990,8.1336,-0.1558311008333333
Greece,1991,8.092638,-1.2601959603333337
Greece,1992,8.202403,-0.9719647291666668
Greece,1993,8.094437,-0.639636135
Greece,1994,8.258019,0.3773245058333334
Greece,1995,8.267103,-0.5832264375
Greece,1996,8.430903,-0.80131542
Greece,1997,8.830643,-0.8623971475
Greece,1998,9.238266,-0.1452831408333333
Greece,1999,9.128983,0.2425365424166666
Greece,2000,9.549958,-0.1707986758333333
Greece,2001,9.716937,0.1003062016666667
Greece,2002,9.641713,-0.1381814033333333
Greece,2003,9.989241,-0.2359300424999999
Greece,2004,10.0011015,-0.2711672781666667
Greece,2005,10.3711815,-0.5231062963333334
Greece,2006,10.20506,-0.5180962663333333
Greece,2007,10.370174,0.4129443566666667
Greece,2008,10.028189,0.4217581354166667
Greece,2009,9.391401,0.2792200233333333
Greece,2010,8.751235,0.7269355408333333
Greece,2011,8.507247,-0.4271352325
Greece,2012,8.2721405,0.4865296553333333
Greece,2013,7.4505033,0.6701724658333333
Greece,2014,7.218839,0.55444316
Greece,2015,6.92429,0.212870765
Greece,2016,6.6224217,0.5786366856666666
Greece,2017,6.9597645,0.2517354191666666
Greece,2018,6.6889873,0.8466223873333334
Greece,2019,6.132962,0.7618814399999999
Greece,2020,5.192684,0.6245167720833333
Greece,2021,5.436849,0.5777362216666667
Greece,2022,5.577904,0.4857248233333333
Greece,2023,5.388754,0.94276877025
Greenland,1950,4.2663445,-1.0532873895833337
Greenland,1951,4.183356,-1.877174618333333
Greenland,1952,4.3992877,-0.30019231
Greenland,1953,4.876467,-1.3745428703333331
Greenland,1954,4.025426,-0.5013991558333334
Greenland,1955,7.9579334,-0.8509196091666666
Greenland,1956,5.260879,-1.2256729055
Greenland,1957,5.7077713,-1.2118629966666663
Greenland,1958,7.7212877,-0.8529607849999999
Greenland,1959,7.634576,-1.033541836916667
Greenland,1960,6.9653454,0.0926568875
Greenland,1961,8.778676,-1.37918434275
Greenland,1962,7.619444,-1.12727426875
Greenland,1963,9.190379,-0.7365496916666666
Greenland,1964,8.474638,-0.9947600225
Greenland,1965,8.935426,-0.2613780966666667
Greenland,1966,9.723456,-2.0490893641666665
Greenland,1967,10.09464,-0.8935616506666667
Greenland,1968,12.682945,-0.1399422208333333
Greenland,1969,9.219595,-0.3927196305
Greenland,1970,8.383886,-0.4037974708333333
Greenland,1971,10.089104,-2.0034667425
Greenland,1972,11.711522,-0.7046968466666667
Greenland,1973,11.613312,-1.2725863260833334
Greenland,1974,11.459424,-0.9016903558333336
Greenland,1975,10.287946,-1.5437794656666668
Greenland,1976,4.4347615,-0.1166141049999999
Greenland,1977,14.513955,-0.4157709233333333
Greenland,1978,7.883848,-0.7863339941666666
Greenland,1979,11.486586,-1.0606478845833334
Greenland,1980,11.265518,-0.0217066324999999
Greenland,1981,10.40868,-1.2611711441666666
Greenland,1982,10.068483,-1.4923637616666667
Greenland,1983,6.984557,-2.375797163333333
Greenland,1984,10.79819,-1.4114720766666666
Greenland,1985,9.575393,-0.1866122999999999
Greenland,1986,6.0711946,-0.6040537561666667
Greenland,1987,4.3233037,-0.1403111166666667
Greenland,1988,9.966883,-0.3594565803333333
Greenland,1989,8.548825,-1.5790714658333334
Greenland,1990,11.235459,-0.9686240375
Greenland,1991,10.950517,-0.8561406241666667
Greenland,1992,10.692107,-2.1196674
Greenland,1993,9.795317,-1.6040778816666668
Greenland,1994,8.899982,-1.0909475094166667
Greenland,1995,9.574108,-0.3574091930833333
Greenland,1996,10.664243,0.5688325208333334
Greenland,1997,11.019797,-0.24089980525
Greenland,1998,10.639913,0.2444087929166666
Greenland,1999,10.603326,-0.7641929849166665
Greenland,2000,11.884688,-0.1559557508333333
Greenland,2001,10.965209,0.0501665323333333
Greenland,2002,10.255277,0.3192531583333334
Greenland,2003,11.444084,0.9172304911666666
Greenland,2004,11.242607,0.0723019354166666
Greenland,2005,11.3076935,1.0963141033333332
Greenland,2006,11.657902,0.06856032
Greenland,2007,11.518464,-0.1107441916666666
Greenland,2008,11.958954,-0.0525383199999999
Greenland,2009,10.486355,-0.6387796158333333
Greenland,2010,12.006079,2.429727530833333
Greenland,2011,12.782353,-0.7860984030833333
Greenland,2012,10.216935,0.92137630625
Greenland,2013,9.968004,-0.3772715766666666
Greenland,2014,9.307426,0.2661563091666667
Greenland,2015,9.388049,-1.2501504074999998
Greenland,2016,9.398129,1.7771391663333331
Greenland,2017,9.702773,0.4832051183333333
Greenland,2018,9.716159,-0.0350901283333332
Greenland,2019,9.906785,1.27031398025
Greenland,2020,9.582454,-0.04502786
Greenland,2021,10.115214,1.4116307833333332
Greenland,2022,10.499258,1.1144315108333334
Greenland,2023,10.670095,0.6814399958333334
Guatemala,1940,0.00033281682,-1.3191939958333332
Guatemala,1941,0.005091346,-1.265332994166667
Guatemala,1942,0.004633785,-1.548196625
Guatemala,1943,0.004650364,-1.9923246783333333
Guatemala,1944,0.004513033,-1.495633606666667
Guatemala,1945,0.0057436,-1.3399127366666663
Guatemala,1946,0.005573985,-1.3345127008333335
Guatemala,1947,0.0054093795,-1.134910265
Guatemala,1948,0.0053806687,-1.3594780075
Guatemala,1949,0.006682904,-1.3803107074999998
Guatemala,1950,0.20086156,-1.8717403416666665
Guatemala,1951,0.2005771,-0.9856599171666668
Guatemala,1952,0.19764073,-1.1508313866666666
Guatemala,1953,0.20343834,-0.790424025
Guatemala,1954,0.21620913,-1.753240108333333
Guatemala,1955,0.2591571,-1.44538387
Guatemala,1956,0.2693267,-2.014072891666667
Guatemala,1957,0.26394603,-1.3018194858333334
Guatemala,1958,0.2939903,-0.96730834175
Guatemala,1959,0.31368843,-1.4879638308333334
Guatemala,1960,0.33080012,-1.372700713333333
Guatemala,1961,0.33598134,-1.3751859699999998
Guatemala,1962,0.32023492,-1.36373073
Guatemala,1963,0.3423102,-0.9999040018333334
Guatemala,1964,0.38699335,-0.9256849383333332
Guatemala,1965,0.41954857,-1.1010173125
Guatemala,1966,0.35935336,-1.3710452783333331
Guatemala,1967,0.39795208,-1.1501509416666666
Guatemala,1968,0.41794312,-1.3875942291666667
Guatemala,1969,0.43334594,-0.6476720133333334
Guatemala,1970,0.42550874,-1.085442055
Guatemala,1971,0.44044137,-0.9314645116666668
Guatemala,1972,0.4762847,-0.6534233091666667
Guatemala,1973,0.5030563,-0.6751554853333334
Guatemala,1974,0.51253027,-1.1018325441666663
Guatemala,1975,0.57427156,-0.7568264001666667
Guatemala,1976,0.52774096,-1.361547775
Guatemala,1977,0.5943099,-0.8953441038333333
Guatemala,1978,0.62746924,-0.7687134850833334
Guatemala,1979,0.69533145,-0.8031242741666667
Guatemala,1980,0.6510864,-0.7970741666666666
Guatemala,1981,0.5581809,-1.0173784933333334
Guatemala,1982,0.49816242,-0.6601872406666667
Guatemala,1983,0.42588702,-0.4154054316666666
Guatemala,1984,0.4457114,-0.9893625508333334
Guatemala,1985,0.44547844,-0.8910745041666667
Guatemala,1986,0.45405766,-0.95027304
Guatemala,1987,0.47229868,-0.5106163071666666
Guatemala,1988,0.47764355,-0.5139799150000001
Guatemala,1989,0.47725546,-0.9290579191666668
Guatemala,1990,0.55095845,-0.71006806925
Guatemala,1991,0.53395706,-0.41307418
Guatemala,1992,0.62162113,-0.5753022808333333
Guatemala,1993,0.5703423,-0.4951475401666667
Guatemala,1994,0.6721825,-0.3415719641666666
Guatemala,1995,0.6863746,-0.119140466
Guatemala,1996,0.62088484,-0.6668990433333333
Guatemala,1997,0.69092506,-0.0261885325833333
Guatemala,1998,0.7755921,0.3345239964166667
Guatemala,1999,0.7708902,-0.8161894433333333
Guatemala,2000,0.83477026,-0.6767239575
Guatemala,2001,0.85495406,-0.6057597786666667
Guatemala,2002,0.87546104,-0.1275992400583333
Guatemala,2003,0.83411527,0.04596758875
Guatemala,2004,0.87295973,-0.3299706733333333
Guatemala,2005,0.92524856,0.1219623856666666
Guatemala,2006,0.91091365,-0.2523325260833333
Guatemala,2007,0.88960725,-0.0585959704166666
Guatemala,2008,0.7817055,-0.3805349669166666
Guatemala,2009,0.80489516,0.3389202734166667
Guatemala,2010,0.76535326,0.2403623228333333
Guatemala,2011,0.75968486,0.32004547475
Guatemala,2012,0.76719433,0.12374973675
Guatemala,2013,0.83261454,0.3489008008333333
Guatemala,2014,0.88173604,0.1737243335333333
Guatemala,2015,0.99876,0.6615799329166666
Guatemala,2016,1.0404326,0.6235590016666667
Guatemala,2017,1.045464,0.397525310575
Guatemala,2018,1.0995575,0.2666886639166666
Guatemala,2019,1.128632,0.9981028258333332
Guatemala,2020,0.9889047,0.8894087416666667
Guatemala,2021,1.1253756,0.6935442316666668
Guatemala,2022,1.070928,0.4437882120833333
Guatemala,2023,1.1245548,1.1756302566666668
Guinea,1950,0.060534727,-1.2157046033333334
Guinea,1951,0.049809843,-1.1568873925
Guinea,1952,0.05480961,-0.99556604
Guinea,1953,0.044804752,-0.74296697
Guinea,1954,0.05193335,-1.435289375
Guinea,1955,0.050928865,-1.3478829075
Guinea,1956,0.058000147,-1.2970430041666667
Guinea,1957,0.058409,-1.1321248991666666
Guinea,1958,0.047980625,-0.8669444608333333
Guinea,1959,0.045069918,-0.9017124283333334
Guinea,1960,0.11537873,-0.6691629116666666
Guinea,1961,0.1700652,-0.83155885
Guinea,1962,0.17901148,-0.9203275108333332
Guinea,1963,0.18559778,-0.3305829362499999
Guinea,1964,0.18321511,-0.7314044605333333
Guinea,1965,0.17893076,-0.8780244208333334
Guinea,1966,0.18116161,-0.5422744775
Guinea,1967,0.17956725,-0.999759835
Guinea,1968,0.18148744,-0.7273283019166668
Guinea,1969,0.17803973,-0.4888687066666666
Guinea,1970,0.1850207,-0.3975696558333333
Guinea,1971,0.18676896,-0.8597839658333334
Guinea,1972,0.18769637,-0.53447215225
Guinea,1973,0.17806612,-0.239436461875
Guinea,1974,0.18318105,-0.8778878875
Guinea,1975,0.18108068,-0.7850642158333333
Guinea,1976,0.18757975,-1.104656375
Guinea,1977,0.18773784,-0.3713679299999999
Guinea,1978,0.1847849,-0.4363535191666667
Guinea,1979,0.19061612,-0.3071749983333333
Guinea,1980,0.19091707,-0.0761508964166666
Guinea,1981,0.1923453,-0.4502981512666666
Guinea,1982,0.18712334,-0.6551748940833334
Guinea,1983,0.1777389,-0.1131998745833333
Guinea,1984,0.1785182,-0.4582541829166666
Guinea,1985,0.1769852,-0.3510961528333333
Guinea,1986,0.17330456,-0.5521553316666666
Guinea,1987,0.16829129,0.3060290025
Guinea,1988,0.16939099,-0.0449118633333333
Guinea,1989,0.1679985,-0.2603619883333333
Guinea,1990,0.1560281,-0.08499098
Guinea,1991,0.15318833,-0.17330646775
Guinea,1992,0.15314536,-0.4591970395599999
Guinea,1993,0.15266386,-0.2822171833333333
Guinea,1994,0.1531434,-0.4755075766666667
Guinea,1995,0.15425932,-0.2806796972333333
Guinea,1996,0.15891492,-0.0561776144166666
Guinea,1997,0.16261227,-0.1837065980833333
Guinea,1998,0.16864847,0.26515960675
Guinea,1999,0.17333475,-0.4316983223333333
Guinea,2000,0.1769232,-0.3989294384166666
Guinea,2001,0.18277289,-0.1097531298333333
Guinea,2002,0.18712787,0.1897284165833333
Guinea,2003,0.19165215,0.1295186658333333
Guinea,2004,0.19446622,0.1634478600833333
Guinea,2005,0.19735163,0.1703163794083333
Guinea,2006,0.20025393,0.0526550634166666
Guinea,2007,0.20363492,0.0246540715833333
Guinea,2008,0.20172906,-0.1958708751666666
Guinea,2009,0.20806088,0.0249478025833333
Guinea,2010,0.23895557,0.25658146675
Guinea,2011,0.24342394,-0.0393015506666666
Guinea,2012,0.22175498,-0.2558126428333333
Guinea,2013,0.1885719,0.0210339214999999
Guinea,2014,0.18874304,-0.0338576615833333
Guinea,2015,0.20831236,0.008844211125
Guinea,2016,0.22705175,0.2711331035833333
Guinea,2017,0.2615111,0.4047474853333333
Guinea,2018,0.24888608,0.2429404253
Guinea,2019,0.30081806,0.4838021633333333
Guinea,2020,0.33650035,0.6665188508333334
Guinea,2021,0.3009134,0.7302022041666666
Guinea,2022,0.29839563,0.24894571375
Guinea,2023,0.28064337,0.6512711800000001
Guinea-Bissau,1950,0.013480972,-1.2634701791666667
Guinea-Bissau,1951,0.006665502,-1.1584954265833334
Guinea-Bissau,1952,0.019845597,-1.1161764509166667
Guinea-Bissau,1953,0.013142414,-0.5852828025
Guinea-Bissau,1954,0.013063949,-1.2886414616666666
Guinea-Bissau,1955,0.019488499,-1.0681080741666666
Guinea-Bissau,1956,0.019388534,-1.1501423545833334
Guinea-Bissau,1957,0.019294128,-1.09803995525
Guinea-Bissau,1958,0.019203959,-0.9937995269166668
Guinea-Bissau,1959,0.025489183,-1.0374005558333332
Guinea-Bissau,1960,0.031717505,-0.7566968636916666
Guinea-Bissau,1961,0.05032129,-0.7565630233333334
Guinea-Bissau,1962,0.06837793,-0.9931602476666668
Guinea-Bissau,1963,0.080137014,-0.5355221420833333
Guinea-Bissau,1964,0.09961513,-0.8840746816666667
Guinea-Bissau,1965,0.11470432,-1.1094932483333333
Guinea-Bissau,1966,0.11634434,-0.6721919371666667
Guinea-Bissau,1967,0.08371707,-1.1885720866666667
Guinea-Bissau,1968,0.107741036,-1.0290805607916669
Guinea-Bissau,1969,0.10080005,-0.4205888145833333
Guinea-Bissau,1970,0.119132854,-0.5479234025
Guinea-Bissau,1971,0.12501216,-0.964489305
Guinea-Bissau,1972,0.112432875,-0.5741637508333334
Guinea-Bissau,1973,0.18543574,-0.4507942224999999
Guinea-Bissau,1974,0.16728002,-1.02180528
Guinea-Bissau,1975,0.1744979,-0.9667072258333334
Guinea-Bissau,1976,0.13724111,-1.1902074841666666
Guinea-Bissau,1977,0.13831037,-0.4956971863333333
Guinea-Bissau,1978,0.12959361,-0.7134111756666667
Guinea-Bissau,1979,0.13407642,-0.4193704901666666
Guinea-Bissau,1980,0.17673588,-0.3700839719166666
Guinea-Bissau,1981,0.16963205,-0.4321986821249999
Guinea-Bissau,1982,0.16696247,-0.7076563758333334
Guinea-Bissau,1983,0.16433403,-0.12240536775
Guinea-Bissau,1984,0.18247838,-0.5238211933333333
Guinea-Bissau,1985,0.19184357,-0.5309616659999999
Guinea-Bissau,1986,0.20086089,-0.7423968366666666
Guinea-Bissau,1987,0.2095237,-0.0511124908333333
Guinea-Bissau,1988,0.22948182,-0.2726316463333333
Guinea-Bissau,1989,0.24101815,-0.3886392908333334
Guinea-Bissau,1990,0.17687066,0.0041344935
Guinea-Bissau,1991,0.17682776,-0.1375923125
Guinea-Bissau,1992,0.17527455,-0.31351502875
Guinea-Bissau,1993,0.17304192,-0.128563563
Guinea-Bissau,1994,0.16776711,-0.5137426024999999
Guinea-Bissau,1995,0.16358545,0.1651417425
Guinea-Bissau,1996,0.17943616,0.0481832853166666
Guinea-Bissau,1997,0.17290477,0.0423466355
Guinea-Bissau,1998,0.14502569,0.5782120996666666
Guinea-Bissau,1999,0.16046685,-0.2496566783333333
Guinea-Bissau,2000,0.11870119,-0.1416438391666666
Guinea-Bissau,2001,0.11910903,0.0112776765833333
Guinea-Bissau,2002,0.1193615,0.1362469985
Guinea-Bissau,2003,0.14725326,0.0077338227666666
Guinea-Bissau,2004,0.14932705,0.01832119775
Guinea-Bissau,2005,0.15382199,0.3466513954166666
Guinea-Bissau,2006,0.15274595,-0.003545282
Guinea-Bissau,2007,0.15909123,0.0292239181666666
Guinea-Bissau,2008,0.15266564,-0.0192751918333333
Guinea-Bissau,2009,0.15363377,-0.25728082925
Guinea-Bissau,2010,0.15205328,0.3148883191666666
Guinea-Bissau,2011,0.15038544,-0.0366172791666666
Guinea-Bissau,2012,0.14865583,-0.1200660077499999
Guinea-Bissau,2013,0.14475118,-0.1422448136666666
Guinea-Bissau,2014,0.14941582,-0.2732926970833333
Guinea-Bissau,2015,0.15587902,-0.2085193016666666
Guinea-Bissau,2016,0.16601396,0.10578155125
Guinea-Bissau,2017,0.16201869,0.2130897865833333
Guinea-Bissau,2018,0.1620295,-0.2578636810833333
Guinea-Bissau,2019,0.1638662,0.2356408408333333
Guinea-Bissau,2020,0.14741816,0.5506733250833333
Guinea-Bissau,2021,0.14771359,0.5138778621666666
Guinea-Bissau,2022,0.14682977,0.1067099545
Guinea-Bissau,2023,0.13839415,0.4080492658333333
Guyana,1950,0.6223511,-0.8156477541666667
Guyana,1951,0.66607934,-0.7218337083333334
Guyana,1952,0.76403576,-0.4643300433333333
Guyana,1953,0.991547,-0.5930714583333333
Guyana,1954,1.0079006,-1.2218656616666668
Guyana,1955,1.0666864,-1.2608966708333331
Guyana,1956,1.0980405,-1.397667875
Guyana,1957,1.0337721,-0.330601692
Guyana,1958,0.85603315,-0.0970625859166666
Guyana,1959,1.0004503,-0.76324558
Guyana,1960,1.1588662,-0.7402265899999999
Guyana,1961,1.2642399,-0.68662723
Guyana,1962,1.1384367,-0.7154464791666667
Guyana,1963,1.0115925,-0.5202973608333333
Guyana,1964,1.0431207,-0.0765360249999999
Guyana,1965,1.696176,-0.28522332075
Guyana,1966,1.8189846,0.1004904128333333
Guyana,1967,1.9972548,-0.58592907575
Guyana,1968,1.9671276,-0.5597847291666667
Guyana,1969,1.9801589,-0.3485267933333333
Guyana,1970,2.2474592,-0.7209866925
Guyana,1971,2.1029193,-1.11449798
Guyana,1972,2.163123,-0.6324977858333334
Guyana,1973,2.4691007,-0.5528713916666667
Guyana,1974,2.1050253,-1.099871321666667
Guyana,1975,2.4480379,-1.0955084158333337
Guyana,1976,2.3283317,-0.7783637025000001
Guyana,1977,2.501901,-0.6306363775
Guyana,1978,2.688515,-0.6184029566666667
Guyana,1979,1.9747096,-0.5048462591666667
Guyana,1980,2.3091643,-0.4871408183333333
Guyana,1981,2.3170967,-0.511131127
Guyana,1982,1.8068271,-0.4015585612499999
Guyana,1983,1.605663,-0.11023711975
Guyana,1984,1.8129029,-0.9079601033333332
Guyana,1985,1.8380842,-0.9181888925
Guyana,1986,1.359576,-0.6551494633333333
Guyana,1987,1.7119143,0.15485827145
Guyana,1988,1.847382,-0.2499087686666666
Guyana,1989,1.5678905,-0.642206985
Guyana,1990,1.5050138,-0.233019357
Guyana,1991,1.4796735,-0.3241575545833333
Guyana,1992,1.3876752,-0.1616627396666666
Guyana,1993,1.386913,-0.40407721725
Guyana,1994,1.9295208,-0.392100335
Guyana,1995,2.0679083,0.07107925375
Guyana,1996,2.1729167,-0.1458670315833333
Guyana,1997,2.369928,0.1940986261666666
Guyana,1998,2.394533,0.4690365770833333
Guyana,1999,2.3965256,-0.3233215033333333
Guyana,2000,2.285233,-0.5153420750000001
Guyana,2001,2.2815042,-0.2530614579166667
Guyana,2002,2.2456007,0.0031124740833333
Guyana,2003,2.4344814,0.1373389603333333
Guyana,2004,2.5279539,0.0683166158333333
Guyana,2005,2.1284575,0.3515605913333333
Guyana,2006,1.9890898,-0.08682441675
Guyana,2007,2.3528764,-0.20915094925
Guyana,2008,2.2627985,-0.3902384430833334
Guyana,2009,2.5383308,0.1485848483333333
Guyana,2010,2.5185962,0.1229570706666666
Guyana,2011,2.6272695,-0.0026737871666666
Guyana,2012,2.6267803,0.0318911866666666
Guyana,2013,2.5404918,-0.1176196749999999
Guyana,2014,2.6148195,-0.0313804946666666
Guyana,2015,2.640325,0.207523666
Guyana,2016,3.1102662,0.4713786466666667
Guyana,2017,3.027992,0.3609209049166667
Guyana,2018,3.1622431,0.01559814
Guyana,2019,3.412209,0.3112014106666667
Guyana,2020,4.162018,0.3928839365833333
Guyana,2021,4.391797,0.0020740840833333
Guyana,2022,4.4148493,-0.14081064875
Guyana,2023,4.290242,0.751544005
Haiti,1940,5.3597283e-05,-0.6676359158333334
Haiti,1941,2.6473663e-05,-0.4323523816666667
Haiti,1942,1.290874e-05,-0.6901574191666667
Haiti,1943,2.5848945e-05,-0.7778778118333333
Haiti,1944,1.26063e-05,-0.7898020733333334
Haiti,1945,5.0486655e-05,-0.8574309333333333
Haiti,1946,3.0777355e-05,-0.4818546024999999
Haiti,1947,3.0414676e-05,-0.16843891425
Haiti,1948,1.2022505e-05,-0.5457127966666667
Haiti,1949,2.4047853e-05,-0.71486759
Haiti,1950,0.03481643,-1.2085815949999998
Haiti,1951,0.03979157,-0.7996136383333333
Haiti,1952,0.043538358,-0.5663161261666666
Haiti,1953,0.046070557,-0.5362590175
Haiti,1954,0.062200185,-0.9747198416666666
Haiti,1955,0.075658135,-1.188399165
Haiti,1956,0.07333722,-0.9822751725
Haiti,1957,0.06908489,-0.4360410325
Haiti,1958,0.07377804,-0.0258836791666666
Haiti,1959,0.06667308,-0.182136378
Haiti,1960,0.074016154,-0.719603375
Haiti,1961,0.07549184,-0.7707953433333333
Haiti,1962,0.07593953,-0.7027031616666667
Haiti,1963,0.06112013,-0.7574879285833332
Haiti,1964,0.07240609,-0.6494970396666667
Haiti,1965,0.071957976,-0.7920967786666667
Haiti,1966,0.07064638,-0.7044862116666667
Haiti,1967,0.05931961,-0.6312020633333333
Haiti,1968,0.05903993,-0.8011128144166667
Haiti,1969,0.06921865,-0.2226344733333333
Haiti,1970,0.08295046,-0.4578221625
Haiti,1971,0.08526904,-1.02212794
Haiti,1972,0.08137422,-0.7068010933333334
Haiti,1973,0.08578347,-0.6850171080833333
Haiti,1974,0.09438494,-1.0083969416666667
Haiti,1975,0.09472842,-0.8798987058333333
Haiti,1976,0.12930767,-0.9045939355833332
Haiti,1977,0.13287167,-0.3521113371666666
Haiti,1978,0.13894247,-0.5685111675
Haiti,1979,0.13615893,-0.8244516133333333
Haiti,1980,0.13270591,-0.2985801668333333
Haiti,1981,0.13259457,-0.7467551258333334
Haiti,1982,0.14004776,-0.6891647941666666
Haiti,1983,0.14888602,-0.1143908499666666
Haiti,1984,0.14880897,-0.5457822511666667
Haiti,1985,0.15014511,-0.5095028866666667
Haiti,1986,0.13144581,-0.4430918741666667
Haiti,1987,0.13945414,0.0440878855416666
Haiti,1988,0.15318532,-0.18554592225
Haiti,1989,0.15237053,-0.3482460958333333
Haiti,1990,0.1451619,0.0279882794166666
Haiti,1991,0.13953966,-0.0344812090833333
Haiti,1992,0.12450338,-0.2798158305
Haiti,1993,0.094007485,-0.3938638430833334
Haiti,1994,0.024690928,-0.3369266191666666
Haiti,1995,0.11579442,-0.2994701115
Haiti,1996,0.13215573,-0.7275829266666666
Haiti,1997,0.17167151,0.2708597135
Haiti,1998,0.1543054,0.2260430644166666
Haiti,1999,0.15597682,-0.6453493408333334
Haiti,2000,0.19681129,-0.41498819475
Haiti,2001,0.1739967,-0.1893021271166667
Haiti,2002,0.20740215,0.0177542319166666
Haiti,2003,0.1940879,-0.0046569499999999
Haiti,2004,0.1854046,-0.3478638325
Haiti,2005,0.1902987,-0.0656557058333333
Haiti,2006,0.19009802,0.0682737044166666
Haiti,2007,0.18909171,0.1250050870833333
Haiti,2008,0.18473263,-0.23433891875
Haiti,2009,0.19488019,-0.0659260751666666
Haiti,2010,0.21797135,0.1050426155
Haiti,2011,0.22924179,-0.1213553747083333
Haiti,2012,0.22485054,-0.062818367425
Haiti,2013,0.26473927,0.1995005632716666
Haiti,2014,0.26073214,0.3946809816666667
Haiti,2015,0.25283724,0.7164878933333334
Haiti,2016,0.27920556,0.3813182478333333
Haiti,2017,0.2901943,0.22375043375
Haiti,2018,0.31075293,0.2860504768333333
Haiti,2019,0.28168207,0.5190979608333334
Haiti,2020,0.28798378,0.6905325285
Haiti,2021,0.30625582,0.3042709023
Haiti,2022,0.29390442,0.22117964445
Haiti,2023,0.3026484,0.84768804
Honduras,1940,0.0,-1.2087073358333331
Honduras,1941,0.0,-1.3757273433333337
Honduras,1942,0.0005899029,-1.6565714016666666
Honduras,1943,0.0002874357,-1.9284127583333333
Honduras,1944,0.00056463154,-1.570246405
Honduras,1945,0.0008275266,-1.5775377083333335
Honduras,1946,0.00054044265,-1.4531157883333332
Honduras,1947,0.0005287394,-1.0472447066666666
Honduras,1948,0.0005172901,-1.330575775
Honduras,1949,0.00050512335,-1.5154223416666666
Honduras,1950,0.19322366,-1.8003942083333333
Honduras,1951,0.21735397,-0.8539992941666666
Honduras,1952,0.21817634,-0.7440991408333333
Honduras,1953,0.19706923,-0.4384679758333333
Honduras,1954,0.21692012,-1.1997540816666667
Honduras,1955,0.24367256,-1.1220981375
Honduras,1956,0.24683897,-1.5926454725
Honduras,1957,0.3037963,-0.8690439858333333
Honduras,1958,0.30092818,-0.5219357816666667
Honduras,1959,0.2924798,-1.1280002575
Honduras,1960,0.29844725,-1.270197061666667
Honduras,1961,0.34710956,-0.9804369608333332
Honduras,1962,0.32061362,-1.0523683283333334
Honduras,1963,0.3165381,-0.7608998608333333
Honduras,1964,0.3123676,-0.3736530885833333
Honduras,1965,0.31581742,-0.4972057320833333
Honduras,1966,0.3292841,-0.7084450700000001
Honduras,1967,0.3475141,-0.6032487583333334
Honduras,1968,0.4717454,-0.8820387491666667
Honduras,1969,0.44026327,-0.4353419885
Honduras,1970,0.50461525,-0.8223773658333333
Honduras,1971,0.4687865,-0.7268099783333333
Honduras,1972,0.524672,-0.2146579466666666
Honduras,1973,0.5001431,-0.297605675
Honduras,1974,0.5011117,-0.8400338475
Honduras,1975,0.5200995,-0.52789624875
Honduras,1976,0.53745085,-0.992448485
Honduras,1977,0.5865335,-0.4077024458333333
Honduras,1978,0.5817981,-0.4087842233333333
Honduras,1979,0.5319071,-0.3076222758333333
Honduras,1980,0.5467905,-0.3702554678333333
Honduras,1981,0.47058117,-0.5270314167083333
Honduras,1982,0.44193825,-0.2627104125
Honduras,1983,0.4846469,0.1953220366666667
Honduras,1984,0.46605858,-0.5576740883333333
Honduras,1985,0.43617222,-0.4842894883333333
Honduras,1986,0.41021302,-0.8701057365000001
Honduras,1987,0.46848455,-0.2442679375
Honduras,1988,0.5236097,-0.1691843680833333
Honduras,1989,0.5535711,-0.45136325
Honduras,1990,0.50289834,-0.2563769025833333
Honduras,1991,0.49318624,-0.0124305070833333
Honduras,1992,0.531798,-0.0949104653333333
Honduras,1993,0.5422583,-0.333469235
Honduras,1994,0.57912266,-0.0766827265
Honduras,1995,0.6683829,0.0108394620833333
Honduras,1996,0.65643394,-0.6477759733333334
Honduras,1997,0.66052717,-0.0709657652499999
Honduras,1998,0.7716202,0.3549183183333333
Honduras,1999,0.7350388,-0.80071894
Honduras,2000,0.76493096,-0.78683202
Honduras,2001,0.8382584,-0.55479717
Honduras,2002,0.85681397,-0.0747590066666666
Honduras,2003,0.9392653,0.0464285274999999
Honduras,2004,0.9856434,-0.0784004532916666
Honduras,2005,0.91395694,0.1804243717833333
Honduras,2006,1.0054097,0.01813617975
Honduras,2007,1.0487149,-0.0471431424166666
Honduras,2008,1.0649434,-0.23764260725
Honduras,2009,0.9805308,0.01708809
Honduras,2010,0.9558662,-0.1056747424999999
Honduras,2011,1.0374415,-0.0275328946666666
Honduras,2012,1.0577439,-0.1272308051666666
Honduras,2013,1.053511,0.22910483775
Honduras,2014,1.0461389,0.1746449479166666
Honduras,2015,1.1202432,0.5813997653333334
Honduras,2016,1.0329332,0.5992134474999999
Honduras,2017,1.0671028,0.2564937238333333
Honduras,2018,1.0098408,0.0733321479166666
Honduras,2019,1.1282444,0.7905319558333334
Honduras,2020,0.94135344,0.7444043225
Honduras,2021,0.9900977,0.5956664113333333
Honduras,2022,1.0016918,0.2897839591083333
Honduras,2023,1.0373338,1.1072354375
Hong Kong,1941,0.032005362,-1.1267594374999998
Hong Kong,1947,0.010554882,-1.4147528708333337
Hong Kong,1948,0.013938161,-0.7516574841666666
Hong Kong,1949,0.015295512,-0.6483162951666667
Hong Kong,1950,0.6666207,-0.8613970333333333
Hong Kong,1951,0.7523324,-0.8511542424999999
Hong Kong,1952,0.7090646,-0.246519645
Hong Kong,1953,0.7636593,-0.6598273821666667
Hong Kong,1954,0.75936675,-0.7581638425
Hong Kong,1955,0.75828964,-0.9877337533333334
Hong Kong,1956,0.81758165,-0.7472403030833333
Hong Kong,1957,0.8696147,-0.9349999405
Hong Kong,1958,0.8341913,-0.7726151133333333
Hong Kong,1959,0.9088818,-0.4227115253333333
Hong Kong,1960,0.95404625,-0.3363638798083333
Hong Kong,1961,1.0954077,-0.4702523632083333
Hong Kong,1962,1.274282,-0.683422965
Hong Kong,1963,1.5945929,-0.4114702548333333
Hong Kong,1964,1.3456882,-0.6256403091666667
Hong Kong,1965,1.2456676,-0.9933595691666668
Hong Kong,1966,1.2854886,-0.3350160178333333
Hong Kong,1967,1.7420584,-0.9439775308333332
Hong Kong,1968,2.0219836,-0.6904407319166667
Hong Kong,1969,2.2828937,-0.94923488
Hong Kong,1970,2.2440639,-0.798270387
Hong Kong,1971,2.2938538,-0.9531181575
Hong Kong,1972,2.2529578,-0.6974502378333334
Hong Kong,1973,2.198917,-0.1756106975
Hong Kong,1974,2.4631813,-0.7962950979166666
Hong Kong,1975,2.4802134,-0.6007981291666668
Hong Kong,1976,2.748111,-1.0738588944166667
Hong Kong,1977,3.0543127,-0.4992334828333333
Hong Kong,1978,3.3054318,-0.7109210391666667
Hong Kong,1979,3.260375,-0.6266216516666666
Hong Kong,1980,3.345173,-0.4512402209333333
Hong Kong,1981,3.6785188,-0.4578011849999999
Hong Kong,1982,3.810208,-0.5602047411666667
Hong Kong,1983,3.9946175,-0.8678873251666667
Hong Kong,1984,4.180796,-1.248961375
Hong Kong,1985,4.2427373,-0.9753159675
Hong Kong,1986,4.6824594,-0.7420978541666666
Hong Kong,1987,5.1192064,0.0178685985833333
Hong Kong,1988,5.310167,-0.6266033625
Hong Kong,1989,5.4401255,-0.6220663383333334
Hong Kong,1990,4.8821864,-0.3053594454166666
Hong Kong,1991,5.057373,0.0618642961666666
Hong Kong,1992,5.715515,-0.6244808858333334
Hong Kong,1993,5.8920894,-0.5161460989166667
Hong Kong,1994,5.14369,-0.0372766633333333
Hong Kong,1995,5.0618086,-0.5869154168833334
Hong Kong,1996,4.586889,-0.4726484614999999
Hong Kong,1997,4.752806,-0.2376464258333333
Hong Kong,1998,5.968916,0.3874447409166666
Hong Kong,1999,6.430765,0.118032780875
Hong Kong,2000,6.0082116,-0.0552068635
Hong Kong,2001,5.58025,0.21424349
Hong Kong,2002,5.788446,0.3487587758333333
Hong Kong,2003,6.2987537,0.1742273949999999
Hong Kong,2004,6.034957,0.03168892775
Hong Kong,2005,6.3300304,-0.2185575941666667
Hong Kong,2006,6.047403,0.2521433086666667
Hong Kong,2007,6.250267,0.2074969599999999
Hong Kong,2008,6.0949697,-0.3640881333333333
Hong Kong,2009,5.8857503,0.0215702849999999
Hong Kong,2010,5.6414247,-0.1045170680833333
Hong Kong,2011,6.0409045,-0.5108515386666667
Hong Kong,2012,5.935563,-0.115972915
Hong Kong,2013,6.099286,-0.2306647346666666
Hong Kong,2014,6.2151847,-0.0760305766666667
Hong Kong,2015,5.755893,0.5246672549833333
Hong Kong,2016,5.8539495,0.0346480208333333
Hong Kong,2017,5.699413,0.3272790152499999
Hong Kong,2018,5.702032,0.1159218183333333
Hong Kong,2019,5.597313,0.8320146416666666
Hong Kong,2020,4.472128,0.4989920441666666
Hong Kong,2021,4.504877,0.7123938447499999
Hong Kong,2022,4.2234635,0.0460422143333333
Hong Kong,2023,4.550918,0.5845316255
Hungary,1940,1.7170644,-3.3173242025
Hungary,1941,1.9309027,-1.6189031734166666
Hungary,1942,2.0337036,-1.6532331333333332
Hungary,1943,2.0725336,-0.2437838683333333
Hungary,1944,1.7100856,-0.8275895900000001
Hungary,1945,0.88381654,-1.061996194166667
Hungary,1946,1.1631236,0.2137652168333333
Hungary,1947,1.489893,-0.5679341105000001
Hungary,1948,1.7626607,-0.8344122916666667
Hungary,1949,2.1923473,-0.2355175333333333
Hungary,1950,1.9694136,0.58247593
Hungary,1951,2.35435,0.5626901966666666
Hungary,1952,2.8628569,-0.6032630066666667
Hungary,1953,3.3109064,-0.8102529900000001
Hungary,1954,3.5044491,-1.823908312833333
Hungary,1955,3.6347313,-1.3085281441666667
Hungary,1956,3.3654058,-2.0773958925
Hungary,1957,3.9079578,-0.5848737852833333
Hungary,1958,3.9717634,-0.3744483891666666
Hungary,1959,4.2169557,-0.20420355
Hungary,1960,4.5403976,-0.3063696616666667
Hungary,1961,4.880073,0.3845122333333333
Hungary,1962,5.022087,-0.9647421064166668
Hungary,1963,5.576055,-1.1139065575
Hungary,1964,6.1636515,-1.3196245558333335
Hungary,1965,6.03823,-1.6551038620833332
Hungary,1966,6.0639815,0.0084334728333332
Hungary,1967,5.7580295,-0.4406619558333333
Hungary,1968,5.963514,-0.4607104216666666
Hungary,1969,6.0650644,-1.1941887508333335
Hungary,1970,6.7798324,-1.1169264225
Hungary,1971,6.6906543,-0.7248863674999999
Hungary,1972,6.6848516,-0.6327038578333334
Hungary,1973,7.0118155,-0.8701774516666667
Hungary,1974,7.0788026,-0.2891905301666667
Hungary,1975,7.1584597,-0.2079455225
Hungary,1976,7.554537,-1.10409344025
Hungary,1977,7.8181586,-0.7044846216666666
Hungary,1978,8.256946,-1.7125221014166667
Hungary,1979,8.051124,-0.7042585853333333
Hungary,1980,8.104234,-2.074343475833333
Hungary,1981,8.092963,-0.6710994625
Hungary,1982,8.134156,-0.7179668516666666
Hungary,1983,8.372203,-0.2078821759999999
Hungary,1984,8.564279,-1.0595399208333334
Hungary,1985,8.241684,-1.7902494816666668
Hungary,1986,8.132773,-0.9831327733333332
Hungary,1987,8.163396,-1.3720256041666667
Hungary,1988,7.8105307,-0.6822036733333333
Hungary,1989,7.680998,-0.2278102529166666
Hungary,1990,7.073088,-0.0454732116666666
Hungary,1991,6.728077,-1.404198405
Hungary,1992,6.0050297,0.0719817445
Hungary,1993,6.0821157,-0.7843469475
Hungary,1994,5.9846272,0.6851961691666667
Hungary,1995,5.954244,-0.5161903916666667
Hungary,1996,6.1232667,-1.66592085305
Hungary,1997,6.0004497,-1.1041519058333331
Hungary,1998,5.9751678,-0.6405144245
Hungary,1999,6.0251155,-0.4003875779999999
Hungary,2000,5.715533,0.75456968
Hungary,2001,5.884713,-0.5009692916666667
Hungary,2002,5.803865,0.4903780725
Hungary,2003,6.094746,-0.4760840520833333
Hungary,2004,5.9474993,-0.6609381057
Hungary,2005,5.9749784,-1.07837949825
Hungary,2006,5.9232993,-0.3203515441666666
Hungary,2007,5.8250375,0.8535612008333334
Hungary,2008,5.708958,0.5906006483333334
Hungary,2009,5.145066,0.5060313783333333
Hungary,2010,5.210173,-0.65860844
Hungary,2011,5.0425143,-0.0668737024999999
Hungary,2012,4.711324,0.5392043891666667
Hungary,2013,4.397333,0.2502469533333333
Hungary,2014,4.4246006,1.120943475
Hungary,2015,4.732814,0.8300242141666666
Hungary,2016,4.794786,0.2388063133333333
Hungary,2017,5.050659,0.23608772525
Hungary,2018,5.051615,1.1622201766666669
Hungary,2019,5.032163,1.2930707710875
Hungary,2020,4.8318176,0.6549896229166667
Hungary,2021,4.9785724,0.0994500825
Hungary,2022,4.630455,1.0699364583333333
Hungary,2023,4.1491246,1.4427931629166668
Iceland,1940,3.5156007,-2.5962188361666665
Iceland,1941,3.36168,-1.0205424458333334
Iceland,1942,3.5132532,-2.3160439
Iceland,1943,3.7276647,-2.985200965
Iceland,1944,3.518512,-2.997106275
Iceland,1945,3.3025787,-1.9214351241666667
Iceland,1946,3.830286,-1.5898527583333333
Iceland,1947,4.430722,-2.8943530191666667
Iceland,1948,5.2441874,-2.741325958333333
Iceland,1949,5.3037434,-1.5803219708333334
Iceland,1950,5.189183,-1.3143286308333335
Iceland,1951,4.43553,-1.5485968641666668
Iceland,1952,5.2579894,-1.302772475
Iceland,1953,6.078059,-0.2500173866666666
Iceland,1954,5.0604124,-0.9435702133333334
Iceland,1955,5.78508,-1.1361603408333334
Iceland,1956,5.8926506,-0.1460789924999999
Iceland,1957,5.8500504,-2.1840962433333333
Iceland,1958,6.48167,-2.5274662183333336
Iceland,1959,7.199792,-2.12896111
Iceland,1960,6.907819,-1.7233163858333331
Iceland,1961,6.099479,-2.444000545
Iceland,1962,6.5697374,-3.0554656333333337
Iceland,1963,7.025505,-2.838215604166667
Iceland,1964,6.91889,-2.009279315
Iceland,1965,7.257314,-2.917418178333333
Iceland,1966,7.6421075,-3.76728725
Iceland,1967,7.2608576,-2.405509488333333
Iceland,1968,7.9089155,-2.1823098525
Iceland,1969,6.214685,-2.378500095
Iceland,1970,6.7907786,-2.2587095833333333
Iceland,1971,7.1421585,-1.9096720741666668
Iceland,1972,7.089395,-0.7930512794166668
Iceland,1973,8.241816,-2.648951585833333
Iceland,1974,8.077233,-1.24666822
Iceland,1975,7.401859,-2.320559166666667
Iceland,1976,7.728042,-1.4433951050000002
Iceland,1977,8.578278,-1.6802647275
Iceland,1978,8.593141,-1.8257558725
Iceland,1979,8.785508,-3.286146216666667
Iceland,1980,8.162412,-0.9267002133333332
Iceland,1981,7.5768085,-2.1027945075
Iceland,1982,6.8170304,-1.2666752666666667
Iceland,1983,6.5105433,-1.8090826
Iceland,1984,7.5575814,-0.4724681833333333
Iceland,1985,6.7227716,-1.3182050033333337
Iceland,1986,7.3215394,-1.0859665948916666
Iceland,1987,7.50574,0.2097055243333333
Iceland,1988,7.373767,-1.3493352233333331
Iceland,1989,7.5013328,-1.2210157930833334
Iceland,1990,8.722239,-0.8262852271666666
Iceland,1991,8.160325,0.0611571187499999
Iceland,1992,8.617856,-0.8632593583333333
Iceland,1993,9.102541,-0.8607175158333332
Iceland,1994,8.832659,-0.970690354
Iceland,1995,9.232063,-1.3574154458333334
Iceland,1996,9.383518,-0.1124535304166666
Iceland,1997,9.658163,-0.1913744716666666
Iceland,1998,9.627771,-0.8849122891666666
Iceland,1999,10.2429085,-0.6727418741666668
Iceland,2000,10.428837,-0.36012427975
Iceland,2001,10.053745,-0.1204600799999999
Iceland,2002,10.406282,0.2516488908333333
Iceland,2003,10.311858,0.91533579
Iceland,2004,10.637928,0.6670841305
Iceland,2005,10.029784,-0.1467642933333333
Iceland,2006,10.383546,0.4369874725
Iceland,2007,11.214876,0.2234115041666666
Iceland,2008,12.00739,-0.0367043147749999
Iceland,2009,11.71445,0.2868678341666666
Iceland,2010,11.400758,0.3935445916666666
Iceland,2011,10.979511,0.0534497949999999
Iceland,2012,10.90563,0.3218216987933333
Iceland,2013,10.770798,-0.0561562933333333
Iceland,2014,10.520367,1.146463923875
Iceland,2015,10.701083,-0.3737443428333333
Iceland,2016,10.412656,1.0268770316666669
Iceland,2017,10.512845,0.86088802525
Iceland,2018,10.393721,0.340737115
Iceland,2019,9.860175,0.25315195775
Iceland,2020,9.113012,-0.2319119514166666
Iceland,2021,9.415825,0.0803307941583333
Iceland,2022,9.5004835,-0.0932444716666666
Iceland,2023,9.708997,-0.2669504024999999
India,1940,0.13995251,-0.9220498483333333
India,1941,0.14319769,-0.4873801835
India,1942,0.14351086,-0.6483127316666667
India,1943,0.1259883,-1.1506064791666666
India,1944,0.12979308,-0.5148617475
India,1945,0.14496106,-0.74163945
India,1946,0.14425357,-0.24294582625
India,1947,0.1479919,-0.245429355
India,1948,0.14916655,-0.4578768333333333
India,1949,0.15787825,-1.2228822691666668
India,1950,0.17645483,-1.4260544933333332
India,1951,0.18091987,-1.2906971808333332
India,1952,0.18632448,-1.250705078333333
India,1953,0.18563628,-1.583681041666667
India,1954,0.19122285,-0.4710496308333333
India,1955,0.20321788,-0.6313958166666667
India,1956,0.20568933,-0.7214104375
India,1957,0.22556181,-0.3908595966666666
India,1958,0.23044972,-0.0516093551916666
India,1959,0.23826179,-0.3467267316666667
India,1960,0.25533837,-0.24716996875
India,1961,0.26962337,-0.9208755341666668
India,1962,0.2899332,-0.8246521966666668
India,1963,0.30427778,-0.368864695
India,1964,0.29106775,-0.390210946
India,1965,0.31358775,-0.4115608510833333
India,1966,0.3182756,-0.3713342286666667
India,1967,0.31187224,-0.421185329275
India,1968,0.33300883,-0.5990168275
India,1969,0.33230913,0.0649390210499999
India,1970,0.33290812,-0.4599652291666666
India,1971,0.34396154,-0.8547349025000001
India,1972,0.35590246,-0.15252495125
India,1973,0.3583674,-0.1158897066666666
India,1974,0.36153808,-0.3500703161666667
India,1975,0.3831269,-0.7166125
India,1976,0.39105976,-0.34485801
India,1977,0.40412188,-0.272742105
India,1978,0.40130892,-0.56708018625
India,1979,0.41165522,0.0787897108333333
India,1980,0.4243972,0.0392217683333333
India,1981,0.4475883,-0.4400288316666667
India,1982,0.45172003,-0.43030674525
India,1983,0.47764024,-0.6533684791666666
India,1984,0.47896573,-0.4467322033333333
India,1985,0.5145839,-0.1514635089166666
India,1986,0.53916126,-0.321535745
India,1987,0.56289464,0.1272924716666666
India,1988,0.5943027,0.0390022633333333
India,1989,0.6390376,-0.5081766416666667
India,1990,0.668225,-0.5258793843666667
India,1991,0.6961713,-0.2866872161666666
India,1992,0.7258895,-0.3796118101666666
India,1993,0.7345036,-0.240730757
India,1994,0.758703,-0.3560754491666666
India,1995,0.79189926,-0.1408537259166666
India,1996,0.84070516,-0.2411200195833333
India,1997,0.8587551,-0.6726509714166666
India,1998,0.85972553,0.0056659431666666
India,1999,0.92538923,-0.1082442611666666
India,2000,0.9324355,-0.2241099646191666
India,2001,0.9282198,-0.1476840983333333
India,2002,0.9403603,0.2156572261666666
India,2003,0.95606565,-0.0424181627499999
India,2004,0.99809515,0.0018372505
India,2005,1.0345691,-0.0765949894166666
India,2006,1.1019763,0.17456198265
India,2007,1.1695088,0.0521267249166666
India,2008,1.2330486,-0.17918729525
India,2009,1.3155315,0.5378150916666667
India,2010,1.348904,0.4925282795833333
India,2011,1.3992052,-0.1550273896666666
India,2012,1.5060126,-0.0454549761666666
India,2013,1.5396302,-0.2328796453333333
India,2014,1.6371114,-0.0034777322499999
India,2015,1.6823633,0.2752068941666666
India,2016,1.7520504,0.6567257236666667
India,2017,1.7847193,0.5180331891666666
India,2018,1.886328,0.3213434216666667
India,2019,1.8810879,0.2844162008333333
India,2020,1.7264521,-0.0031148619166666
India,2021,1.8909733,0.0947141651666666
India,2022,1.9861935,0.2710544202
India,2023,2.129469,0.2768880510249999
Indonesia,1940,0.464612,-1.0683226566666668
Indonesia,1941,0.4216173,-1.1491204825
Indonesia,1942,0.14835915,-1.4820154583333334
Indonesia,1943,0.29543975,-1.4698969583333332
Indonesia,1944,0.13566922,-1.3327272666666667
Indonesia,1945,0.058662757,-1.4393998833333337
Indonesia,1946,0.020573946,-1.177234175
Indonesia,1947,0.06124421,-1.1922481941666667
Indonesia,1948,0.23036975,-1.1053213966666666
Indonesia,1949,0.32020068,-0.9190831291666668
Indonesia,1950,0.14288746,-1.163013775
Indonesia,1951,0.13360243,-0.9884676891666668
Indonesia,1952,0.17698224,-0.904963335
Indonesia,1953,0.1777905,-0.90771183
Indonesia,1954,0.19566843,-1.25005595
Indonesia,1955,0.2697421,-1.2307696333333331
Indonesia,1956,0.27510732,-1.294256691666667
Indonesia,1957,0.27535892,-0.9378476141666666
Indonesia,1958,0.2656486,-0.6214189499999999
Indonesia,1959,0.27781406,-0.9500773825
Indonesia,1960,0.24219881,-0.9067133233333332
Indonesia,1961,0.28638893,-0.8962693233333333
Indonesia,1962,0.2460476,-0.9211990075
Indonesia,1963,0.23698877,-0.841704215
Indonesia,1964,0.22638297,-0.9784447333333334
Indonesia,1965,0.24336019,-1.0524121933333337
Indonesia,1966,0.22520803,-1.205587545
Indonesia,1967,0.23036598,-1.22542015
Indonesia,1968,0.25182843,-1.1168265341666668
Indonesia,1969,0.29650664,-0.81889645
Indonesia,1970,0.30946028,-0.8830480483333334
Indonesia,1971,0.32781342,-1.2241299883333332
Indonesia,1972,0.3548538,-0.8346695933333333
Indonesia,1973,0.39188042,-0.6667850833333334
Indonesia,1974,0.39847928,-0.9885368316666666
Indonesia,1975,0.40906388,-0.9689933341666668
Indonesia,1976,0.45710286,-0.9251791641666666
Indonesia,1977,0.59492046,-0.732693825
Indonesia,1978,0.6617545,-0.609514715
Indonesia,1979,0.65415573,-0.519411725
Indonesia,1980,0.6369423,-0.4454657225
Indonesia,1981,0.6577503,-0.51203776
Indonesia,1982,0.6765944,-0.52176396
Indonesia,1983,0.65883476,-0.2408968634166667
Indonesia,1984,0.68887895,-0.7558843300000001
Indonesia,1985,0.7291054,-0.6783402741666666
Indonesia,1986,0.71788496,-0.5906791733333333
Indonesia,1987,0.7139513,-0.2740189204166667
Indonesia,1988,0.75045204,-0.3110165596666667
Indonesia,1989,0.7307012,-0.6001989
Indonesia,1990,0.84512234,-0.4238352758333333
Indonesia,1991,0.93621755,-0.5111508358333333
Indonesia,1992,1.0493306,-0.5451238916666666
Indonesia,1993,1.1127938,-0.4054441458333333
Indonesia,1994,1.115874,-0.4002153108333333
Indonesia,1995,1.1126755,-0.2937531495833333
Indonesia,1996,1.2453723,-0.2849570931666667
Indonesia,1997,1.3554124,-0.0952369377449999
Indonesia,1998,1.1653565,0.3237481096666667
Indonesia,1999,1.3708667,-0.3287876460833333
Indonesia,2000,1.3019868,-0.29451099925
Indonesia,2001,1.4469663,-0.1934199323333333
Indonesia,2002,1.3890227,-0.0388636585833333
Indonesia,2003,1.507934,-0.0738423665833333
Indonesia,2004,1.5049647,-0.0760258043333333
Indonesia,2005,1.5056726,-0.001360258
Indonesia,2006,1.481646,-0.0266855545
Indonesia,2007,1.6361018,-0.0217521991083333
Indonesia,2008,1.5228248,-0.1972031603333333
Indonesia,2009,1.640252,0.1720493655833333
Indonesia,2010,1.8099737,0.2986766489333333
Indonesia,2011,2.0071535,-0.0226697921416666
Indonesia,2012,2.041778,0.0483463609166666
Indonesia,2013,1.9114735,0.1664937339833333
Indonesia,2014,1.8846375,0.2236803370833333
Indonesia,2015,2.0593998,0.3320690786666667
Indonesia,2016,2.0409288,0.6446725533333334
Indonesia,2017,2.0832288,0.3086514508333333
Indonesia,2018,2.2007682,0.3121177366666667
Indonesia,2019,2.3993292,0.442332745
Indonesia,2020,2.213211,0.5381717641666667
Indonesia,2021,2.23886,0.3538727774999999
Indonesia,2022,2.6434436,0.29894161
Indonesia,2023,2.6075745,0.6075774841666667
Iran,1940,1.7872401,-1.1748656066666665
Iran,1941,1.3552606,-0.1652214556666666
Iran,1942,1.9022479,-0.3222934783333333
Iran,1943,1.9448105,-1.4263054733333334
Iran,1944,2.6373732,-0.9124658775
Iran,1945,3.3199203,-1.602145231666667
Iran,1946,3.7476957,-1.4120034325
Iran,1947,3.9149456,-0.9824821858333334
Iran,1948,4.766897,-1.571726315
Iran,1949,0.49095106,-2.344230729166666
Iran,1950,0.581495,-2.03755436525
Iran,1951,0.4085815,-1.3177661058333332
Iran,1952,0.23595417,-1.494406699166667
Iran,1953,0.21535602,-1.6420314408333334
Iran,1954,0.057278834,-1.6187571333333333
Iran,1955,0.84559625,-0.9668449216666668
Iran,1956,1.1876227,-1.7188172458333335
Iran,1957,1.1050715,-2.7731294500000003
Iran,1958,1.2448477,-0.6384517383333334
Iran,1959,1.2265096,-1.5951937535833334
Iran,1960,1.7400059,-1.2082338408333333
Iran,1961,1.6500629,-1.6323499133333332
Iran,1962,1.6410322,-1.3581726266666667
Iran,1963,1.75624,-0.8378797585833334
Iran,1964,1.9585146,-2.2499200491666667
Iran,1965,2.1455655,-1.220810315
Iran,1966,2.4818156,-0.4842342566666666
Iran,1967,2.549196,-1.7372229058333335
Iran,1968,3.0006387,-1.4367707239416667
Iran,1969,2.9369886,-1.35429809625
Iran,1970,3.1493328,-0.3909498116666666
Iran,1971,3.3843193,-0.9280973616666668
Iran,1972,3.4285686,-2.5555257791666666
Iran,1973,4.0664635,-0.9847517133333332
Iran,1974,4.383877,-1.8966359141666669
Iran,1975,4.118399,-1.5153386516666665
Iran,1976,4.4920435,-1.6120402616666667
Iran,1977,4.558646,-0.5840351575416667
Iran,1978,4.371238,-0.7885982616666666
Iran,1979,4.2456126,-1.0222949275
Iran,1980,3.0293283,-0.7098569333333332
Iran,1981,2.6976707,-1.1120469841666667
Iran,1982,3.120077,-2.471215733333333
Iran,1983,3.2593927,-1.7165154883333331
Iran,1984,3.1468527,-1.9096883783333327
Iran,1985,3.2367597,-1.2811874166666666
Iran,1986,2.8827293,-2.0151540066666667
Iran,1987,2.9881809,-0.8986823614166667
Iran,1988,3.1950886,-0.8149637583333335
Iran,1989,3.3703358,-1.2895255856666668
Iran,1990,3.6155267,-0.6016804138333334
Iran,1991,3.7182403,-0.9266990918333334
Iran,1992,3.7295756,-2.15363728
Iran,1993,3.8595936,-1.1581397316666666
Iran,1994,4.304609,-0.5355425663333334
Iran,1995,4.354522,-0.513896382
Iran,1996,4.3990912,-0.8511775658333334
Iran,1997,4.2310596,-0.7402257891666667
Iran,1998,4.7371745,0.1034650758333333
Iran,1999,5.721603,0.1449274254166666
Iran,2000,5.528771,0.0291943461583333
Iran,2001,5.780545,0.68441272425
Iran,2002,5.8377304,0.246009265
Iran,2003,5.9760203,-0.0098052841666666
Iran,2004,6.292953,0.2177125610833333
Iran,2005,6.4986024,-0.0700100766666666
Iran,2006,6.8265424,0.2852577691666667
Iran,2007,6.806395,-0.2079761766666667
Iran,2008,6.9991584,0.0356844325
Iran,2009,7.107359,0.153174635
Iran,2010,7.2525234,1.1615530516666668
Iran,2011,7.3503466,0.0476181983333333
Iran,2012,7.5484037,-0.18108287215
Iran,2013,7.5836825,0.36903734375
Iran,2014,7.903496,0.0668700533333333
Iran,2015,7.7695036,0.7350070475
Iran,2016,7.692004,0.8412398520000001
Iran,2017,8.190366,0.6876520378333333
Iran,2018,8.009745,1.1279402766666666
Iran,2019,8.447259,0.4055134425833333
Iran,2020,8.62491,0.00592053025
Iran,2021,8.815236,1.4097139858333332
Iran,2022,8.944471,1.196274361666667
Iran,2023,9.026508,1.3632550475
Iraq,1940,1.8576514,-0.9694578741666668
Iraq,1941,1.1365299,-0.4250329433333333
Iraq,1942,1.831295,-0.7716051883333334
Iraq,1943,2.4380422,-0.774996995
Iraq,1944,2.7483902,-1.0590958536666666
Iraq,1945,2.9412158,-1.6801332133333335
Iraq,1946,2.889801,-1.3032879125
Iraq,1947,2.8086338,-0.4939070654166667
Iraq,1948,0.0,-1.7902873258333332
Iraq,1949,0.20579165,-2.7099569533333336
Iraq,1950,0.29160497,-2.3527522916666666
Iraq,1951,0.42066145,-1.2461069391666666
Iraq,1952,0.33144566,-1.2733101908333333
Iraq,1953,0.4167817,-2.166525145
Iraq,1954,0.49002078,-1.4059523791666668
Iraq,1955,0.6438254,-1.2074906125
Iraq,1956,0.9827734,-1.8562922375
Iraq,1957,0.89998364,-1.84698717
Iraq,1958,0.98874915,-1.1785953142916668
Iraq,1959,1.064625,-2.1088395833333333
Iraq,1960,1.1757545,-0.8858689395
Iraq,1961,1.2105348,-1.7161322566666666
Iraq,1962,1.2167587,-0.2460137241666666
Iraq,1963,1.223723,-1.3656068716666665
Iraq,1964,1.1430674,-2.2951908225
Iraq,1965,2.3522146,-1.4945259908333333
Iraq,1966,3.2617443,-0.5860931191666666
Iraq,1967,2.092873,-2.539897333333333
Iraq,1968,2.1679437,-1.5412925491666665
Iraq,1969,2.4035468,-1.2698871310833333
Iraq,1970,2.4532516,-1.2566654655
Iraq,1971,2.860935,-1.8845708375
Iraq,1972,2.8303113,-2.4374908925
Iraq,1973,2.8356085,-1.6290400358333337
Iraq,1974,2.7677526,-1.8681110666666667
Iraq,1975,2.869149,-1.7668224583333334
Iraq,1976,4.0859427,-1.9462662958333328
Iraq,1977,3.5381975,-1.0971454466666666
Iraq,1978,3.3084059,-0.8442846964166667
Iraq,1979,4.010766,-0.0939858785
Iraq,1980,3.3371367,-1.072121335
Iraq,1981,2.2776499,-0.8290546821666668
Iraq,1982,2.1084523,-2.2769465810833336
Iraq,1983,2.591902,-1.7243196975
Iraq,1984,2.5975993,-1.5203886958333337
Iraq,1985,2.8180418,-1.1056334125
Iraq,1986,2.9382396,-1.0166118483333333
Iraq,1987,3.1586318,-0.7009760436666667
Iraq,1988,3.969978,-1.1478341375
Iraq,1989,4.160319,-0.8795365533333334
Iraq,1990,2.7903192,-0.6717632141666666
Iraq,1991,2.5431938,-0.8637236641666667
Iraq,1992,3.217858,-2.3574893833333337
Iraq,1993,3.2878149,-1.1482256725
Iraq,1994,3.7953093,-0.2254442408333333
Iraq,1995,3.8267481,-0.6375436058333334
Iraq,1996,3.474674,0.1520186991666666
Iraq,1997,3.4348862,-1.1545160625
Iraq,1998,3.5324259,0.4619834016666667
Iraq,1999,3.4710267,0.59831380505
Iraq,2000,3.4091678,-0.0658548001666666
Iraq,2001,3.8230426,0.4156953546666666
Iraq,2002,3.712144,-0.0824476141666666
Iraq,2003,3.7782464,-0.10259834225
Iraq,2004,4.0903525,-0.1526804003333333
Iraq,2005,4.013732,-0.0810000195
Iraq,2006,3.444312,0.0941651524999999
Iraq,2007,2.1515615,0.1015587226666666
Iraq,2008,3.242491,0.1320302833333333
Iraq,2009,3.4870865,-0.019999737
Iraq,2010,3.657115,1.5844659141666666
Iraq,2011,3.822515,-0.6976230115833334
Iraq,2012,3.9644012,0.27370135775
Iraq,2013,3.9978693,-0.3272237733333333
Iraq,2014,3.7488654,0.3183119316666666
Iraq,2015,3.780211,0.4543820983333333
Iraq,2016,3.962143,0.5032958925000001
Iraq,2017,4.237806,0.6497759846666668
Iraq,2018,4.5889473,0.997216383
Iraq,2019,4.6182113,0.4027791833333333
Iraq,2020,3.825463,0.7766871475
Iraq,2021,3.6926064,1.4823353958333334
Iraq,2022,3.8864813,0.911510635
Iraq,2023,3.9148493,0.95577573725
Ireland,1940,3.9618309,-0.3640868675
Ireland,1941,2.9032726,-0.5025699958333333
Ireland,1942,2.4102297,-0.5449120189166666
Ireland,1943,2.4424715,0.1192882133333333
Ireland,1944,2.1828845,0.1190404132583333
Ireland,1945,2.346109,0.6097533616666667
Ireland,1946,2.8134968,-0.2501121430833333
Ireland,1947,3.0243206,-0.4648790669166667
Ireland,1948,2.8979177,0.1863006803333332
Ireland,1949,2.8661137,0.7830421966666666
Ireland,1950,3.3393238,-0.3657415339166666
Ireland,1951,3.5775588,-0.5961865208333333
Ireland,1952,3.2704651,-0.4020150549999999
Ireland,1953,3.2555022,0.1820374718333333
Ireland,1954,3.1187758,-0.3919603316666666
Ireland,1955,4.0402985,-0.0546918266666667
Ireland,1956,3.787903,-0.4087360608333333
Ireland,1957,3.387359,0.30711965275
Ireland,1958,3.138229,-0.2151984466666666
Ireland,1959,4.336541,0.5402935958333334
Ireland,1960,3.9497674,-0.2065904583333333
Ireland,1961,4.3731484,-0.0321182355
Ireland,1962,4.628995,-1.0658324283333334
Ireland,1963,4.7299933,-1.439970855
Ireland,1964,4.9756494,-0.3089318683333333
Ireland,1965,4.7744255,-1.0701808708333334
Ireland,1966,5.2252517,-0.5392623366666667
Ireland,1967,5.642948,-0.5747509855833334
Ireland,1968,6.090723,-0.4187681483333332
Ireland,1969,6.289098,-0.7023842938333332
Ireland,1970,6.548937,-0.4490494061666667
Ireland,1971,7.5093975,0.1561748583333333
Ireland,1972,7.2557483,-0.7907057083333333
Ireland,1973,7.407081,-0.145025688
Ireland,1974,7.4368825,-0.5317418596666666
Ireland,1975,6.933099,0.0843896825
Ireland,1976,6.9054823,-0.1637872316666666
Ireland,1977,7.190608,-0.3687165616666666
Ireland,1978,7.082785,-0.2890282858333333
Ireland,1979,8.117504,-1.159563637
Ireland,1980,7.692538,-0.4340863986666667
Ireland,1981,7.5567284,-0.2939112833333333
Ireland,1982,7.3561897,-0.1305973925
Ireland,1983,7.3561845,0.1231790875
Ireland,1984,7.2668056,-0.22406012570525
Ireland,1985,7.5752172,-0.8948459708333333
Ireland,1986,8.060905,-1.2579170549999998
Ireland,1987,8.53771,-0.5327330066666667
Ireland,1988,8.477538,-0.1096415083333333
Ireland,1989,8.561911,0.3260530241666667
Ireland,1990,9.3755245,0.2230253141666666
Ireland,1991,9.528332,-0.2478353433333332
Ireland,1992,9.413331,-0.3251022461583333
Ireland,1993,9.4285345,-0.4909891578333333
Ireland,1994,9.704146,-0.1907667764166667
Ireland,1995,9.929918,0.3972945125
Ireland,1996,10.298165,-0.5857627489166667
Ireland,1997,10.567102,0.5183444083333334
Ireland,1998,10.96959,0.2394208085833333
Ireland,1999,11.308687,0.20702056025
Ireland,2000,11.899826,-0.1454659669166666
Ireland,2001,12.324259,-0.2463983351666666
Ireland,2002,11.730362,0.1830431608333333
Ireland,2003,11.441362,0.2490135833333333
Ireland,2004,11.354304,0.1538113755833333
Ireland,2005,11.58845,0.3217773316666666
Ireland,2006,11.150147,0.3808856046666666
Ireland,2007,10.847193,0.5835104741666667
Ireland,2008,10.557134,-0.1472604258333333
Ireland,2009,9.306159,-0.1900475308333333
Ireland,2010,9.166745,-1.179836145
Ireland,2011,8.309568,0.0716309533333333
Ireland,2012,8.309446,-0.19682450125
Ireland,2013,8.060954,-0.1784671085
Ireland,2014,7.910841,0.3257329885
Ireland,2015,8.233164,-0.3072420394166666
Ireland,2016,8.4921,0.0038641333333333
Ireland,2017,8.123473,0.3171507895833333
Ireland,2018,8.006022,0.1273373185833333
Ireland,2019,7.5653806,0.2068160408333333
Ireland,2020,7.0494823,0.1453415159166666
Ireland,2021,7.4664645,0.3553304013333333
Ireland,2022,7.1842723,0.615100993
Ireland,2023,6.6260405,0.9999036808333334
Israel,1940,0.08276175,-1.112789552
Israel,1941,0.06370796,-0.5964609666666667
Israel,1942,0.11503716,-0.90885805
Israel,1943,0.08500596,-1.2208330633333333
Israel,1944,0.085493885,-1.0978144896666666
Israel,1945,0.06866868,-1.6249950975
Israel,1946,0.11913311,-0.7715295008333333
Israel,1947,0.14353167,-0.3734214308333333
Israel,1948,0.06763325,-1.8490681816666663
Israel,1949,0.09748245,-2.091959071666667
Israel,1950,1.2947907,-1.25115562
Israel,1951,2.1589592,-0.9280201508333332
Israel,1952,2.5870314,-0.7180674933333334
Israel,1953,2.7362812,-1.631148015
Israel,1954,2.812039,-0.99672706
Israel,1955,3.010727,-0.6193148366666666
Israel,1956,2.8867407,-1.0873131038833332
Israel,1957,3.0053408,-0.9687912475
Israel,1958,3.1125498,-0.6304587504166667
Israel,1959,3.0511107,-1.8789062533333327
Israel,1960,3.41458,-0.1907269208333333
Israel,1961,3.6082351,-1.3369647575
Israel,1962,3.8866785,-0.1069859646666666
Israel,1963,3.8405395,-0.1776287619166666
Israel,1964,4.0941076,-1.5443912349166666
Israel,1965,5.5455213,-0.8659438358333333
Israel,1966,5.580372,-0.3739687609166666
Israel,1967,5.328881,-1.6986463766666666
Israel,1968,5.2143507,-0.7796957483333333
Israel,1969,5.3741345,-0.4586701383333333
Israel,1970,5.780447,-0.8919462291666665
Israel,1971,5.4476175,-1.0805803201666666
Israel,1972,5.4851866,-1.2184508641666667
Israel,1973,6.0895333,-0.9702738966666664
Israel,1974,5.9781737,-1.0378100158333334
Israel,1975,5.8891497,-1.14089028
Israel,1976,5.7373486,-1.1193777819166666
Israel,1977,5.6805725,-0.8859145666666666
Israel,1978,5.9071817,-0.7107541683333333
Israel,1979,5.730668,-0.3901355194999999
Israel,1980,5.638572,-0.8154397800000001
Israel,1981,5.5277705,-1.0504402983333334
Israel,1982,6.142484,-1.635309998
Israel,1983,5.987746,-1.7686331248333331
Israel,1984,5.825557,-1.184496875
Israel,1985,5.9954147,-0.7926835858333333
Israel,1986,6.320173,-0.9577648750833332
Israel,1987,6.3889713,-1.029814716333333
Israel,1988,6.895896,-0.860541275
Israel,1989,7.165244,-1.0189899725
Israel,1990,7.882236,-0.84867017
Israel,1991,7.5626965,-0.9031005008333332
Israel,1992,8.489194,-1.8494606783333327
Israel,1993,8.69733,-0.8385034324999999
Israel,1994,9.100604,-0.2979512283333332
Israel,1995,9.312513,-0.7224754396666667
Israel,1996,9.443716,-0.2132068485833333
Israel,1997,9.716882,-0.7870609758333332
Israel,1998,9.673378,0.28332917025
Israel,1999,9.208855,0.1638363205833333
Israel,2000,9.739484,-0.4679975327499999
Israel,2001,10.06777,0.1615525090833333
Israel,2002,9.283735,0.10282096
Israel,2003,9.598173,-0.0722405839999999
Israel,2004,8.870585,-0.2596219302
Israel,2005,8.401134,-0.364781697
Israel,2006,9.080821,-0.4744898458333333
Israel,2007,9.019857,-0.1042569500833333
Israel,2008,9.598234,0.2021095875
Israel,2009,8.862133,0.305578069
Israel,2010,9.3076,1.6545693866666669
Israel,2011,9.181502,-0.2956925178333333
Israel,2012,9.830104,0.3980604883333333
Israel,2013,8.142046,0.2030761858333333
Israel,2014,7.6334467,0.2900331882499999
Israel,2015,7.815752,0.2391872428333333
Israel,2016,7.449998,0.7327376266666666
Israel,2017,7.037425,0.3999327091666667
Israel,2018,7.048836,1.2580713366666667
Israel,2019,6.775189,0.5179414025
Israel,2020,6.7220626,0.73799698
Israel,2021,6.5983253,1.02427403
Israel,2022,6.6951056,0.3255497544166666
Israel,2023,6.4269466,1.1138636355
Italy,1940,1.1245015,-2.5849576858333334
Italy,1941,0.9769447,-2.2394617583333334
Italy,1942,0.94786507,-1.60152447
Italy,1943,0.15996632,-0.6843695181666667
Italy,1944,0.07998864,-1.7172922958333334
Italy,1945,0.09670476,-1.046186962916667
Italy,1946,0.48959672,-0.9135267211666666
Italy,1947,0.80761707,-0.7728693944416666
Italy,1948,0.7752891,-1.3900077458333333
Italy,1949,0.8625921,-0.9434713179166666
Italy,1950,0.8930619,-0.3565096224999999
Italy,1951,1.0442847,-0.8800934925
Italy,1952,1.0766183,-0.6002374425
Italy,1953,1.18105,-0.8299684358333334
Italy,1954,1.3576285,-1.4320150589166667
Italy,1955,1.5222324,-0.733890975
Italy,1956,1.7246238,-1.782301435
Italy,1957,1.78963,-0.9153194088333332
Italy,1958,1.7903877,-0.7679274903333333
Italy,1959,1.9115349,-0.7772676820833334
Italy,1960,2.2054768,-0.7025865236666666
Italy,1961,2.496726,-0.12029273
Italy,1962,2.915157,-1.0787617141666666
Italy,1963,3.2539692,-1.5097189866666667
Italy,1964,3.4441926,-1.0456147416666666
Italy,1965,3.6815443,-1.5344631316666666
Italy,1966,4.1214614,-1.0101975033333332
Italy,1967,4.4733934,-0.8856622621666667
Italy,1968,4.7270384,-1.1281410133333332
Italy,1969,5.082181,-1.3224866586666668
Italy,1970,5.550919,-1.0558820641666666
Italy,1971,5.7915144,-1.15861371125
Italy,1972,6.070883,-1.2482610508333334
Italy,1973,6.489362,-1.0768537575
Italy,1974,6.5349503,-1.1038031483333333
Italy,1975,6.1822944,-1.0010803891666666
Italy,1976,6.595738,-1.3982785699999998
Italy,1977,6.3613186,-0.8182742216666666
Italy,1978,6.637128,-1.53586036
Italy,1979,6.8633456,-1.183848075
Italy,1980,6.8501863,-1.744554395416667
Italy,1981,6.625277,-1.2128780590833337
Italy,1982,6.4683475,-0.5650753014166666
Italy,1983,6.3137918,-0.8600657567500001
Italy,1984,6.417868,-1.56129718725
Italy,1985,6.4898343,-0.9812221375
Italy,1986,6.385612,-0.95156103275
Italy,1987,6.6810694,-0.81676962
Italy,1988,6.779748,-0.4837077066666667
Italy,1989,7.10364,-0.7937357450000001
Italy,1990,7.6836085,-0.430293435
Italy,1991,7.6695333,-1.276471335
Italy,1992,7.6662817,-0.5517659798333333
Italy,1993,7.526007,-0.6134719875
Italy,1994,7.3929873,0.3195523833333333
Italy,1995,7.814792,-0.7059575366666667
Italy,1996,7.747135,-0.8938181116666667
Italy,1997,7.843608,-0.058875282
Italy,1998,8.054216,-0.1865182075
Italy,1999,8.132428,-0.13897052
Italy,2000,8.199393,0.2334832991666666
Italy,2001,8.196003,0.0265385066666667
Italy,2002,8.308964,0.0543860341666666
Italy,2003,8.574564,0.2793346808333333
Italy,2004,8.606293,-0.27805387575
Italy,2005,8.56745,-0.8259155642354999
Italy,2006,8.440849,-0.0866956283333333
Italy,2007,8.283948,0.285945735
Italy,2008,8.027417,0.1510166786666666
Italy,2009,7.0790157,0.1575002236666666
Italy,2010,7.242025,-0.5271314831666666
Italy,2011,7.0218573,0.28300078775
Italy,2012,6.6649837,0.3076685021666666
Italy,2013,6.0915313,-0.0288097058333333
Italy,2014,5.759587,0.62216735675
Italy,2015,5.963726,0.6372992575
Italy,2016,5.9218903,0.45251444975
Italy,2017,5.839991,0.4071530674999999
Italy,2018,5.7909245,0.7174711583333333
Italy,2019,5.6483135,0.6267246975
Italy,2020,5.0507216,0.6107053404416667
Italy,2021,5.6250086,0.3371673483333333
Italy,2022,5.714151,1.2755809641666669
Italy,2023,5.2682986,1.2308950016666669
Jamaica,1950,0.19268107,-1.6390439500000002
Jamaica,1951,0.35945842,-1.2049741783333332
Jamaica,1952,0.3807205,-0.9522129775
Jamaica,1953,0.40745634,-0.9118741345833332
Jamaica,1954,0.5158689,-1.201506925
Jamaica,1955,0.63409466,-1.4227790783333332
Jamaica,1956,0.8014882,-1.317980125
Jamaica,1957,1.0091883,-0.8566376275
Jamaica,1958,0.84252137,-0.5843846083333334
Jamaica,1959,1.1291833,-0.7541526108333333
Jamaica,1960,0.8899611,-1.041196351666667
Jamaica,1961,1.2717534,-1.0094812675
Jamaica,1962,1.2475735,-1.1045179416666666
Jamaica,1963,1.3918554,-1.1093289075
Jamaica,1964,2.3272438,-1.0012981075
Jamaica,1965,1.6892661,-1.0316228966666667
Jamaica,1966,1.9626807,-0.9432644858333332
Jamaica,1967,2.1315749,-0.6668742433333333
Jamaica,1968,2.115114,-0.8380169891666668
Jamaica,1969,2.3001223,-0.2055993008333333
Jamaica,1970,2.656133,-0.5970438225
Jamaica,1971,3.018988,-1.0260135316666668
Jamaica,1972,3.2525504,-0.9136617958333332
Jamaica,1973,4.2272215,-0.8173357591666667
Jamaica,1974,3.8146164,-0.9951882516666668
Jamaica,1975,4.0519814,-0.9436685316666664
Jamaica,1976,3.5569446,-0.90483887975
Jamaica,1977,3.5935962,-0.4734570125
Jamaica,1978,4.349771,-0.7341756764999999
Jamaica,1979,4.0243974,-0.99746958
Jamaica,1980,3.9361,-0.3727458281666667
Jamaica,1981,3.4081235,-0.5100630191666667
Jamaica,1982,2.8196383,-0.3294350308333333
Jamaica,1983,2.883917,0.0379509916166666
Jamaica,1984,2.270075,-0.5015244483333333
Jamaica,1985,2.2010415,-0.6007405883333333
Jamaica,1986,1.9667044,-0.6098578808333334
Jamaica,1987,2.3088336,-0.0277776728333333
Jamaica,1988,1.9292334,-0.18380578275
Jamaica,1989,2.8469412,-0.4494528775
Jamaica,1990,3.1629016,-0.1092898050833333
Jamaica,1991,3.228471,-0.1782743139416666
Jamaica,1992,3.179329,-0.2516291936666666
Jamaica,1993,3.2658854,-0.4176168483333333
Jamaica,1994,3.308286,-0.1945144325833333
Jamaica,1995,3.6692142,-0.2404327378333333
Jamaica,1996,3.8375757,-0.8230821266666667
Jamaica,1997,3.951721,-0.2414221758333333
Jamaica,1998,3.7724664,0.2355675698833333
Jamaica,1999,3.8452358,-0.5812432018333333
Jamaica,2000,3.9550843,-0.5491202733333334
Jamaica,2001,4.030104,-0.230975466
Jamaica,2002,3.863835,-0.043028195
Jamaica,2003,4.0153522,0.0442387248333333
Jamaica,2004,3.9571493,-0.080915769
Jamaica,2005,3.8766139,-0.1096860574999999
Jamaica,2006,4.2863917,0.15192269925
Jamaica,2007,3.9610088,0.0108661657499999
Jamaica,2008,3.9549804,-0.33984946825
Jamaica,2009,2.8987665,0.0639117608333333
Jamaica,2010,2.7932408,-0.0837065325
Jamaica,2011,2.99068,-0.2057385458333333
Jamaica,2012,2.8541574,-0.0667448038333333
Jamaica,2013,3.0507696,0.17498572625
Jamaica,2014,2.7552822,0.2894158360833333
Jamaica,2015,2.8542137,0.5628894209166667
Jamaica,2016,2.9052734,0.4718483316666667
Jamaica,2017,2.7692864,0.4675939865833333
Jamaica,2018,2.8674781,0.4799855504166666
Jamaica,2019,3.356447,0.8271598808333334
Jamaica,2020,2.4383793,0.8575836926666667
Jamaica,2021,2.5886042,0.5952262908333333
Jamaica,2022,2.5137622,0.4527761133333334
Jamaica,2023,2.6934605,1.0583408675
Japan,1940,2.0823512,-2.186388178333333
Japan,1941,2.0727978,-2.091118908333333
Japan,1942,1.9546081,-1.8203839854166668
Japan,1943,1.9648433,-1.8504662083333328
Japan,1944,1.7846761,-1.5795958506666663
Japan,1945,0.9722865,-2.233014288333333
Japan,1946,0.6595026,-1.4248588091666667
Japan,1947,0.8642439,-2.5667113466666667
Japan,1948,1.0720428,-0.97900584
Japan,1949,1.1819394,-1.651814954166667
Japan,1950,1.1862234,-1.327488555
Japan,1951,1.4053252,-1.6816061115
Japan,1952,1.4632616,-2.0357188333333336
Japan,1953,1.6153125,-1.2153633416666667
Japan,1954,1.5609272,-0.8931527405
Japan,1955,1.5367656,-0.4847820458333333
Japan,1956,1.7229404,-1.1634830325
Japan,1957,2.0007303,-1.0990118596666667
Japan,1958,1.9127774,-0.5947568366666666
Japan,1959,2.0175126,-0.186464622
Japan,1960,2.4152517,-0.6221667588333334
Japan,1961,2.912348,-0.1670510941666666
Japan,1962,2.9903061,-0.7679993558333335
Japan,1963,3.286885,-0.8738617629166666
Japan,1964,3.5974433,-0.6310196965833333
Japan,1965,3.8345714,-1.9590198583333327
Japan,1966,4.1200237,-1.597514145
Japan,1967,4.7580214,-0.9139633315
Japan,1968,5.39692,-0.8913464460833334
Japan,1969,6.199051,-1.2651661358333337
Japan,1970,7.2132277,-1.1838637854166667
Japan,1971,7.4073997,-1.102799945
Japan,1972,7.8822317,-0.389438506
Japan,1973,8.265287,-0.6675024641666667
Japan,1974,8.162713,-1.207789415833333
Japan,1975,7.6754994,-0.6878211788333334
Japan,1976,7.943525,-1.2464228133333333
Japan,1977,8.0946245,-0.8051558581666667
Japan,1978,7.7636685,-0.61747772
Japan,1979,8.144299,-0.4005844091666666
Japan,1980,8.01407,-1.2583606275
Japan,1981,7.8186197,-1.4209117925
Japan,1982,7.5382504,-0.6375724304166667
Japan,1983,7.373306,-0.8448597155833334
Japan,1984,7.8127065,-1.3678365250000002
Japan,1985,7.5746703,-0.7794794840833333
Japan,1986,7.5312924,-1.282300343333333
Japan,1987,7.3983264,-0.4391642847499999
Japan,1988,8.039863,-1.039913735
Japan,1989,8.306628,-0.0394256141666666
Japan,1990,9.37922,0.6067703722500001
Japan,1991,9.436555,-0.0214974319166666
Japan,1992,9.477869,-0.4085855434166667
Japan,1993,9.387163,-0.8167759225000001
Japan,1994,9.792676,0.2762140541666666
Japan,1995,9.860501,-0.5802352383333333
Japan,1996,9.936036,-0.9524564008333334
Japan,1997,9.855357,-0.2548966906666667
Japan,1998,9.518786,0.3441594575
Japan,1999,9.78849,0.0777668860833333
Japan,2000,9.950527,-0.1241691978666666
Japan,2001,9.817637,-0.4854618891666667
Japan,2002,10.032547,-0.0936733841666666
Japan,2003,10.084459,-0.3343750258333333
Japan,2004,10.037065,0.5309424016666666
Japan,2005,10.087274,-0.3515819083333333
Japan,2006,9.900961,-0.0737190533333333
Japan,2007,10.172693,0.3161878183333333
Japan,2008,9.614815,0.0538563824999999
Japan,2009,9.075361,0.1102009775
Japan,2010,9.476896,0.3666322708333333
Japan,2011,9.873789,-0.1426406328333333
Japan,2012,10.20883,-0.3132166258333334
Japan,2013,10.298001,0.0551499559999999
Japan,2014,9.913247,-0.1941808233333333
Japan,2015,9.610619,0.5402090716666667
Japan,2016,9.461977,0.6062809258333334
Japan,2017,9.345515,-0.0798499166666666
Japan,2018,9.002051,0.5384828866666667
Japan,2019,8.725205,0.66119439275
Japan,2020,8.237897,0.7500429866666667
Japan,2021,8.449326,0.7514548316666666
Japan,2022,8.261658,0.6878423933333333
Japan,2023,7.95029,1.4315300070833334
Jordan,1950,0.3924888,-1.4885536058333333
Jordan,1951,0.34220093,-1.1030767348333332
Jordan,1952,0.38347855,-0.7321326901666666
Jordan,1953,0.390604,-1.9769404369166663
Jordan,1954,0.43258914,-0.9836911316666668
Jordan,1955,0.60861105,-0.6522564946666666
Jordan,1956,0.67309904,-1.1490022763333334
Jordan,1957,0.69183934,-0.9436502433333334
Jordan,1958,0.6881193,-0.6775544485
Jordan,1959,0.8115909,-2.0786452150000003
Jordan,1960,0.8707703,-0.3162791
Jordan,1961,1.0889598,-1.6515114433333336
Jordan,1962,1.1131687,-0.0942419357166666
Jordan,1963,1.2379267,-0.3497580616333333
Jordan,1964,1.1981924,-1.8957608675
Jordan,1965,1.2919902,-0.959195818
Jordan,1966,1.3420111,-0.3622581982
Jordan,1967,1.1116043,-2.210790878333333
Jordan,1968,1.0958605,-0.7373757805
Jordan,1969,1.1926137,-0.2634260266666666
Jordan,1970,0.99397105,-0.8400713725000001
Jordan,1971,1.005672,-1.1531664866666669
Jordan,1972,1.1161214,-1.4424840133333332
Jordan,1973,1.2370654,-0.9402075291666666
Jordan,1974,1.2099692,-1.1094737408333335
Jordan,1975,1.3107859,-1.354967355
Jordan,1976,1.5037788,-1.3081739533333334
Jordan,1977,1.562158,-0.8924522333333332
Jordan,1978,1.740943,-0.4906870466666667
Jordan,1979,1.7535502,-0.0947539125
Jordan,1980,2.1018426,-0.5738578664166667
Jordan,1981,2.5049434,-0.7839754808333333
Jordan,1982,2.57766,-1.9295919458333333
Jordan,1983,2.8771014,-1.7416043716666667
Jordan,1984,3.106583,-1.135594931183333
Jordan,1985,3.0306675,-0.6159746625000001
Jordan,1986,3.1496692,-0.8144021841666667
Jordan,1987,3.1192024,-0.5971719508333334
Jordan,1988,2.874114,-0.8937255556666667
Jordan,1989,2.7107127,-0.8092025739166666
Jordan,1990,2.8925452,-0.7067726058333333
Jordan,1991,2.5296688,-0.7939751466666666
Jordan,1992,2.9033966,-1.9883196041666664
Jordan,1993,2.708,-0.7724432999999999
Jordan,1994,2.9047418,-0.4062347775
Jordan,1995,2.7794464,-0.6192346358333333
Jordan,1996,2.8143544,0.0487053416666666
Jordan,1997,2.7890196,-1.0501986341666667
Jordan,1998,2.7599554,0.39129134025
Jordan,1999,2.7038643,0.1565614533333333
Jordan,2000,2.821703,-0.3830238133333333
Jordan,2001,2.8386834,0.2221842545833333
Jordan,2002,2.9238546,-0.2433263023666666
Jordan,2003,2.957647,-0.2254481358333333
Jordan,2004,3.1742003,-0.2198847108333333
Jordan,2005,3.3894367,-0.363052364
Jordan,2006,3.1936147,-0.4063702790833334
Jordan,2007,3.139871,-0.0975722494166666
Jordan,2008,2.9640238,0.0544140235
Jordan,2009,2.9876187,0.0338412058333333
Jordan,2010,2.8251805,1.9147025741666663
Jordan,2011,2.8399298,-0.4772666258333333
Jordan,2012,3.1388326,0.4748465591666666
Jordan,2013,2.9803483,0.0603301583333333
Jordan,2014,2.9458408,0.2855585491666666
Jordan,2015,2.676875,0.3256998925
Jordan,2016,2.4682727,0.772756745
Jordan,2017,2.522286,0.7180434125
Jordan,2018,2.4031124,1.1333108166666668
Jordan,2019,2.3188925,0.4992544483333334
Jordan,2020,1.9291415,0.9548440555833334
Jordan,2021,1.8649886,1.2517535666666666
Jordan,2022,1.799406,0.7026782075
Jordan,2023,1.8523093,1.1940083425
Kazakhstan,1940,5.422165,0.4239033834999999
Kazakhstan,1941,4.721277,0.1687481713333333
Kazakhstan,1942,2.538088,-0.4553325116666666
Kazakhstan,1943,2.6248095,-0.6134490390833333
Kazakhstan,1944,3.771849,0.7651381795000001
Kazakhstan,1945,3.9601772,-0.8532787860833332
Kazakhstan,1946,4.4125056,-0.2510055516666667
Kazakhstan,1947,5.2663255,-0.0446134774999999
Kazakhstan,1948,5.5554824,0.0023938399999999
Kazakhstan,1949,6.218995,-1.6922552531416668
Kazakhstan,1950,6.6534247,-2.2968625905833333
Kazakhstan,1951,6.972472,-1.1912954833333331
Kazakhstan,1952,7.222952,-1.6589137008333334
Kazakhstan,1953,7.398688,-0.9140924541666666
Kazakhstan,1954,7.828593,-2.750334074166666
Kazakhstan,1955,8.598695,-0.5480535155833334
Kazakhstan,1956,9.126968,-1.6718854483333334
Kazakhstan,1957,9.664587,-1.1401838691666668
Kazakhstan,1958,9.979678,-1.3899609266666666
Kazakhstan,1959,10.15063,-2.261342525
Kazakhstan,1960,10.226538,-2.473577929166667
Kazakhstan,1961,10.209061,-0.4285892225
Kazakhstan,1962,10.377003,-0.2498083333333333
Kazakhstan,1963,10.784223,-0.1300526483333333
Kazakhstan,1964,11.130798,-1.7934962033333333
Kazakhstan,1965,11.482392,-0.42590048025
Kazakhstan,1966,11.808647,-0.8999906941666667
Kazakhstan,1967,12.030307,-0.9141045609583331
Kazakhstan,1968,12.058253,-1.4424246866666668
Kazakhstan,1969,12.268916,-3.234339921666667
Kazakhstan,1970,12.634877,-1.334836038666667
Kazakhstan,1971,13.116698,-0.5218757796666665
Kazakhstan,1972,13.507453,-2.42934064525
Kazakhstan,1973,13.795426,-0.7723440633333333
Kazakhstan,1974,14.048254,-1.6284625783333333
Kazakhstan,1975,14.491462,-0.2581844033333333
Kazakhstan,1976,14.71561,-2.388788998333333
Kazakhstan,1977,14.826812,-0.7387036458333333
Kazakhstan,1978,14.948793,-0.8676142916666666
Kazakhstan,1979,14.79327,-0.6375927849999999
Kazakhstan,1980,15.190955,-1.1221374816666667
Kazakhstan,1981,14.716603,-0.1046743463333333
Kazakhstan,1982,14.824286,-0.5791628033333335
Kazakhstan,1983,14.855205,0.8889364266666666
Kazakhstan,1984,14.805396,-1.9570581166666663
Kazakhstan,1985,15.785951,-1.2208420515
Kazakhstan,1986,15.868185,-1.0265425016666667
Kazakhstan,1987,15.526603,-1.3785960208333334
Kazakhstan,1988,16.308096,-0.4854640413333334
Kazakhstan,1989,15.563983,-0.1740594408333333
Kazakhstan,1990,15.633255,-0.0787502820833333
Kazakhstan,1991,15.109248,-0.1647490108333333
Kazakhstan,1992,13.623549,-1.0353884441666668
Kazakhstan,1993,12.053468,-2.1654092575
Kazakhstan,1994,10.263801,-1.2663336591666667
Kazakhstan,1995,10.058636,0.7071776678333332
Kazakhstan,1996,9.411858,-1.6260521966666666
Kazakhstan,1997,9.126943,0.3545752216666666
Kazakhstan,1998,9.220673,-0.563979405
Kazakhstan,1999,7.716524,0.1737595366666667
Kazakhstan,2000,9.249703,-0.0036872033333333
Kazakhstan,2001,8.90941,0.0644045450833333
Kazakhstan,2002,10.061223,0.6496904715666667
Kazakhstan,2003,11.167269,-0.6068493658333334
Kazakhstan,2004,11.757366,0.8625880291666667
Kazakhstan,2005,12.527624,0.4890449733333333
Kazakhstan,2006,13.69717,0.3821048341666666
Kazakhstan,2007,13.947366,0.7301765641666668
Kazakhstan,2008,13.808861,0.5850896416666668
Kazakhstan,2009,13.510977,-0.1035069991666666
Kazakhstan,2010,14.777387,0.2036830783333333
Kazakhstan,2011,14.003776,-0.76839769855
Kazakhstan,2012,14.234627,-0.3175998566666666
Kazakhstan,2013,14.533967,1.147947415
Kazakhstan,2014,15.395486,-0.7812698116666668
Kazakhstan,2015,15.409165,0.8048935001916666
Kazakhstan,2016,15.122116,0.7233753316666666
Kazakhstan,2017,15.734422,0.5384409126999999
Kazakhstan,2018,16.22455,-0.6960347408333334
Kazakhstan,2019,14.330919,0.741611532625
Kazakhstan,2020,13.113933,0.9406939954166664
Kazakhstan,2021,12.92284,0.7035485033333334
Kazakhstan,2022,12.69876,0.8445492890833334
Kazakhstan,2023,12.550943,1.7193670325
Kenya,1950,0.15750548,-1.830290175
Kenya,1951,0.23623013,-1.8143237525
Kenya,1952,0.26354945,-1.8173615
Kenya,1953,0.24468324,-2.2403895083333336
Kenya,1954,0.26776558,-1.3242200183333332
Kenya,1955,0.3040701,-0.9732060375
Kenya,1956,0.3299291,-1.1482609041666667
Kenya,1957,0.3285669,-1.1992382916666666
Kenya,1958,0.29096332,-0.8588751275000001
Kenya,1959,0.2974812,-0.7060232125
Kenya,1960,0.3150179,-0.9273261958333334
Kenya,1961,0.3002841,-0.9520082503333334
Kenya,1962,0.3159349,-1.2846183691666666
Kenya,1963,0.33065438,-1.3580851675
Kenya,1964,0.31462154,-1.2481850058333337
Kenya,1965,0.26385778,-0.9817187125
Kenya,1966,0.27579188,-0.58427921175
Kenya,1967,0.26688117,-1.1250386208333334
Kenya,1968,0.26765653,-1.5685079750000002
Kenya,1969,0.28579247,-0.7037307458333334
Kenya,1970,0.27076113,-0.7520537360833334
Kenya,1971,0.3120957,-1.038866665
Kenya,1972,0.3167478,-0.6076253236666667
Kenya,1973,0.30978185,-0.1744588179166666
Kenya,1974,0.3782363,-0.7628394666666667
Kenya,1975,0.36777344,-0.8649603483333334
Kenya,1976,0.32976493,-0.7097112341666666
Kenya,1977,0.34995666,-0.9851449283333332
Kenya,1978,0.35604352,-1.2364527366666669
Kenya,1979,0.3254883,-1.1426176966666666
Kenya,1980,0.3863851,-0.2919921883333333
Kenya,1981,0.39268813,-0.6487768536666667
Kenya,1982,0.27242798,-0.6601041178333333
Kenya,1983,0.26082268,-0.1360432342499999
Kenya,1984,0.23302263,-0.5485873288333333
Kenya,1985,0.19609821,-0.8427047758333334
Kenya,1986,0.20888105,-0.6601597491666666
Kenya,1987,0.25070503,0.0394778283333333
Kenya,1988,0.22401613,-0.2501497283333333
Kenya,1989,0.23452918,-0.8679316866666666
Kenya,1990,0.25418887,-0.7311766981666666
Kenya,1991,0.20444229,-0.4440224999166666
Kenya,1992,0.2270675,-0.5189825644166667
Kenya,1993,0.25248885,-0.6416900929166667
Kenya,1994,0.25344354,-0.249564967
Kenya,1995,0.28376964,-0.1999484716666666
Kenya,1996,0.3398336,-0.2132641481666667
Kenya,1997,0.2921569,-0.3389951366666666
Kenya,1998,0.34476742,-0.4705123925
Kenya,1999,0.33869758,-0.33619053975
Kenya,2000,0.33968258,-0.1289726904166666
Kenya,2001,0.29342595,-0.2628490129166667
Kenya,2002,0.24182516,-0.1790738115
Kenya,2003,0.19901958,0.0034171744999999
Kenya,2004,0.21864069,-0.0038016641716666
Kenya,2005,0.2389887,0.3351998275833334
Kenya,2006,0.25920096,0.0985321949999999
Kenya,2007,0.2582699,0.093518418
Kenya,2008,0.2609983,0.0368069024166666
Kenya,2009,0.30544478,0.4787292408333333
Kenya,2010,0.29239404,0.2340072009416667
Kenya,2011,0.31450152,0.2310997624999999
Kenya,2012,0.28494468,0.09094571945
Kenya,2013,0.29915425,-0.0466095625
Kenya,2014,0.3155505,0.2320618615
Kenya,2015,0.36099055,0.47485097
Kenya,2016,0.37670648,0.4564824130833333
Kenya,2017,0.35996416,0.5639564148333334
Kenya,2018,0.37520593,-0.1545235341666666
Kenya,2019,0.38661912,0.6397681241666666
Kenya,2020,0.4209686,0.2196302412583333
Kenya,2021,0.41928962,0.551738896425
Kenya,2022,0.39440462,0.4241154923333333
Kenya,2023,0.38907567,0.3726121541666666
Kiribati,1961,0.15169959,-0.3706865316666667
Kiribati,1962,0.22195747,-0.6982851041666667
Kiribati,1963,0.36087856,-0.3069073385833333
Kiribati,1964,0.3518476,-0.5710064583333333
Kiribati,1965,0.20579259,-0.0610094095
Kiribati,1966,0.20204768,0.2753782315833333
Kiribati,1967,0.39986175,-0.195630075
Kiribati,1968,0.59408724,-0.2190853787583333
Kiribati,1969,0.19512542,0.1554822920333333
Kiribati,1970,0.38239694,-0.6585308693333333
Kiribati,1971,0.4999062,-1.1699113833333332
Kiribati,1972,0.4292265,0.0092496858333333
Kiribati,1973,0.6027307,-0.5590562866666667
Kiribati,1974,0.538894,-1.0384263925
Kiribati,1975,0.5409005,-1.162266725
Kiribati,1976,0.5437636,-0.5968217908333333
Kiribati,1977,0.36489177,-0.001144095
Kiribati,1978,0.3674288,-0.13921832925
Kiribati,1979,0.42643613,0.08802064225
Kiribati,1980,0.4794635,0.0123446766666666
Kiribati,1981,0.4720965,-0.40109984225
Kiribati,1982,0.40645304,0.1951220836333333
Kiribati,1983,0.3427823,-0.2221676595833333
Kiribati,1984,0.3371779,-0.7435502966666667
Kiribati,1985,0.33076054,-0.5567547516666667
Kiribati,1986,0.26930088,0.0246712333333333
Kiribati,1987,0.31542248,0.5600131425833333
Kiribati,1988,0.30789486,-1.0016857763333331
Kiribati,1989,0.3006729,-0.7981080989166666
Kiribati,1990,0.2937859,0.2974805833333333
Kiribati,1991,0.28797486,0.4912570241666666
Kiribati,1992,0.33043882,0.2332105668333333
Kiribati,1993,0.3719136,0.257372855
Kiribati,1994,0.3664229,0.4110034308333333
Kiribati,1995,0.36094078,-0.1186774541666666
Kiribati,1996,0.3549141,-0.4716895491666666
Kiribati,1997,0.34845874,0.2837909041666667
Kiribati,1998,0.34228596,-0.6143236116666667
Kiribati,1999,0.33654818,-1.0646206608333333
Kiribati,2000,0.41364673,-0.8428850070833334
Kiribati,2001,0.40572265,-0.194053331275
Kiribati,2002,0.39725477,0.6355619458333334
Kiribati,2003,0.4281056,0.3662951811666666
Kiribati,2004,0.41962352,0.3809131008333333
Kiribati,2005,0.4860061,0.1560494112083333
Kiribati,2006,0.47641528,0.2360817558333333
Kiribati,2007,0.4668019,-0.4904476788333333
Kiribati,2008,0.45718235,-0.8428595891666667
Kiribati,2009,0.4475598,0.3327131233333333
Kiribati,2010,0.5394433,-0.4449739483333333
Kiribati,2011,0.49682704,-0.6566565863333333
Kiribati,2012,0.4569881,-0.1701250075
Kiribati,2013,0.45073986,-0.0664389933333333
Kiribati,2014,0.5084652,0.3018217066666667
Kiribati,2015,0.47060034,0.8351469025
Kiribati,2016,0.46405202,0.2337217316666666
Kiribati,2017,0.5485167,-0.0248028403333333
Kiribati,2018,0.540351,0.2836383231666666
Kiribati,2019,0.5323819,0.5842517166666666
Kiribati,2020,0.52316284,-0.0202887899999999
Kiribati,2021,0.51386094,-0.4449739428333333
Kiribati,2022,0.5177368,-0.582847275
Kiribati,2023,0.5207707,0.6075391819166667
Kosovo,1994,0.0,0.4294419974999999
Kosovo,1995,0.0,-0.9949446666666668
Kosovo,1996,0.0,-0.8953720880833335
Kosovo,1997,0.0,-0.8776765958333334
Kosovo,1998,0.0,-0.4965376216666667
Kosovo,1999,0.0,-0.1374418308333333
Kosovo,2000,0.0,0.2648409766666666
Kosovo,2001,0.0,-0.3028405691666667
Kosovo,2002,0.0,0.1003925683333333
Kosovo,2003,0.0,-0.17753259
Kosovo,2004,0.09008525,-0.4532285483333333
Kosovo,2005,0.0893624,-1.080719346333333
Kosovo,2006,0.08867807,-0.7510945757499999
Kosovo,2007,0.09193603,0.5622720416666667
Kosovo,2008,4.088207,0.51319069
Kosovo,2009,4.5185485,0.2764366989166666
Kosovo,2010,4.6707945,0.4858007245
Kosovo,2011,4.6288376,0.0219204666666666
Kosovo,2012,4.3442287,0.8282066274999998
Kosovo,2013,4.385727,0.7502401366666667
Kosovo,2014,3.9430332,0.8606272956666666
Kosovo,2015,4.6603103,0.6629538886666667
Kosovo,2016,4.9914527,0.4159918350000001
Kosovo,2017,4.5374,0.3615825344999999
Kosovo,2018,4.550919,0.86517914475
Kosovo,2019,4.780439,0.977733245
Kosovo,2020,4.8255777,0.4977722666666667
Kosovo,2021,5.0625577,-0.0810096241666666
Kosovo,2022,5.0598,0.5470023916666666
Kosovo,2023,4.9275312,0.9573198616666666
Kuwait,1946,17.171436,-1.1590652516666666
Kuwait,1947,46.811127,-0.3711566066666667
Kuwait,1948,2.3183334,-1.3548513164166665
Kuwait,1949,7.153504,-2.8374032833333334
Kuwait,1950,2.499334,-2.3473091858333333
Kuwait,1951,0.74009925,-1.1217682341666666
Kuwait,1952,0.0,-1.57035827375
Kuwait,1953,0.0,-2.141223751666667
Kuwait,1954,8.101515,-1.5481761259166669
Kuwait,1955,9.924096,-1.547920085
Kuwait,1956,5.0225215,-1.1298170125
Kuwait,1957,9.68424,-1.7601014858333333
Kuwait,1958,14.748622,-1.1465334816666666
Kuwait,1959,13.594745,-1.65971985
Kuwait,1960,25.068619,-0.4203362474999999
Kuwait,1961,28.832294,-1.4495937058333332
Kuwait,1962,37.09115,-0.2716567591666667
Kuwait,1963,39.778687,-1.2092658716666669
Kuwait,1964,53.51059,-1.981466043333333
Kuwait,1965,67.9094,-1.2153953591666666
Kuwait,1966,61.34515,-0.5635281365
Kuwait,1967,40.475487,-2.489935791666667
Kuwait,1968,33.66305,-1.4244901358333333
Kuwait,1969,35.773266,-1.2981512533333337
Kuwait,1970,30.92604,-1.1808623320833334
Kuwait,1971,31.348133,-1.7534022291666669
Kuwait,1972,30.002634,-2.5942548916666666
Kuwait,1973,24.777496,-1.4374283833333334
Kuwait,1974,18.599585,-1.844202435833333
Kuwait,1975,15.217723,-1.6988849716666667
Kuwait,1976,15.658533,-1.8570638596666669
Kuwait,1977,13.673792,-0.9949700116666668
Kuwait,1978,15.647186,-1.0993445626666667
Kuwait,1979,12.38355,-0.2279435791666667
Kuwait,1980,16.359072,-0.9387121983333334
Kuwait,1981,15.877208,-0.4628146575
Kuwait,1982,12.686324,-1.5095329483333335
Kuwait,1983,12.34981,-1.2399395966666666
Kuwait,1984,15.535733,-0.9826394783333332
Kuwait,1985,15.346892,-0.5937917355833333
Kuwait,1986,17.860973,-0.7865472462499999
Kuwait,1987,15.284196,0.0162644395833333
Kuwait,1988,15.377172,-0.354536298225
Kuwait,1989,16.132116,-1.09144599125
Kuwait,1990,22.440287,-0.3574244913333333
Kuwait,1991,364.6994,-0.84561865
Kuwait,1992,18.134594,-2.13725225
Kuwait,1993,29.381664,-0.7845138761666667
Kuwait,1994,34.366302,-0.4233137096666666
Kuwait,1995,33.380074,-0.7924692566666667
Kuwait,1996,29.838724,-0.0489490866666666
Kuwait,1997,31.67354,-1.0654379545833332
Kuwait,1998,28.635649,0.3596147604166667
Kuwait,1999,28.936058,0.3950261275
Kuwait,2000,28.081316,-0.1947613533333333
Kuwait,2001,29.406607,0.35096939
Kuwait,2002,29.120287,0.047456266
Kuwait,2003,29.54555,0.0852776401666666
Kuwait,2004,30.423147,-0.1155815991666666
Kuwait,2005,33.274982,-0.1565018575
Kuwait,2006,32.160374,0.1644818046666667
Kuwait,2007,30.767641,-0.0375559333333333
Kuwait,2008,31.787981,-0.0556877466666666
Kuwait,2009,31.736975,-0.1077301391666666
Kuwait,2010,30.874323,1.2447595633333333
Kuwait,2011,28.079737,-0.4907637442499999
Kuwait,2012,30.655836,0.1458950072499999
Kuwait,2013,24.036398,-0.2865172195
Kuwait,2014,20.851244,0.3456317523333334
Kuwait,2015,24.647194,0.6562299675
Kuwait,2016,27.449228,0.5584677911666667
Kuwait,2017,25.020304,0.74743923
Kuwait,2018,24.685282,1.09540877
Kuwait,2019,24.436037,0.6202952841666667
Kuwait,2020,21.73922,0.725706495
Kuwait,2021,21.815344,1.476842475
Kuwait,2022,21.235703,0.9336393658333332
Kuwait,2023,20.508173,0.7411600695833332
Kyrgyzstan,1940,1.7482818,-1.1876063129166667
Kyrgyzstan,1941,1.5224278,0.7977318999999999
Kyrgyzstan,1942,0.8187782,0.2024197683333333
Kyrgyzstan,1943,0.84675467,-0.5515157525
Kyrgyzstan,1944,1.2167853,-0.1136149391666666
Kyrgyzstan,1945,1.2772194,-0.8465717141666665
Kyrgyzstan,1946,1.4228903,0.0806700808333333
Kyrgyzstan,1947,1.6981255,0.5717716008333333
Kyrgyzstan,1948,1.7911998,-0.3257125275
Kyrgyzstan,1949,2.0125146,-1.02327016725
Kyrgyzstan,1950,2.2118862,-0.8215506216666667
Kyrgyzstan,1951,2.3489017,-0.6625327725
Kyrgyzstan,1952,2.4646604,-0.4024495658333333
Kyrgyzstan,1953,2.554884,-0.4146703716666667
Kyrgyzstan,1954,2.7329764,-0.9541767733333332
Kyrgyzstan,1955,3.0320604,-0.5357947325
Kyrgyzstan,1956,3.2489123,-0.1311116828333333
Kyrgyzstan,1957,3.47084,-1.731305760833333
Kyrgyzstan,1958,3.6122348,-0.6674284904166666
Kyrgyzstan,1959,3.6956034,-0.7204597675000001
Kyrgyzstan,1960,3.7340512,-1.0527889866666666
Kyrgyzstan,1961,3.7282596,-0.7125889473833333
Kyrgyzstan,1962,3.7835479,-0.6562261495833334
Kyrgyzstan,1963,3.920991,0.1297149979166666
Kyrgyzstan,1964,4.032523,-1.12406157
Kyrgyzstan,1965,4.1422977,-0.2509839453333333
Kyrgyzstan,1966,4.241085,-0.6114665491666668
Kyrgyzstan,1967,4.303023,-1.0916587683333334
Kyrgyzstan,1968,4.2957883,-0.6899078225
Kyrgyzstan,1969,4.3489356,-0.9928758691666668
Kyrgyzstan,1970,4.455126,-0.61583298125
Kyrgyzstan,1971,4.6112337,-0.1924879808333333
Kyrgyzstan,1972,4.7404766,-1.651894848333333
Kyrgyzstan,1973,4.8327785,-0.2163291858333333
Kyrgyzstan,1974,4.91213,-1.391562825
Kyrgyzstan,1975,5.059987,-1.1078632021666668
Kyrgyzstan,1976,5.150288,-0.7807901821666666
Kyrgyzstan,1977,5.219923,-0.1872790215
Kyrgyzstan,1978,5.2897034,-0.1889092074999999
Kyrgyzstan,1979,5.224108,-0.0493484545833333
Kyrgyzstan,1980,5.320171,0.27285893
Kyrgyzstan,1981,5.112991,-0.5714684191666667
Kyrgyzstan,1982,5.1021423,-0.90366814
Kyrgyzstan,1983,5.06364,-0.2302820958333333
Kyrgyzstan,1984,5.012348,-0.9717631841666666
Kyrgyzstan,1985,5.321227,-0.4909393058333333
Kyrgyzstan,1986,5.2338295,-0.6229320875000001
Kyrgyzstan,1987,5.0047774,-0.4205131500833333
Kyrgyzstan,1988,4.9549613,-0.0970954715
Kyrgyzstan,1989,4.7294326,-1.4653629158333334
Kyrgyzstan,1990,4.304971,0.2254164095833333
Kyrgyzstan,1991,3.5067415,-0.4799749886666666
Kyrgyzstan,1992,2.4002283,-0.4359426720833333
Kyrgyzstan,1993,1.8302596,-0.8944916525000001
Kyrgyzstan,1994,1.3216357,-0.581454507
Kyrgyzstan,1995,0.9561604,-0.5543102643333334
Kyrgyzstan,1996,1.1817088,-0.9551464291666668
Kyrgyzstan,1997,1.147017,0.4978042786666667
Kyrgyzstan,1998,1.2023845,0.4457815325
Kyrgyzstan,1999,0.9343668,-0.0655584375
Kyrgyzstan,2000,0.91048133,-0.2948747963333333
Kyrgyzstan,2001,0.7604119,0.1262229
Kyrgyzstan,2002,0.9611124,0.55202875625
Kyrgyzstan,2003,1.0418925,-0.3255617341666666
Kyrgyzstan,2004,1.1163111,0.3968456223083333
Kyrgyzstan,2005,1.0519956,-0.1623734529166667
Kyrgyzstan,2006,1.0337402,0.5885562541666667
Kyrgyzstan,2007,1.2275326,0.5899001191666666
Kyrgyzstan,2008,1.4002646,0.1209804158333333
Kyrgyzstan,2009,1.2429305,-0.2595588175
Kyrgyzstan,2010,1.1573167,0.33710182725
Kyrgyzstan,2011,1.3620855,0.0657338010833333
Kyrgyzstan,2012,1.7706912,-0.7014920433333334
Kyrgyzstan,2013,1.6790403,0.4849699005833334
Kyrgyzstan,2014,1.7354872,-0.43436464075
Kyrgyzstan,2015,1.7102784,0.4849732014999999
Kyrgyzstan,2016,1.5751518,0.9073615433333332
Kyrgyzstan,2017,1.5049132,0.0662295853333333
Kyrgyzstan,2018,1.7616013,-0.0822987991666666
Kyrgyzstan,2019,1.3925191,0.5477995666666667
Kyrgyzstan,2020,1.2527564,0.0151139008333333
Kyrgyzstan,2021,1.5140777,0.3239060841666666
Kyrgyzstan,2022,1.442273,0.9921424316666668
Kyrgyzstan,2023,1.4352694,1.1945689983333334
Laos,1955,0.0135475835,-1.0740165674166666
Laos,1956,0.030262422,-0.97077799275
Laos,1957,0.029576771,-0.4754892941083333
Laos,1958,0.036134355,-0.6861860016666667
Laos,1959,0.03709133,-0.52197090475
Laos,1960,0.037996314,-0.5000303579166666
Laos,1961,0.05234889,-0.7522416166666667
Laos,1962,0.059419587,-1.116153564166667
Laos,1963,0.06453499,-1.1903767533333334
Laos,1964,0.07413849,-0.9302584308333334
Laos,1965,0.07555755,-0.8102539391666667
Laos,1966,0.09645901,-0.4529694025
Laos,1967,0.1281396,-1.03778361
Laos,1968,0.066191025,-0.6593837699999999
Laos,1969,0.122277535,-0.3981229435
Laos,1970,0.21410415,-0.5032731730000001
Laos,1971,0.15408537,-1.3310052541666668
Laos,1972,0.17393962,-0.7201914751666667
Laos,1973,0.17997442,-0.3378856981166667
Laos,1974,0.09971048,-1.01690166375
Laos,1975,0.084118284,-0.9659660695833332
Laos,1976,0.07292556,-1.1186661758333334
Laos,1977,0.07401099,-0.9801316291666669
Laos,1978,0.07277848,-0.7223065766666666
Laos,1979,0.069236,-0.2619714655
Laos,1980,0.056753993,-0.1489361179999999
Laos,1981,0.044621952,-0.4638110852833333
Laos,1982,0.045667604,-0.5441894483333334
Laos,1983,0.05070275,-0.4711736144166666
Laos,1984,0.05036015,-0.6113088983333334
Laos,1985,0.054862883,-0.6012411166666667
Laos,1986,0.05429305,-0.61514489225
Laos,1987,0.05369757,-0.1409247733333333
Laos,1988,0.05218139,-0.2206401751666666
Laos,1989,0.055078905,-0.4819127608333333
Laos,1990,0.11896353,-0.28696616025
Laos,1991,0.12309524,-0.0152630806666666
Laos,1992,0.1299953,-0.5965285295
Laos,1993,0.12965254,-0.6069256391666666
Laos,1994,0.13188648,-0.3265398435
Laos,1995,0.13610286,-0.3940893816666667
Laos,1996,0.14862165,-0.5979167661666667
Laos,1997,0.15380734,-0.2630864705
Laos,1998,0.15625623,0.5797233625
Laos,1999,0.15837474,-0.4274366633333333
Laos,2000,0.176831,-0.4017424533333333
Laos,2001,0.19246706,-0.08682727965
Laos,2002,0.2077707,-0.0189129458333333
Laos,2003,0.2142832,0.0487162266666666
Laos,2004,0.22182229,-0.3818691567333334
Laos,2005,0.22779061,0.0104009297499999
Laos,2006,0.2946993,0.14349143
Laos,2007,0.30305886,-0.0314517024999999
Laos,2008,0.3466198,-0.6801838908333334
Laos,2009,0.4273679,0.0337843928333333
Laos,2010,0.47433594,0.5252350056666667
Laos,2011,0.4932834,-0.6599159283583333
Laos,2012,0.52124816,0.4662346793333333
Laos,2013,0.64452255,0.0382866818749999
Laos,2014,0.6638244,0.1428974489166666
Laos,2015,1.3569225,0.592385289
Laos,2016,2.3822117,0.5500817391666667
Laos,2017,2.8047261,0.3588787721666666
Laos,2018,2.884135,0.2086215050833333
Laos,2019,2.6362908,1.0803790037833334
Laos,2020,2.6531994,0.7095778758333333
Laos,2021,3.0592737,0.3412588504166666
Laos,2022,3.1004407,0.2634970344583333
Laos,2023,3.235021,0.8398712525
Latvia,1940,1.687375,-3.0421736182166668
Latvia,1941,1.4819252,-3.941368728333333
Latvia,1942,0.8061616,-3.452717083333333
Latvia,1943,0.841985,-0.4004275245833333
Latvia,1944,1.2219459,-0.6637205650000001
Latvia,1945,1.2939852,-1.4201707066666664
Latvia,1946,1.45485,-1.2834208925
Latvia,1947,1.7529738,-1.8689454908333327
Latvia,1948,1.8664278,-0.4243097858333333
Latvia,1949,2.119169,0.2012383625
Latvia,1950,2.3591459,-1.0794633583333333
Latvia,1951,2.5364115,-1.191912535
Latvia,1952,2.6946,-1.8893739858333327
Latvia,1953,2.8282335,-0.9232391608333332
Latvia,1954,3.062525,-1.5931653924999998
Latvia,1955,3.4408884,-1.7544036758333337
Latvia,1956,3.737919,-2.9168648839166664
Latvia,1957,4.0495677,-0.5022183966666667
Latvia,1958,4.274681,-1.6533373041666666
Latvia,1959,4.4227543,-0.4285069216666666
Latvia,1960,4.5319963,-1.2525220183333332
Latvia,1961,4.6188555,0.1246068416666666
Latvia,1962,4.7940955,-1.7247737191666666
Latvia,1963,5.087482,-2.0465052316666665
Latvia,1964,5.3530455,-1.2502317200000002
Latvia,1965,5.6212277,-2.0449123466666665
Latvia,1966,5.8809237,-1.7117961166666664
Latvia,1967,6.093146,-0.6784627324999999
Latvia,1968,6.208743,-1.6017355691666666
Latvia,1969,6.4108324,-2.661799703333333
Latvia,1970,6.687375,-1.987099365833333
Latvia,1971,7.0416136,-0.6295069149166667
Latvia,1972,7.3548574,-0.5225751125000001
Latvia,1973,7.607188,-0.8032866216666666
Latvia,1974,7.8333883,-0.2867286599999999
Latvia,1975,8.175253,0.6862325818333334
Latvia,1976,8.439504,-2.4952282225
Latvia,1977,8.678355,-1.3925502738333335
Latvia,1978,8.932394,-2.205243466666667
Latvia,1979,8.976591,-1.5259470291666668
Latvia,1980,9.306357,-2.047295757166667
Latvia,1981,9.105383,-0.98707188
Latvia,1982,9.23252,-0.6606625875
Latvia,1983,9.311715,0.1788913306666666
Latvia,1984,9.338205,-0.5580907741666666
Latvia,1985,10.001915,-2.473526693333333
Latvia,1986,9.07406,-1.2172324089166666
Latvia,1987,7.342519,-2.714540570833333
Latvia,1988,7.108577,-0.5026384233333334
Latvia,1989,6.728946,0.9086567166666666
Latvia,1990,7.3913527,0.64148629375
Latvia,1991,6.7649465,-0.0671066083333333
Latvia,1992,5.4281917,0.1489199033333333
Latvia,1993,4.650081,-1.063217245
Latvia,1994,4.113217,-0.7849360166666667
Latvia,1995,3.6742876,-0.17568458
Latvia,1996,3.747837,-1.7418896
Latvia,1997,3.5673018,-0.5074734533333335
Latvia,1998,3.446242,-0.7528612366666666
Latvia,1999,3.2281873,0.36217548
Latvia,2000,2.990206,0.75278246
Latvia,2001,3.2060354,-0.2367046345833332
Latvia,2002,3.2537568,0.1983423558333332
Latvia,2003,3.375388,-0.467066107
Latvia,2004,3.414644,-0.4572149116666666
Latvia,2005,3.4873562,-0.4922281383333333
Latvia,2006,3.7450006,0.2094321650000001
Latvia,2007,3.9247465,0.4591484908333332
Latvia,2008,3.7646215,0.8930510615833332
Latvia,2009,3.48097,-0.32443163
Latvia,2010,4.077879,-1.1733255313333333
Latvia,2011,3.7919629,0.3998413133333333
Latvia,2012,3.6959643,-0.7702018163333334
Latvia,2013,3.660656,0.0974814649999999
Latvia,2014,3.5967214,0.4803544111666666
Latvia,2015,3.6719465,0.93566041
Latvia,2016,3.6792696,0.2297740958333333
Latvia,2017,3.714361,-0.0216338158333333
Latvia,2018,4.0763845,0.7264463156666666
Latvia,2019,3.9956133,1.2765776633333334
Latvia,2020,3.6810806,1.86599143
Latvia,2021,3.8387253,0.0819419683333333
Latvia,2022,3.5192242,0.5138951908333333
Latvia,2023,3.4600034,1.0216986516666666
Lebanon,1940,0.019556267,-1.15716784
Lebanon,1941,0.01919647,-0.8107585475
Lebanon,1942,0.30148855,-1.0136700204166669
Lebanon,1943,0.03082742,-0.8163836741666667
Lebanon,1944,0.05446814,-1.0025283910833334
Lebanon,1945,0.05940709,-1.41931781
Lebanon,1946,0.058314133,-0.7806492195
Lebanon,1947,0.06582754,-0.116019324
Lebanon,1948,0.078663096,-1.8001691866666667
Lebanon,1949,0.08809245,-1.857118238208333
Lebanon,1950,1.1207,-1.2753426108333332
Lebanon,1951,1.0501138,-0.7244622749999999
Lebanon,1952,0.8233704,-0.5923680487499999
Lebanon,1953,0.8502911,-1.8806319333333328
Lebanon,1954,0.8651408,-0.8771425475
Lebanon,1955,1.0432993,-0.0582529675
Lebanon,1956,1.1787905,-0.8796444378833334
Lebanon,1957,1.2541866,-0.6291569597500001
Lebanon,1958,1.1692762,-0.1737504391666667
Lebanon,1959,1.4048103,-1.7219089150000002
Lebanon,1960,1.4356124,0.3737281541666666
Lebanon,1961,1.4478076,-1.0179614641666668
Lebanon,1962,1.4929163,0.3106000460333333
Lebanon,1963,1.5342172,-0.2951210287499999
Lebanon,1964,1.6060425,-1.303770957166667
Lebanon,1965,1.5856082,-0.77195637
Lebanon,1966,1.6864918,-0.0396500405
Lebanon,1967,1.6153786,-2.1576059958333333
Lebanon,1968,1.629651,-1.0845267045833331
Lebanon,1969,1.8659354,-0.7300400725
Lebanon,1970,1.6515547,-0.9621032483333334
Lebanon,1971,2.166817,-1.4860775358333334
Lebanon,1972,2.2526238,-1.7433544975000002
Lebanon,1973,2.746613,-1.325375452
Lebanon,1974,2.6897442,-1.11654609
Lebanon,1975,2.326315,-1.3680355225000005
Lebanon,1976,2.1728148,-1.4300083608333332
Lebanon,1977,1.9497801,-1.09483847
Lebanon,1978,1.9470743,-0.7041823941666666
Lebanon,1979,2.0069518,-0.4013184775
Lebanon,1980,2.0001054,-1.051944652416667
Lebanon,1981,1.9422953,-0.9292777359166666
Lebanon,1982,1.8722303,-1.873280981666667
Lebanon,1983,2.24307,-1.9236705305
Lebanon,1984,2.1293473,-1.3097842966666666
Lebanon,1985,2.4134753,-0.8195382008333333
Lebanon,1986,2.2659676,-0.8977992525
Lebanon,1987,2.2656443,-0.9140057541666669
Lebanon,1988,2.126344,-0.9754619708333332
Lebanon,1989,2.190143,-0.8229813883333333
Lebanon,1990,2.1885734,-0.6827737116666667
Lebanon,1991,2.211901,-0.8067701985000001
Lebanon,1992,2.5956979,-2.2238175891666665
Lebanon,1993,2.7102761,-0.9678967408333332
Lebanon,1994,2.8564332,-0.2226589897499999
Lebanon,1995,3.09409,-0.6591609750833333
Lebanon,1996,3.1607447,-0.1494374391666666
Lebanon,1997,3.6751134,-0.9858732225
Lebanon,1998,3.89514,0.3613479516666667
Lebanon,1999,3.8610592,0.4893506381666667
Lebanon,2000,3.5724654,-0.2435443873333333
Lebanon,2001,3.7271936,0.6096163958333333
Lebanon,2002,3.6392775,0.0733462183333333
Lebanon,2003,4.0943937,-0.0737889208333333
Lebanon,2004,3.7415802,-0.3187524487166667
Lebanon,2005,3.5645452,-0.6089057416666667
Lebanon,2006,3.1134667,-0.5304102474166666
Lebanon,2007,2.837716,-0.1331525666666666
Lebanon,2008,3.5363784,0.1163948408333333
Lebanon,2009,4.1980224,0.0093151733333333
Lebanon,2010,3.9666011,1.707866265
Lebanon,2011,3.976507,-0.5191326058333333
Lebanon,2012,4.2653465,0.1290161991666666
Lebanon,2013,3.858941,0.1622668832916667
Lebanon,2014,3.7800877,0.4541786464166666
Lebanon,2015,3.9760313,0.1454935408333333
Lebanon,2016,4.1817923,0.7945276428333333
Lebanon,2017,4.5168343,0.537998045
Lebanon,2018,4.371076,1.31397132
Lebanon,2019,4.4285336,0.5399226004166666
Lebanon,2020,4.1763225,0.9986840445833334
Lebanon,2021,3.373741,1.1374384514166669
Lebanon,2022,3.2940342,0.4252689299999999
Lebanon,2023,3.3732815,1.1703403491666666
Lesotho,1990,0.8139311,-0.7239322125
Lesotho,1991,0.8293237,-0.4289462616666666
Lesotho,1992,0.84694105,0.1327799839166666
Lesotho,1993,0.859283,-0.2208635956666666
Lesotho,1994,0.8686433,-1.0594106145
Lesotho,1995,0.8749739,-0.3708904433333333
Lesotho,1996,0.8805285,-1.2807698183333334
Lesotho,1997,0.89015687,-0.960734055
Lesotho,1998,0.90224624,0.0179024733333333
Lesotho,1999,0.9108904,0.2786076216666666
Lesotho,2000,0.923377,-0.6841415425
Lesotho,2001,0.93760145,-0.5090307708333334
Lesotho,2002,0.9552052,-0.3742586975
Lesotho,2003,0.97275776,0.2652480108333333
Lesotho,2004,1.0056512,0.0013996974999999
Lesotho,2005,1.0299554,0.3733506835833333
Lesotho,2006,1.0473819,-0.6747320660833332
Lesotho,2007,1.0617456,-0.0406459136666666
Lesotho,2008,1.0806665,0.1387666241666666
Lesotho,2009,1.1190774,-0.1487346543333333
Lesotho,2010,1.1398377,0.6220140566666666
Lesotho,2011,1.5209328,-0.6919919956666667
Lesotho,2012,1.5201256,-0.1452409763333333
Lesotho,2013,1.1349511,0.3221781419166666
Lesotho,2014,1.1890179,0.2766410883333333
Lesotho,2015,1.0654787,1.27912543135
Lesotho,2016,1.0388125,0.95798741
Lesotho,2017,1.165241,0.4751719373083333
Lesotho,2018,1.08566,0.4098150069166666
Lesotho,2019,1.0812736,1.6807968725
Lesotho,2020,0.9718533,0.3586067499166667
Lesotho,2021,1.5148556,-0.009093682
Lesotho,2022,1.6764951,0.2575136183333333
Lesotho,2023,1.6824147,0.3547006633333333
Liberia,1950,0.051837977,-0.82528718
Liberia,1951,0.046955798,-0.8007055916666667
Liberia,1952,0.057553355,-0.6729267458333333
Liberia,1953,0.060167477,-0.511311535
Liberia,1954,0.10313604,-1.018301165
Liberia,1955,0.057681087,-0.9158139016666668
Liberia,1956,0.04583936,-1.1843248975
Liberia,1957,0.07928512,-0.99644438
Liberia,1958,0.148284,-0.7941861174999999
Liberia,1959,0.12844446,-0.6710089075
Liberia,1960,0.14469783,-0.5746335975
Liberia,1961,0.13806558,-0.5103823355
Liberia,1962,0.21120836,-0.6257303553333333
Liberia,1963,0.28956735,-0.4594977666666666
Liberia,1964,0.38424528,-0.5885467558333334
Liberia,1965,0.43135363,-0.8596736566666667
Liberia,1966,0.46203172,-0.3210727370833333
Liberia,1967,0.4504529,-0.572943055
Liberia,1968,0.6335324,-0.6000183425
Liberia,1969,0.8891537,-0.4290173823333333
Liberia,1970,0.989062,-0.3301992413333333
Liberia,1971,1.0131927,-0.6763729983333334
Liberia,1972,0.97596943,-0.3459539445833333
Liberia,1973,0.93454456,0.1773209541666666
Liberia,1974,1.0586625,-0.4414976424166667
Liberia,1975,0.88789696,-0.5260248233333333
Liberia,1976,0.85939103,-0.7922007325
Liberia,1977,0.83317024,-0.2053483354166666
Liberia,1978,0.82672215,-0.3737314533333333
Liberia,1979,1.0369742,-0.1071516686416666
Liberia,1980,1.0561619,-0.174658458
Liberia,1981,0.9738953,-0.1094285670833333
Liberia,1982,0.29212633,-0.2634930633333333
Liberia,1983,0.3353089,0.0654923165
Liberia,1984,0.31999353,-0.1989083300583333
Liberia,1985,0.31960815,-0.2530837056551667
Liberia,1986,0.31314218,-0.1823573120833333
Liberia,1987,0.31905928,0.3786118848333333
Liberia,1988,0.33069843,0.1525859863333333
Liberia,1989,0.26197204,0.0226877518333333
Liberia,1990,0.20513111,-0.0933872869166666
Liberia,1991,0.19143982,-0.2980713808333333
Liberia,1992,0.18898545,-0.4307454441666666
Liberia,1993,0.19363579,-0.2536001211666667
Liberia,1994,0.19315256,-0.32223701525
Liberia,1995,0.1918144,-0.05698172235
Liberia,1996,0.19149508,-0.3007443775
Liberia,1997,0.18491349,-0.1912689205833333
Liberia,1998,0.17716579,0.2818450946666667
Liberia,1999,0.13330494,-0.33287016475
Liberia,2000,0.13618806,-0.3984241504999999
Liberia,2001,0.13843319,-0.2926721593333333
Liberia,2002,0.13960047,-0.1429025346666666
Liberia,2003,0.14884648,-0.0126965832499999
Liberia,2004,0.17310685,-0.0154167809166666
Liberia,2005,0.19708438,0.0316038136666666
Liberia,2006,0.19271965,0.0455571822333333
Liberia,2007,0.17037874,0.0843938188333333
Liberia,2008,0.13891695,-0.0441285784166666
Liberia,2009,0.13238265,-0.0284578010833333
Liberia,2010,0.1747463,0.1666909865833333
Liberia,2011,0.19396219,-0.1220684073333333
Liberia,2012,0.2092416,-0.1648999843333333
Liberia,2013,0.19557683,0.0767119740833333
Liberia,2014,0.16071093,-0.0781882614166666
Liberia,2015,0.14981525,0.1369633686
Liberia,2016,0.13532034,0.537196955
Liberia,2017,0.13826382,0.4695882841666667
Liberia,2018,0.12250325,0.3028941174166666
Liberia,2019,0.18471907,0.6507530116666667
Liberia,2020,0.15140018,0.7021978616666668
Liberia,2021,0.14879552,0.5828994133333333
Liberia,2022,0.1474119,0.4654223126666666
Liberia,2023,0.14036113,0.8618884166666666
Libya,1950,0.12629725,-2.119798266666667
Libya,1951,0.14715604,-1.1107574383333334
Libya,1952,0.14184068,-1.5667593475
Libya,1953,0.21056546,-1.6690455966666666
Libya,1954,0.24868847,-1.907184995
Libya,1955,0.34534237,-0.6082882941666666
Libya,1956,0.25704062,-1.4825440333333333
Libya,1957,0.23437653,-1.1520823666666666
Libya,1958,0.25504166,-0.7237106966666667
Libya,1959,0.30151835,-1.6030490441666665
Libya,1960,0.46387452,-0.5954282234166667
Libya,1961,0.7678201,-2.0768651175
Libya,1962,0.646095,-0.9974318416666668
Libya,1963,0.864837,-0.7101163066666668
Libya,1964,0.3781744,-1.2908558246666666
Libya,1965,0.56260675,-1.5620794333333334
Libya,1966,1.4208025,-0.9941612833333332
Libya,1967,9.742166,-1.5751089216666667
Libya,1968,15.421502,-0.8837015608333333
Libya,1969,17.635506,-0.2664310991666667
Libya,1970,15.51226,-1.16566959
Libya,1971,10.043365,-1.037397618
Libya,1972,6.8372188,-0.50627287025
Libya,1973,6.298237,-1.2001619528333334
Libya,1974,3.839195,-1.1803681075
Libya,1975,4.498691,-1.3500196051666666
Libya,1976,6.57353,-1.1891648874999998
Libya,1977,7.009645,-1.0003358533333333
Libya,1978,6.9305463,-0.8997403733333332
Libya,1979,8.017314,-0.6268800991666666
Libya,1980,7.820668,-0.86378757
Libya,1981,7.916176,-0.7973715575
Libya,1982,8.206009,-1.1179274725
Libya,1983,8.106131,-1.272230153
Libya,1984,7.4931774,-0.9695553741666668
Libya,1985,7.9519224,-0.7213281121666667
Libya,1986,8.43726,-0.8789219166666666
Libya,1987,7.8330894,-0.633231165
Libya,1988,8.533007,-0.1726543075
Libya,1989,8.535481,-0.705430425
Libya,1990,8.214214,-0.31799778
Libya,1991,9.378635,-0.6549686678866666
Libya,1992,7.9788713,-1.2049775083333334
Libya,1993,8.178385,-0.4534866855
Libya,1994,10.651164,-0.5571800140000001
Libya,1995,11.126528,-0.33494797
Libya,1996,10.817739,-0.1354293849999999
Libya,1997,10.223707,-0.3793664759166666
Libya,1998,10.047866,-0.1767152175
Libya,1999,9.63205,0.117300909
Libya,2000,10.0356045,-0.7571443630833333
Libya,2001,9.829333,0.0199407
Libya,2002,9.535499,-0.0935223983333333
Libya,2003,9.872539,-0.1641548624999999
Libya,2004,9.910034,-0.1810860633333333
Libya,2005,9.555894,0.077709116
Libya,2006,8.992503,-0.0127548399999999
Libya,2007,7.2721925,0.207727363
Libya,2008,7.9705105,0.283778429
Libya,2009,8.108939,0.2513115354166667
Libya,2010,9.102793,1.6494873408333337
Libya,2011,8.440933,-0.444082655
Libya,2012,9.969848,0.0664113444166666
Libya,2013,8.143893,0.4708088258333333
Libya,2014,10.634219,0.5100981358333333
Libya,2015,9.590622,-0.1145329519999999
Libya,2016,9.072769,0.8275851358333334
Libya,2017,10.325419,-0.5856118173333333
Libya,2018,9.537564,1.2700527538333333
Libya,2019,10.969283,0.2805944354166667
Libya,2020,4.859569,0.217161978
Libya,2021,7.924283,0.9328114906666668
Libya,2022,7.966225,0.2375242532275
Libya,2023,8.346452,0.6645112891666666
Lithuania,1940,2.0487902,-3.32895352
Lithuania,1941,1.7955519,-3.588376225
Lithuania,1942,0.978983,-3.345154955
Lithuania,1943,1.017185,-0.578701775
Lithuania,1944,1.4685557,-0.6744887116666667
Lithuania,1945,1.5421494,-1.4086594358333333
Lithuania,1946,1.721405,-1.1802244036666667
Lithuania,1947,2.061693,-1.914158352
Lithuania,1948,2.1807466,-0.4645697375
Lithuania,1949,2.4654858,0.010164595
Lithuania,1950,2.875954,-1.005914155833333
Lithuania,1951,3.0813339,-0.93082327
Lithuania,1952,3.263186,-1.8657068408333333
Lithuania,1953,3.412492,-0.9438437533333334
Lithuania,1954,3.681125,-1.6807369025
Lithuania,1955,4.124442,-1.4953588766666666
Lithuania,1956,4.470691,-2.845097868333333
Lithuania,1957,4.829126,-0.3734958291666666
Lithuania,1958,5.084488,-1.4780068033333336
Lithuania,1959,5.2592516,-0.3351382575
Lithuania,1960,5.3841143,-1.0842569803333333
Lithuania,1961,5.470292,-0.0677529866666667
Lithuania,1962,5.6658726,-1.738570795
Lithuania,1963,6.0019016,-1.8567540441666663
Lithuania,1964,6.304063,-1.4073675297333332
Lithuania,1965,6.605756,-2.05724177
Lithuania,1966,6.895615,-1.2583160875
Lithuania,1967,7.134544,-0.4286747108333333
Lithuania,1968,7.2587895,-1.47793706
Lithuania,1969,7.4846992,-2.7080934966666668
Lithuania,1970,7.7943134,-1.901841015
Lithuania,1971,8.196372,-0.5268215705
Lithuania,1972,8.547983,-0.6576027441666666
Lithuania,1973,8.8405075,-0.8091035383333334
Lithuania,1974,9.111298,-0.47141454625
Lithuania,1975,9.507137,0.6955705165
Lithuania,1976,9.793257,-2.383838891666666
Lithuania,1977,10.048243,-1.2541322879166668
Lithuania,1978,10.323211,-1.9813426508333327
Lithuania,1979,10.335854,-1.7341329591666668
Lithuania,1980,10.670782,-2.2228813429166667
Lithuania,1981,10.416799,-0.9727962858333332
Lithuania,1982,10.539222,-0.587552307
Lithuania,1983,10.615694,0.2137956716666667
Lithuania,1984,10.630683,-0.7100633
Lithuania,1985,11.362558,-2.4886400475
Lithuania,1986,10.027097,-1.37185100325
Lithuania,1987,9.936954,-2.777026615
Lithuania,1988,9.92251,-0.6822616558333333
Lithuania,1989,9.953952,0.8026578103333333
Lithuania,1990,9.681283,0.6380349511666666
Lithuania,1991,10.227331,-0.2800943491666667
Lithuania,1992,5.7344737,0.1050413911666666
Lithuania,1993,4.4440103,-1.0697075288166666
Lithuania,1994,4.323587,-0.5239592920833334
Lithuania,1995,4.161117,-0.3382374025
Lithuania,1996,4.3823657,-1.9051249166666664
Lithuania,1997,4.253133,-0.5534523028833334
Lithuania,1998,4.5190315,-0.6540057191666666
Lithuania,1999,3.8278244,0.359490294625
Lithuania,2000,3.393477,0.7454928291666666
Lithuania,2001,3.6364205,-0.2525676870583333
Lithuania,2002,3.688002,0.3847930375
Lithuania,2003,3.7171621,-0.4613702677166666
Lithuania,2004,3.935744,-0.5704373116666668
Lithuania,2005,4.184141,-0.5061295166666667
Lithuania,2006,4.3533397,0.0048969458333333
Lithuania,2007,4.8025327,0.4034867466666665
Lithuania,2008,4.6766033,0.8321558702499999
Lithuania,2009,4.065727,-0.3040783402499999
Lithuania,2010,4.4660387,-1.076129785
Lithuania,2011,4.6197767,0.2590012458333333
Lithuania,2012,4.7130303,-0.5969546325
Lithuania,2013,4.4551983,0.0896779366666666
Lithuania,2014,4.3928776,0.5421952384166667
Lithuania,2015,4.5043416,0.950199845
Lithuania,2016,4.585339,0.2602628133333333
Lithuania,2017,4.7079244,0.1576106158333333
Lithuania,2018,4.80661,0.7452852449999999
Lithuania,2019,4.904179,1.4616746695
Lithuania,2020,4.851269,1.7909771475000005
Lithuania,2021,4.956657,-0.09890075
Lithuania,2022,4.5641627,0.5000076516666666
Lithuania,2023,4.366298,1.3008146133333334
Luxembourg,1945,0.08540352,-0.8416695449999999
Luxembourg,1946,0.12222708,-0.9955460333333334
Luxembourg,1947,0.14693683,-0.0133437614999999
Luxembourg,1948,0.17173988,-0.68536835625
Luxembourg,1949,0.1963233,-0.2150886883333333
Luxembourg,1950,25.019104,-0.8800556091666666
Luxembourg,1951,30.221601,-0.7778539324999999
Luxembourg,1952,31.352243,-1.19426614275
Luxembourg,1953,28.688795,-0.5602201726833334
Luxembourg,1954,28.941704,-1.504729438
Luxembourg,1955,32.38025,-1.5068981591666668
Luxembourg,1956,33.783737,-2.230816213333333
Luxembourg,1957,35.140755,-0.4753811608333333
Luxembourg,1958,32.53683,-0.8399966816666667
Luxembourg,1959,33.395863,0.1856608659999999
Luxembourg,1960,36.667374,-0.4555028649166666
Luxembourg,1961,36.614037,0.1117681175
Luxembourg,1962,36.107838,-1.7989013441666668
Luxembourg,1963,35.433044,-1.9798036666666663
Luxembourg,1964,37.695488,-0.6156155416666667
Luxembourg,1965,36.986294,-1.3437179325
Luxembourg,1966,34.862476,-0.3013445033333333
Luxembourg,1967,33.833103,-0.6397865423333333
Luxembourg,1968,36.3812,-1.3006032975
Luxembourg,1969,38.975113,-1.2932766009166663
Luxembourg,1970,40.481926,-1.351657965
Luxembourg,1971,38.589363,-0.9581462975
Luxembourg,1972,38.994183,-1.5697375941666667
Luxembourg,1973,40.598446,-0.971285481
Luxembourg,1974,41.04947,-0.61676341
Luxembourg,1975,33.54868,-0.6181500308333333
Luxembourg,1976,33.335667,-0.3264005518333333
Luxembourg,1977,30.58053,-0.7426141325
Luxembourg,1978,32.90971,-1.6386588021666666
Luxembourg,1979,33.518356,-1.6731970158333336
Luxembourg,1980,30.449984,-1.6769663249999998
Luxembourg,1981,26.028933,-1.1325925858333334
Luxembourg,1982,24.448862,-0.6332287191666667
Luxembourg,1983,22.887121,-0.6376079008333333
Luxembourg,1984,24.61119,-1.4389570449999998
Luxembourg,1985,25.195211,-1.9861411141666665
Luxembourg,1986,24.734852,-1.5446485819166669
Luxembourg,1987,23.769508,-1.66035325
Luxembourg,1988,24.34743,-0.3737196345833333
Luxembourg,1989,26.094673,-0.0813231087499999
Luxembourg,1990,30.951601,-0.0035902716666666
Luxembourg,1991,32.121773,-1.0563214333333333
Luxembourg,1992,31.108923,-0.2380924483333333
Luxembourg,1993,31.073774,-0.7728119525
Luxembourg,1994,28.630857,0.4368164421666667
Luxembourg,1995,22.380949,-0.0324042066666666
Luxembourg,1996,22.203487,-1.734665935
Luxembourg,1997,20.401937,-0.2829225583333334
Luxembourg,1998,18.049078,-0.4689344699999999
Luxembourg,1999,18.883951,0.0831024338333333
Luxembourg,2000,19.95559,0.3785794188333333
Luxembourg,2001,20.84133,-0.1517036452333333
Luxembourg,2002,22.356348,0.3791393841666666
Luxembourg,2003,23.131897,0.3381039638333334
Luxembourg,2004,25.7921,-0.3954580191666667
Luxembourg,2005,25.953287,-0.0223554191666666
Luxembourg,2006,25.186571,0.38490474
Luxembourg,2007,23.54102,0.4273207716666667
Luxembourg,2008,22.843689,-0.2569989184166667
Luxembourg,2009,21.329487,-0.0306896483333333
Luxembourg,2010,22.063877,-1.1691516366666663
Luxembourg,2011,21.40082,0.5862004458333333
Luxembourg,2012,20.467789,-0.2617545608333333
Luxembourg,2013,19.019583,-0.8226912375
Luxembourg,2014,17.647102,0.9793967641666668
Luxembourg,2015,16.409683,0.4660738424166666
Luxembourg,2016,15.579897,-0.0752772361666666
Luxembourg,2017,15.52992,0.3113195225
Luxembourg,2018,15.734253,1.0511115875
Luxembourg,2019,15.741836,0.6683722116666666
Luxembourg,2020,12.806264,1.2817917625
Luxembourg,2021,13.152365,-0.2928520783333333
Luxembourg,2022,11.138974,1.3158196691666666
Luxembourg,2023,10.5150585,1.2836728708333334
Madagascar,1945,0.0020337612,-0.9797015141666666
Madagascar,1947,0.000973204,-1.0150624916666666
Madagascar,1948,0.00095599605,-0.9006050366666667
Madagascar,1949,0.0009379333,-0.7647808405
Madagascar,1950,0.076865576,-1.2862714
Madagascar,1951,0.060499985,-0.8446687058333334
Madagascar,1952,0.07397046,-1.0776437091666666
Madagascar,1953,0.059242383,-0.9733007641666666
Madagascar,1954,0.06612691,-1.0115311916666667
Madagascar,1955,0.06772982,-1.15728488
Madagascar,1956,0.06920147,-1.07226721
Madagascar,1957,0.0666663,-0.7722409516666667
Madagascar,1958,0.07704449,-0.9330401466666666
Madagascar,1959,0.075060174,-0.890588115
Madagascar,1960,0.07814076,-0.93331686
Madagascar,1961,0.06774689,-0.516549908
Madagascar,1962,0.073485255,-1.0475629066666663
Madagascar,1963,0.08352469,-1.1340201583333334
Madagascar,1964,0.085270494,-1.1914825358333332
Madagascar,1965,0.09568191,-1.548818895
Madagascar,1966,0.09686666,-0.8204202675
Madagascar,1967,0.13729163,-0.7626061383333332
Madagascar,1968,0.14462458,-1.05819145
Madagascar,1969,0.13103983,-0.5340092861083333
Madagascar,1970,0.14548405,-0.7771808335833333
Madagascar,1971,0.14931574,-1.0301362616666667
Madagascar,1972,0.18175435,-0.6973794246666666
Madagascar,1973,0.14726335,-0.4973991749999999
Madagascar,1974,0.15804896,-1.0022269783333333
Madagascar,1975,0.21869339,-1.0436333033333334
Madagascar,1976,0.12439026,-0.5895210880833334
Madagascar,1977,0.102843896,-0.25405677025
Madagascar,1978,0.120014034,-0.2723563531666667
Madagascar,1979,0.12935412,-0.4284818950833333
Madagascar,1980,0.17920743,-0.4277599635833333
Madagascar,1981,0.1104153,-0.5473243441666666
Madagascar,1982,0.10602379,-0.5598190675
Madagascar,1983,0.066076525,-0.1443225508333333
Madagascar,1984,0.08548732,-0.8423902241666666
Madagascar,1985,0.100931786,-0.7975843633333333
Madagascar,1986,0.10590627,-0.7739208525
Madagascar,1987,0.11608483,-0.1215181352499999
Madagascar,1988,0.11309247,-0.1409948660166666
Madagascar,1989,0.07909484,-0.4707946803333334
Madagascar,1990,0.07832839,-0.2590885153333333
Madagascar,1991,0.08250828,-0.31301848
Madagascar,1992,0.07834231,-0.5075254378333334
Madagascar,1993,0.07820688,-0.5335957248333333
Madagascar,1994,0.084631786,-0.42904600025
Madagascar,1995,0.08486386,-0.1764408743333333
Madagascar,1996,0.0858223,-0.376701515
Madagascar,1997,0.10240852,-0.2275926233333333
Madagascar,1998,0.104527,0.0763459195
Madagascar,1999,0.11016785,-0.28958050475
Madagascar,2000,0.11793706,-0.252215225
Madagascar,2001,0.102332614,-0.0614240966666666
Madagascar,2002,0.070416994,0.0055797903333333
Madagascar,2003,0.09362971,-0.0231482171666666
Madagascar,2004,0.09697532,-0.0238092743083333
Madagascar,2005,0.09087216,-0.0026907914499999
Madagascar,2006,0.084877715,0.219003360125
Madagascar,2007,0.085390925,0.0306704815833333
Madagascar,2008,0.08506862,-0.19471343075
Madagascar,2009,0.07919252,0.1768989583083333
Madagascar,2010,0.08438074,0.4199640006666666
Madagascar,2011,0.10401886,0.187702337
Madagascar,2012,0.11696225,0.0690732020833333
Madagascar,2013,0.13243172,0.06741062575
Madagascar,2014,0.12500173,0.1792165441666666
Madagascar,2015,0.12779771,0.2151511521666666
Madagascar,2016,0.12927419,0.1351424895833333
Madagascar,2017,0.14842267,0.4323207508333333
Madagascar,2018,0.13575959,0.1783302648333333
Madagascar,2019,0.15226129,0.6272767483333334
Madagascar,2020,0.13728699,0.391415277
Madagascar,2021,0.15004274,0.3449381155833333
Madagascar,2022,0.14158493,-0.012064777
Madagascar,2023,0.14349261,0.5971287091666667
Malawi,1950,0.07950163,-1.0590162355833332
Malawi,1951,0.08612974,-0.1223730933333333
Malawi,1952,0.09509388,-0.5115493183333334
Malawi,1953,0.101656266,-0.9488970483333332
Malawi,1954,0.10958094,-0.5684547396666667
Malawi,1955,0.12664111,-1.0577483125
Malawi,1956,0.13520026,-0.931374555
Malawi,1957,0.13618612,-0.7121640733333333
Malawi,1958,0.11897354,-0.3697946837500001
Malawi,1959,0.12971969,-0.6266733741666667
Malawi,1960,0.120820485,-0.6727649283333333
Malawi,1961,0.10047598,-0.7120596580833333
Malawi,1962,0.09474234,-0.6001404065
Malawi,1963,0.088888146,-0.8426745775
Malawi,1964,0.08246651,-0.8191019647500001
Malawi,1965,0.08494911,-1.2311968758333334
Malawi,1966,0.10207774,-0.4136878675
Malawi,1967,0.085109,-0.74133730625
Malawi,1968,0.08799527,-0.7063220299999999
Malawi,1969,0.08421676,-0.254440308
Malawi,1970,0.09798858,-0.4364981633333333
Malawi,1971,0.10558416,-0.86812082375
Malawi,1972,0.11192518,-0.6480325046666667
Malawi,1973,0.11413441,-0.40936199575
Malawi,1974,0.1067999,-1.0325293458333331
Malawi,1975,0.10936957,-0.7158721204999999
Malawi,1976,0.10691775,-0.8582542633333333
Malawi,1977,0.11342215,-0.2368214904166666
Malawi,1978,0.115271084,-0.6143972083333333
Malawi,1979,0.105615176,-0.5341881083333333
Malawi,1980,0.113331355,-0.5643184966666667
Malawi,1981,0.092666276,-0.6597560176666667
Malawi,1982,0.08749156,-0.5977640049166667
Malawi,1983,0.08147519,0.3070821770833333
Malawi,1984,0.07584898,-0.5089492795
Malawi,1985,0.073002174,-0.8631288266666667
Malawi,1986,0.069874085,-0.7521144622499999
Malawi,1987,0.065728575,0.1678118711666666
Malawi,1988,0.06186155,-0.1725195225
Malawi,1989,0.061392758,-0.614033065
Malawi,1990,0.077555776,0.0189436271666666
Malawi,1991,0.0800077,-0.30416632175
Malawi,1992,0.07766025,0.2944591855
Malawi,1993,0.085763864,-0.0922182369166666
Malawi,1994,0.08871251,-0.0672739351666666
Malawi,1995,0.08930992,0.261879445
Malawi,1996,0.08882477,-0.12152417345
Malawi,1997,0.08661769,-0.1637957960833333
Malawi,1998,0.083551235,0.1811982762499999
Malawi,1999,0.08085471,-0.5046814283333333
Malawi,2000,0.07579126,-0.4862518311666666
Malawi,2001,0.06669993,-0.11626672325
Malawi,2002,0.072071366,-0.1357933691666666
Malawi,2003,0.07540098,-0.2291795430833333
Malawi,2004,0.07213027,-0.4802773783333333
Malawi,2005,0.06612023,0.3147708604999999
Malawi,2006,0.064247735,-0.2099453569166667
Malawi,2007,0.06772616,-0.2004944486666666
Malawi,2008,0.071432985,-0.4695229533333333
Malawi,2009,0.070389405,-0.2232379891666666
Malawi,2010,0.065322444,0.1821066485833333
Malawi,2011,0.06918806,0.0664771408333333
Malawi,2012,0.067864046,-0.0109370536416666
Malawi,2013,0.070900455,0.1119464244666666
Malawi,2014,0.06261528,0.1723481824166667
Malawi,2015,0.06338019,0.4906257016666666
Malawi,2016,0.06866579,0.5731914883333333
Malawi,2017,0.06816495,0.2573310578333334
Malawi,2018,0.092995554,0.1827713600833333
Malawi,2019,0.09044499,0.3325260466666667
Malawi,2020,0.09051806,0.3939353678333333
Malawi,2021,0.094012946,0.1900523505333332
Malawi,2022,0.084993675,-0.1213022915833333
Malawi,2023,0.08303524,0.6306538613333333
Malaysia,1940,0.51351666,-1.4087961433333334
Malaysia,1941,0.42863265,-1.443543275
Malaysia,1942,0.12718852,-1.6868724833333333
Malaysia,1943,0.25011694,-1.6806203416666667
Malaysia,1944,0.20562328,-1.43894275
Malaysia,1945,0.112172775,-1.7639883583333331
Malaysia,1946,0.10897332,-1.5630033833333332
Malaysia,1947,0.12143477,-1.559862291666667
Malaysia,1948,0.20742151,-1.523708825
Malaysia,1949,0.20862378,-1.290376025
Malaysia,1950,0.5994106,-1.2381679333333333
Malaysia,1951,0.83427465,-1.0182975058333332
Malaysia,1952,0.9919165,-0.9233528741666668
Malaysia,1953,0.9855947,-0.95445268
Malaysia,1954,1.034234,-1.3560237833333335
Malaysia,1955,1.0675027,-1.244956810833333
Malaysia,1956,1.0567231,-1.3701920416666666
Malaysia,1957,0.47717562,-1.0054423033333333
Malaysia,1958,0.50670123,-0.6779643675
Malaysia,1959,0.41043797,-0.9635731408333332
Malaysia,1960,0.52807516,-0.8959528558333333
Malaysia,1961,0.573823,-0.9033742008333334
Malaysia,1962,0.56998515,-0.9953446458333332
Malaysia,1963,0.6775038,-0.9058537466666668
Malaysia,1964,0.83814025,-0.8644998883333334
Malaysia,1965,0.92534107,-1.142529335
Malaysia,1966,1.0592104,-1.2813506083333337
Malaysia,1967,1.0652714,-1.223283919166667
Malaysia,1968,1.0827733,-1.0582296033333334
Malaysia,1969,0.91859347,-0.8172488191666667
Malaysia,1970,1.4329745,-0.8702573775000001
Malaysia,1971,1.5985737,-1.195050725
Malaysia,1972,1.6765928,-0.8094585716666667
Malaysia,1973,1.6007494,-0.6066802316666666
Malaysia,1974,1.700288,-1.052500085833333
Malaysia,1975,1.6950307,-0.9809295241666668
Malaysia,1976,2.0338342,-0.9512488075
Malaysia,1977,1.8794831,-0.692495185
Malaysia,1978,1.8867804,-0.4817328408333334
Malaysia,1979,2.1623647,-0.3985061634625
Malaysia,1980,2.159125,-0.447876135
Malaysia,1981,2.3044484,-0.4601461075
Malaysia,1982,2.215173,-0.5072226508333334
Malaysia,1983,2.6633534,-0.1224112519999999
Malaysia,1984,2.35751,-0.8933738083333332
Malaysia,1985,2.3819346,-0.6929759958333334
Malaysia,1986,2.544477,-0.6025156941666666
Malaysia,1987,2.5114236,-0.2446788175
Malaysia,1988,2.5522609,-0.3609393465
Malaysia,1989,2.892521,-0.6143685875
Malaysia,1990,3.0431776,-0.251425903
Malaysia,1991,3.5865006,-0.4022851018416666
Malaysia,1992,3.8737922,-0.4314742079166667
Malaysia,1993,4.4824343,-0.4755353933333333
Malaysia,1994,4.414514,-0.354008992525
Malaysia,1995,5.390666,-0.3002724658333333
Malaysia,1996,5.2809725,-0.39976453965
Malaysia,1997,5.5424733,-0.2060491218333333
Malaysia,1998,5.011337,0.4837746592966667
Malaysia,1999,4.634915,-0.37667958
Malaysia,2000,5.3500233,-0.2459481569999999
Malaysia,2001,5.563517,-0.1703157421666666
Malaysia,2002,5.478087,0.0975618350833333
Malaysia,2003,6.2150364,-0.0201616289999999
Malaysia,2004,6.7181454,0.0036551134333333
Malaysia,2005,6.5786943,0.1582229963333333
Malaysia,2006,6.4413414,-0.1001459735916666
Malaysia,2007,6.4985785,-0.118081570625
Malaysia,2008,6.994816,-0.3124396045833333
Malaysia,2009,6.830967,0.0588420220833333
Malaysia,2010,6.9565897,0.2637205145833333
Malaysia,2011,6.976631,-0.1080102905
Malaysia,2012,7.180377,-0.0351614956666666
Malaysia,2013,8.009191,0.1203827849166666
Malaysia,2014,7.9830947,0.0814132675
Malaysia,2015,7.5541906,0.3109402666666667
Malaysia,2016,7.464497,0.7598349233333334
Malaysia,2017,7.5553236,0.2745350238333333
Malaysia,2018,7.980434,0.3262179691666667
Malaysia,2019,8.368345,0.6228343633333333
Malaysia,2020,7.7663965,0.4944024025833333
Malaysia,2021,7.967726,0.1986020405
Malaysia,2022,8.227246,0.1128654463666666
Malaysia,2023,8.2224455,0.5606961273333333
Mali,1959,0.0089439675,-1.3472045291666666
Mali,1960,0.022380749,-1.2338105826083334
Mali,1961,0.02138689,-1.3292616266666666
Mali,1962,0.025024291,-1.2666562383333333
Mali,1963,0.031146768,-0.9674816033333332
Mali,1964,0.030692738,-1.232532344166667
Mali,1965,0.034022532,-1.544192163333333
Mali,1966,0.03228104,-0.7431519760833334
Mali,1967,0.037307497,-1.3925547666666669
Mali,1968,0.03252634,-0.9590120275833334
Mali,1969,0.026096672,-0.2961250924166667
Mali,1970,0.03210741,-0.477528085
Mali,1971,0.035617966,-0.9465699216666666
Mali,1972,0.03786242,-0.7638974233333333
Mali,1973,0.040517066,-0.7671322791666667
Mali,1974,0.045259275,-1.63251973
Mali,1975,0.049807377,-1.453722945
Mali,1976,0.048880883,-1.8131082833333327
Mali,1977,0.05831005,-0.8230231541666666
Mali,1978,0.054629233,-0.7434828958333334
Mali,1979,0.05802017,-0.6059549666666667
Mali,1980,0.05196793,-0.2236650733333333
Mali,1981,0.05133211,-0.7088314675
Mali,1982,0.046453554,-1.0715516391666666
Mali,1983,0.051854946,-0.2428849574999999
Mali,1984,0.052971307,-0.7568971288333334
Mali,1985,0.048406143,-0.8654742175
Mali,1986,0.04449675,-0.9330848208333332
Mali,1987,0.04118189,0.3453189516166666
Mali,1988,0.043358855,-0.5285134458333333
Mali,1989,0.046209708,-0.3886698058333333
Mali,1990,0.046002094,-0.0808471011666666
Mali,1991,0.04548773,-0.4126982683333333
Mali,1992,0.04841389,-0.8640654975
Mali,1993,0.051545497,-0.2399056783333333
Mali,1994,0.05502096,-0.84240659
Mali,1995,0.058436994,-0.499733453
Mali,1996,0.062080003,-0.0868482646666666
Mali,1997,0.0682542,-0.4131155045833333
Mali,1998,0.08556412,0.1539397266666666
Mali,1999,0.08648156,-0.7988344944166667
Mali,2000,0.09223996,-0.3278986633333333
Mali,2001,0.09750474,0.0492443995833333
Mali,2002,0.09839845,0.2706742283333334
Mali,2003,0.098208025,0.3125480041666666
Mali,2004,0.10738336,0.20871480375
Mali,2005,0.107441485,0.3579966225
Mali,2006,0.109735906,-0.1636732416666666
Mali,2007,0.12367307,-0.0176939966666666
Mali,2008,0.13095579,-0.3264425595833333
Mali,2009,0.1222482,0.2780651940833333
Mali,2010,0.13097896,1.0955123866666667
Mali,2011,0.13838163,0.3678793933333333
Mali,2012,0.14369059,-0.2737045307499999
Mali,2013,0.15712835,0.11086718625
Mali,2014,0.17400725,0.0288416586666666
Mali,2015,0.18281552,-0.0083365353333333
Mali,2016,0.22351843,0.5978082149416667
Mali,2017,0.24075167,0.4169189191666667
Mali,2018,0.25429645,0.374140573
Mali,2019,0.27684134,0.0950059858333333
Mali,2020,0.2969476,0.5571928053333334
Mali,2021,0.30756667,1.1121400116666669
Mali,2022,0.30288965,0.2138849916416666
Mali,2023,0.2844733,0.8514526666666667
Mauritania,1959,0.041036874,-1.470188133333333
Mauritania,1960,0.044451777,-1.09160835475
Mauritania,1961,0.056293618,-0.6868316266666666
Mauritania,1962,0.07166567,-0.9307080775
Mauritania,1963,0.09843046,-1.54988813525
Mauritania,1964,0.12759548,-1.1049518536666667
Mauritania,1965,0.1704541,-1.4635268866666664
Mauritania,1966,0.18430679,-0.7650329261666666
Mauritania,1967,0.19710602,-1.4242852616666666
Mauritania,1968,0.22663274,-1.0988648770833334
Mauritania,1969,0.25761187,-0.5468644966666666
Mauritania,1970,0.38980177,-0.0438815775
Mauritania,1971,0.3522878,-1.3168040858333334
Mauritania,1972,0.38260686,-1.3008141391666668
Mauritania,1973,0.3895952,-0.7674209178333333
Mauritania,1974,0.38999435,-1.5859909025416667
Mauritania,1975,0.39873013,-1.2975468808333337
Mauritania,1976,0.39278123,-2.074719575
Mauritania,1977,0.41140378,-0.7009115166666667
Mauritania,1978,0.41831648,-0.7495188608
Mauritania,1979,0.42196837,-0.3012193016666666
Mauritania,1980,0.42754894,-0.3833670633333333
Mauritania,1981,0.417784,-0.3142266225
Mauritania,1982,0.5656284,-1.1497688275
Mauritania,1983,0.58379245,0.4084016515
Mauritania,1984,0.527339,-0.7942880036666667
Mauritania,1985,0.3853305,-0.6672771632500001
Mauritania,1986,0.21333894,-1.207567535833333
Mauritania,1987,1.7984991,0.7008531933333333
Mauritania,1988,1.7156923,-0.4599692019999999
Mauritania,1989,1.4728994,-0.108798815
Mauritania,1990,0.4373901,0.0673268641666666
Mauritania,1991,0.4320914,-0.5682323783333333
Mauritania,1992,0.43341428,-0.8015856745500001
Mauritania,1993,0.42634535,-0.7590290691666667
Mauritania,1994,0.42513376,-0.5565352463333334
Mauritania,1995,0.43898782,-0.5030740133333333
Mauritania,1996,0.4505907,-0.1893649058333333
Mauritania,1997,0.44674274,-0.26362355925
Mauritania,1998,0.43234837,0.2563118875
Mauritania,1999,0.43103203,-0.6088873558333333
Mauritania,2000,0.4262084,-0.1153810797499999
Mauritania,2001,0.43770093,0.4648399383333333
Mauritania,2002,0.45622626,-0.0186986965
Mauritania,2003,0.4602869,0.12551737
Mauritania,2004,0.48280674,-0.1838361408333333
Mauritania,2005,0.48905334,0.3299830708333333
Mauritania,2006,0.51435834,-0.0870291308333333
Mauritania,2007,0.56824696,-0.1947825745
Mauritania,2008,0.57628185,-0.1056259429166667
Mauritania,2009,0.6126825,0.1444670404166666
Mauritania,2010,0.61739045,1.2489349036666668
Mauritania,2011,0.6367084,0.2606291816666666
Mauritania,2012,0.67631555,-0.2368903182166666
Mauritania,2013,0.5807962,0.214210035
Mauritania,2014,0.6668666,0.1482405663333333
Mauritania,2015,0.75707364,0.34122705
Mauritania,2016,0.6428544,0.6897773775
Mauritania,2017,0.8505145,0.6490974408333333
Mauritania,2018,1.0263102,-0.3970271813333333
Mauritania,2019,1.0341662,-0.2263306025
Mauritania,2020,1.0394421,0.9427038808333332
Mauritania,2021,0.95105034,0.965219015
Mauritania,2022,0.93888414,0.55808336825
Mauritania,2023,0.8785841,0.9984452025
Mauritius,1950,0.3834678,-0.667573925
Mauritius,1951,0.25730243,-0.4820006683333333
Mauritius,1952,0.31566024,-0.3124677379166666
Mauritius,1953,0.32676014,-0.0563880591666666
Mauritius,1954,0.31918502,-0.3833832750833333
Mauritius,1955,0.21389377,-0.6840845783333332
Mauritius,1956,0.35774553,-0.8515760083333334
Mauritius,1957,0.3487498,-0.66021363125
Mauritius,1958,0.32273808,-0.4881068883333333
Mauritius,1959,0.33619785,-0.5899176585833333
Mauritius,1960,0.2639133,-0.6564885791666667
Mauritius,1961,0.26984283,-0.31006829025
Mauritius,1962,0.35848576,-0.5562841116666667
Mauritius,1963,0.28994063,-0.77767578
Mauritius,1964,0.41789457,-0.6907005316666667
Mauritius,1965,0.40407327,-0.6686584241666668
Mauritius,1966,0.35752714,-0.3755087834166666
Mauritius,1967,0.6354176,-0.2304315562333333
Mauritius,1968,0.7976748,-0.4963436155
Mauritius,1969,0.7024687,0.1046142566666666
Mauritius,1970,0.60206586,-0.2236560175833333
Mauritius,1971,0.47048864,-0.4093052560833333
Mauritius,1972,0.8070078,-0.0244688958333333
Mauritius,1973,0.78353673,-0.011447589
Mauritius,1974,0.7901408,-0.6652579283333334
Mauritius,1975,0.66432726,-0.36319208
Mauritius,1976,0.68816763,0.0013426133333333
Mauritius,1977,0.70298845,0.2697135616666666
Mauritius,1978,0.6811344,0.0189042093833333
Mauritius,1979,0.7021077,0.2030197771666666
Mauritius,1980,0.6182346,0.0795440668333333
Mauritius,1981,0.5595215,0.0825449618583333
Mauritius,1982,0.5103568,-0.2184740698333333
Mauritius,1983,0.5988285,-0.30477095025
Mauritius,1984,0.61961055,-0.6993173066666666
Mauritius,1985,0.6898923,-0.5831033416666667
Mauritius,1986,0.76928383,-0.5570612029166667
Mauritius,1987,0.8854342,0.1018683124166666
Mauritius,1988,0.80270267,0.00235843825
Mauritius,1989,0.9773545,-0.3483732569166666
Mauritius,1990,1.3424771,-0.314469972
Mauritius,1991,1.3785676,-0.2471086186666666
Mauritius,1992,1.5277239,-0.7331261558333333
Mauritius,1993,1.5661079,-0.6419680855
Mauritius,1994,1.4157379,-0.3016982068333333
Mauritius,1995,1.5764575,-0.3895381286666666
Mauritius,1996,1.6627127,-0.5968248116666667
Mauritius,1997,1.6861824,-0.42983309475
Mauritius,1998,1.8150483,-0.1496679003333333
Mauritius,1999,2.0114906,-0.4299775779333333
Mauritius,2000,2.2106,-0.6256267225
Mauritius,2001,2.3345253,-0.2090547908333333
Mauritius,2002,2.3366835,0.0766250283916666
Mauritius,2003,2.4632201,0.411906879
Mauritius,2004,2.4715018,0.1441850626666666
Mauritius,2005,2.6201282,0.1732328749999999
Mauritius,2006,2.8703554,0.24501005475
Mauritius,2007,2.903566,-0.0421776754166666
Mauritius,2008,2.9551587,-0.13466373475
Mauritius,2009,2.8992758,0.2784845016666666
Mauritius,2010,3.0507982,0.3682036366666667
Mauritius,2011,3.0451887,0.245484035
Mauritius,2012,3.075311,0.0839118945145
Mauritius,2013,3.1504557,0.2481613133333333
Mauritius,2014,3.255757,0.5217960766666666
Mauritius,2015,3.2578845,0.5643485433333333
Mauritius,2016,3.3640182,0.2370718345833333
Mauritius,2017,3.5146556,0.4548152308333333
Mauritius,2018,3.4599402,0.3288068789166666
Mauritius,2019,3.515224,0.6303869908333334
Mauritius,2020,2.9667716,-0.0811659519166666
Mauritius,2021,3.1039515,0.1907404264166666
Mauritius,2022,3.0783277,-0.2210563006666666
Mauritius,2023,3.249939,0.536817075
Mexico,1940,1.1699253,-1.7077393433333334
Mexico,1941,1.106027,-1.880602441666667
Mexico,1942,0.9031377,-1.4897708083333334
Mexico,1943,0.8771556,-1.3659936583333334
Mexico,1944,0.8955317,-1.4803450166666667
Mexico,1945,0.9730897,-0.9406052516666666
Mexico,1946,1.0590736,-1.183164675
Mexico,1947,1.1733247,-1.7336874716666666
Mexico,1948,1.1795105,-1.1762997858333333
Mexico,1949,1.0834855,-1.1854227425
Mexico,1950,1.1058333,-0.5819794291666667
Mexico,1951,1.2319511,-0.55394824
Mexico,1952,1.2792042,-0.9257270583333334
Mexico,1953,1.2276764,-0.7489629558333334
Mexico,1954,1.1794045,-0.6029835558333333
Mexico,1955,1.2531217,-1.0079875770833333
Mexico,1956,1.2929379,-0.9256991533333334
Mexico,1957,1.4682323,-0.50325425
Mexico,1958,1.5620553,-0.9681597525
Mexico,1959,1.6360236,-1.1507641591666666
Mexico,1960,1.7168965,-1.0940987316666668
Mexico,1961,1.7218204,-1.0572072675
Mexico,1962,1.6290591,-0.7081269433333333
Mexico,1963,1.6399211,-0.8368391216666667
Mexico,1964,1.7763126,-1.1430650741666666
Mexico,1965,1.7410287,-1.0470903725
Mexico,1966,1.8114783,-1.4022476741666667
Mexico,1967,1.9511462,-0.9014917991666668
Mexico,1968,1.9695966,-1.294450675
Mexico,1969,2.0753536,-0.66914097
Mexico,1970,2.2424657,-1.00526586
Mexico,1971,2.4074848,-0.9331308191666668
Mexico,1972,2.4479082,-0.6282548183333333
Mexico,1973,2.5875273,-1.2755785916666669
Mexico,1974,2.698904,-1.0088231491666666
Mexico,1975,2.782249,-1.1106693749999998
Mexico,1976,3.028973,-1.4373001291666665
Mexico,1977,3.086864,-0.7108026216666666
Mexico,1978,3.470632,-0.79336706075
Mexico,1979,3.6584878,-0.7542121375
Mexico,1980,3.9768727,-0.372806396
Mexico,1981,4.116391,-0.740367176
Mexico,1982,4.3127913,-0.3266518118333333
Mexico,1983,3.8547428,-0.8409273691666667
Mexico,1984,3.7614353,-0.9823496358333332
Mexico,1985,3.8268685,-0.9267496291666668
Mexico,1986,3.8286479,-0.7291009453333334
Mexico,1987,3.9135332,-1.0621541233333334
Mexico,1988,3.8323145,-0.6721200933333332
Mexico,1989,3.978187,-0.4497353268083333
Mexico,1990,3.8245022,-0.4646868703333333
Mexico,1991,3.9064963,-0.6684852399166666
Mexico,1992,3.8637247,-0.798767095
Mexico,1993,3.8529084,-0.4028376033333333
Mexico,1994,3.9383516,0.0835563383583333
Mexico,1995,3.641829,0.1208445991666666
Mexico,1996,3.694258,-0.1070013025
Mexico,1997,3.8551157,-0.5071818075
Mexico,1998,3.987455,0.1314962682999999
Mexico,1999,3.9750543,-0.2071364722499999
Mexico,2000,3.968942,-0.0681192091666666
Mexico,2001,4.070814,-0.1980395367166666
Mexico,2002,4.0404415,-0.0520563938333333
Mexico,2003,4.2335906,0.0016064608333333
Mexico,2004,4.2012773,-0.5026087695833333
Mexico,2005,4.379789,0.0985218658333333
Mexico,2006,4.4242706,0.1616137845833333
Mexico,2007,4.3539257,-0.1793622191666666
Mexico,2008,4.2852507,-0.1346487241666666
Mexico,2009,4.109776,0.317608433
Mexico,2010,4.016841,-0.4134086033333333
Mexico,2011,4.193744,0.3900026509999999
Mexico,2012,4.2928996,0.3742799775
Mexico,2013,4.1862464,-0.06393249975
Mexico,2014,4.040971,0.122904067
Mexico,2015,3.959897,0.1955756387499999
Mexico,2016,3.9167497,0.3704694145833334
Mexico,2017,3.7634234,0.5263314160833333
Mexico,2018,3.7601306,0.2021048093333333
Mexico,2019,3.7231612,0.4839847862474999
Mexico,2020,3.3828366,0.7226882041666666
Mexico,2021,3.500515,0.3808336204166667
Mexico,2022,3.6181056,0.1055479034999999
Mexico,2023,3.7199361,0.8208406758333333
Moldova,1940,2.3342123,-3.103094425833333
Moldova,1941,2.0326195,-2.5186878216666666
Moldova,1942,1.095125,-2.3862267708333333
Moldova,1943,1.132543,-0.64208758405
Moldova,1944,1.6274638,0.0148292516666666
Moldova,1945,1.7072874,-1.2817163860833334
Moldova,1946,1.9013804,0.0861975416666666
Moldova,1947,2.2689862,-0.9655266583333334
Moldova,1948,2.3929632,-0.9909106375
Moldova,1949,2.6872103,-0.8849306416666666
Moldova,1950,2.7652888,-0.7857481575
Moldova,1951,2.945922,-0.2914192679999999
Moldova,1952,3.0989578,-0.9009970916666666
Moldova,1953,3.2185686,-1.8432957491666664
Moldova,1954,3.449234,-2.293385031666667
Moldova,1955,3.8363366,-1.4518278341666668
Moldova,1956,4.1248283,-2.6702312925
Moldova,1957,4.427119,-0.8958339566666668
Moldova,1958,4.6373396,-0.9384301033333332
Moldova,1959,4.7773123,-1.4271624933333331
Moldova,1960,4.8674316,-0.4357197908333334
Moldova,1961,4.9160056,-0.6953954725
Moldova,1962,5.0592666,-1.0412193383333337
Moldova,1963,5.3243113,-1.7795822908333332
Moldova,1964,5.565018,-1.6002990558333334
Moldova,1965,5.8106923,-2.0782561066666667
Moldova,1966,6.0437546,-0.2018111841666666
Moldova,1967,6.227037,-0.8141918258333334
Moldova,1968,6.3101463,-0.9582479880833332
Moldova,1969,6.4771643,-2.367943999166666
Moldova,1970,6.7356205,-0.8851122608083334
Moldova,1971,7.0829515,-1.0887060470833334
Moldova,1972,7.3824935,-1.21202712
Moldova,1973,7.619582,-1.5026657875
Moldova,1974,7.828978,-0.9065373575
Moldova,1975,8.140915,0.1545216863333333
Moldova,1976,8.357477,-2.246990884166667
Moldova,1977,8.544408,-1.1560583033333331
Moldova,1978,8.737598,-1.8653544216666669
Moldova,1979,8.718882,-0.859521795
Moldova,1980,8.974827,-2.431569795333333
Moldova,1981,8.723479,-0.9953770991666668
Moldova,1982,8.796466,-0.98741595
Moldova,1983,8.835439,-0.284532645
Moldova,1984,8.822707,-1.4573531216666666
Moldova,1985,9.404169,-2.7375041316666664
Moldova,1986,9.068761,-1.0999317
Moldova,1987,8.595706,-2.428754229416666
Moldova,1988,8.850027,-1.5083729891666666
Moldova,1989,8.585496,0.2917547125
Moldova,1990,8.195444,0.5276822198333333
Moldova,1991,6.64107,-1.2948999816666666
Moldova,1992,4.7081714,-0.727733705
Moldova,1993,3.562305,-1.4364548766666667
Moldova,1994,2.802394,0.3791219968333333
Moldova,1995,2.5838144,-0.8320256808333334
Moldova,1996,2.663663,-1.7674332658333334
Moldova,1997,1.6763563,-1.5289457750000002
Moldova,1998,1.4920906,-0.6658552191666667
Moldova,1999,1.0949867,0.2369248446666666
Moldova,2000,0.8436892,0.5231333366666667
Moldova,2001,0.9037816,-0.4161173491666667
Moldova,2002,0.97799915,0.082842357
Moldova,2003,1.0754248,-0.8873961541666667
Moldova,2004,1.1400694,-0.341277445
Moldova,2005,1.2379094,-0.3530984699999999
Moldova,2006,1.2826874,-0.616540055
Moldova,2007,1.292679,1.2618425416666663
Moldova,2008,1.3733144,0.6337377141666667
Moldova,2009,1.2248539,0.5773739050000001
Moldova,2010,1.3301159,0.0097854369999999
Moldova,2011,1.3901181,-0.2196379769999999
Moldova,2012,1.3684363,0.5341548083333333
Moldova,2013,1.4373157,0.5533154795
Moldova,2014,1.4236593,0.2698425916666666
Moldova,2015,1.4546986,1.2888585933333334
Moldova,2016,1.5145319,0.6708469783333334
Moldova,2017,1.6347528,0.511637525
Moldova,2018,1.7230734,0.4590933791666667
Moldova,2019,1.7654533,1.3895426333333332
Moldova,2020,1.7065568,1.7053568179166667
Moldova,2021,1.9345789,-0.331175865
Moldova,2022,1.9046298,0.8812782024999999
Moldova,2023,1.9439814,1.8946082008333327
Mongolia,1950,0.3656275,-0.2008095474999999
Mongolia,1951,0.36903816,-0.4948584916666667
Mongolia,1952,0.37227836,-0.8444909691666668
Mongolia,1953,0.3707643,0.14063073525
Mongolia,1954,0.5843245,-1.3771767524999998
Mongolia,1955,0.69511855,-0.4075567280833334
Mongolia,1956,0.7931914,-1.5971579341666666
Mongolia,1957,0.85325307,-1.80654471
Mongolia,1958,1.2356093,-0.8623360316666666
Mongolia,1959,1.419389,-1.2681623525
Mongolia,1960,1.3230969,-1.3590405908333334
Mongolia,1961,1.3795605,-0.9411597783333332
Mongolia,1962,1.8928691,-0.8148092400000001
Mongolia,1963,1.4945722,-0.1600675258333333
Mongolia,1964,1.8583313,-1.0247215591666667
Mongolia,1965,1.7297504,0.0101316974999999
Mongolia,1966,1.6781602,-1.1361376308333333
Mongolia,1967,1.7967119,-1.3647274083333334
Mongolia,1968,2.016643,-1.6688329933333332
Mongolia,1969,2.1245816,-2.3534440991666665
Mongolia,1970,2.1977081,-1.7398005583333334
Mongolia,1971,2.2799861,-1.36465792
Mongolia,1972,2.3967977,-0.91078524725
Mongolia,1973,2.4704373,-0.5053383016666667
Mongolia,1974,2.5869606,-1.643684073
Mongolia,1975,2.724394,-0.7434481068333333
Mongolia,1976,2.865739,-1.7589685833333333
Mongolia,1977,3.1472688,-1.04064403
Mongolia,1978,3.559142,-0.5369240538333334
Mongolia,1979,3.7801182,-0.4851754380833333
Mongolia,1980,4.0293694,-1.079812971666667
Mongolia,1981,3.7954257,-1.1094112358333332
Mongolia,1982,3.759741,-0.1361712865
Mongolia,1983,3.8102186,-0.7211180755250001
Mongolia,1984,3.4277818,-2.1668692075
Mongolia,1985,4.682841,-1.6780779275000002
Mongolia,1986,4.868345,-0.8950441851666667
Mongolia,1987,5.1823297,-1.0920624116666666
Mongolia,1988,5.5353184,-0.8769386358333332
Mongolia,1989,4.923877,0.0664667941666666
Mongolia,1990,4.5234065,-0.1081854825
Mongolia,1991,5.429567,-0.6031562180583333
Mongolia,1992,4.887109,-0.5684864764166667
Mongolia,1993,4.043607,-1.0601875733333337
Mongolia,1994,3.41102,-0.1613048726666666
Mongolia,1995,3.355385,0.0763607675
Mongolia,1996,3.3575907,-0.9913295966666666
Mongolia,1997,3.1874704,0.4930581991666667
Mongolia,1998,3.158858,0.7103907941666666
Mongolia,1999,3.0762522,0.2710137495
Mongolia,2000,3.0270607,-0.4322498058333333
Mongolia,2001,3.149724,0.049644185
Mongolia,2002,3.278589,0.4842302108333333
Mongolia,2003,3.1450183,-0.7673068941666666
Mongolia,2004,3.3432648,0.4024956091666666
Mongolia,2005,3.3217783,-0.6110816466666668
Mongolia,2006,3.590794,0.2672149191666667
Mongolia,2007,4.585178,1.447104015
Mongolia,2008,4.5239434,0.4702501533333333
Mongolia,2009,4.887429,-0.1146733016666667
Mongolia,2010,5.0976677,-0.9340990225
Mongolia,2011,7.783921,-0.6185447866666667
Mongolia,2012,12.5204735,-1.2469966491666666
Mongolia,2013,15.245662,0.1421379885833333
Mongolia,2014,10.170369,0.39326235
Mongolia,2015,7.8220935,0.7209390891666666
Mongolia,2016,8.428495,-0.0273100166666666
Mongolia,2017,10.9961,1.0015511725
Mongolia,2018,14.305717,0.1958437345833334
Mongolia,2019,14.617127,0.5451018645083333
Mongolia,2020,11.265909,0.4661321556666666
Mongolia,2021,12.532064,0.8134027616666666
Mongolia,2022,12.821953,0.1623210058333333
Mongolia,2023,13.657199,0.5875060866666667
Montenegro,1940,0.36897537,-2.994494963333333
Montenegro,1943,0.013788095,-0.7523112375
Montenegro,1944,0.0033695463,-1.731057005
Montenegro,1945,0.19275203,-1.629453460833333
Montenegro,1946,0.38343322,-0.5710307187499999
Montenegro,1947,0.537058,-0.7988360291666666
Montenegro,1948,0.6094104,-1.5312865241666664
Montenegro,1949,0.69774073,-1.7100615016666667
Montenegro,1950,0.6684448,-0.0024368471666666
Montenegro,1951,0.62111485,-0.26521034
Montenegro,1952,0.6105372,-0.4834206475
Montenegro,1953,0.59411377,-1.0038682283333331
Montenegro,1954,0.69749194,-1.5877308808333332
Montenegro,1955,0.7874511,-0.8093735833333332
Montenegro,1956,0.8879963,-1.7433820775
Montenegro,1957,0.9513803,-0.6012984408333334
Montenegro,1958,0.92522,-0.6752365741666667
Montenegro,1959,1.0467331,-1.062236379166667
Montenegro,1960,1.1280675,-0.2997772604166667
Montenegro,1961,1.1660067,-0.2450394575
Montenegro,1962,1.1802051,-0.8353774316666667
Montenegro,1963,1.2959515,-1.1492268991666668
Montenegro,1964,1.4500996,-1.3770321491666666
Montenegro,1965,1.4743291,-2.065911925
Montenegro,1966,1.4444478,-1.1434712133333331
Montenegro,1967,1.4434835,-0.9570342375
Montenegro,1968,1.5283729,-0.8341495499999999
Montenegro,1969,1.5691323,-0.8954097116666667
Montenegro,1970,2.0302815,-0.9039358029166666
Montenegro,1971,2.1659057,-1.0295080420833334
Montenegro,1972,2.0090687,-0.6521758274999999
Montenegro,1973,2.375544,-1.1363700633333331
Montenegro,1974,2.3622653,-0.9826929075
Montenegro,1975,2.4408975,-0.8783171891666667
Montenegro,1976,2.4947832,-1.6187631475
Montenegro,1977,2.402856,-0.4180730134416666
Montenegro,1978,2.6597764,-1.4841375158333332
Montenegro,1979,2.865579,-0.9511094416666668
Montenegro,1980,2.7897592,-1.5018712725
Montenegro,1981,3.0099242,-1.2263848166666669
Montenegro,1982,2.7479043,-0.4506109474999999
Montenegro,1983,2.942511,-1.0479916391666666
Montenegro,1984,3.0860376,-0.9840204691666666
Montenegro,1985,3.1310627,-0.669861654
Montenegro,1986,3.252183,-0.5567236274999999
Montenegro,1987,3.1576238,-0.7626109544999999
Montenegro,1988,3.2401268,-0.7125768316666669
Montenegro,1989,3.212138,-0.8932021716666667
Montenegro,1990,3.1598277,-0.2470438003333333
Montenegro,1991,2.2245338,-1.6248725641666668
Montenegro,1992,2.3695154,-0.8460143324999999
Montenegro,1993,2.0597143,-0.6816547811666668
Montenegro,1994,1.995213,0.3562805108333333
Montenegro,1995,2.1024275,-1.0122331516666667
Montenegro,1996,2.455043,-0.9798730033333332
Montenegro,1997,2.635903,-0.7779762429666667
Montenegro,1998,2.7719545,-0.5326547054166667
Montenegro,1999,1.9107307,0.0372486133333333
Montenegro,2000,2.3982613,0.1160510791666667
Montenegro,2001,2.629976,-0.1348257921666666
Montenegro,2002,2.78713,0.2141529436666667
Montenegro,2003,2.9821138,-0.1459934333333333
Montenegro,2004,3.221185,-0.4090550583333334
Montenegro,2005,2.7615578,-1.1534093014166666
Montenegro,2006,3.2545974,-0.7056472055833334
Montenegro,2007,3.2455244,0.4520063166666666
Montenegro,2008,4.1167564,0.3901309983333332
Montenegro,2009,2.659338,0.3210970391666666
Montenegro,2010,3.8319082,0.1725173845833333
Montenegro,2011,3.8050895,0.2558786218833333
Montenegro,2012,3.4933963,0.5730475975
Montenegro,2013,3.3968685,0.612185915
Montenegro,2014,3.3370714,0.9117599075
Montenegro,2015,3.5642705,0.7489862466666667
Montenegro,2016,3.2284575,0.5312674116666667
Montenegro,2017,3.3918157,0.3446547208333332
Montenegro,2018,3.8974926,1.073609913
Montenegro,2019,4.049645,1.0204969616666666
Montenegro,2020,3.9600255,0.8728422541666667
Montenegro,2021,3.9928653,0.37833179
Montenegro,2022,3.889522,1.0090896358333332
Montenegro,2023,3.6754034,1.1834885991666668
Morocco,1940,0.05178163,-1.7720995176666667
Morocco,1941,0.050019305,-1.2703983028333334
Morocco,1942,0.04181941,-1.1506822141666666
Morocco,1943,0.044334356,-1.5316456058333332
Morocco,1944,0.051810972,-1.2108655916666666
Morocco,1945,0.06350354,-0.4276944825
Morocco,1946,0.08177572,-1.3191900925000002
Morocco,1947,0.09779543,-0.8299135383333334
Morocco,1948,0.10907374,-0.9464784575
Morocco,1949,0.12391575,-1.4260403333333331
Morocco,1950,0.28648165,-1.2320182280833334
Morocco,1951,0.31946087,-1.5331042616666668
Morocco,1952,0.37928477,-1.244727218333333
Morocco,1953,0.43268,-1.8690412083333328
Morocco,1954,0.36230507,-1.8681247678333333
Morocco,1955,0.34994832,-0.4888012421999999
Morocco,1956,0.33722037,-2.1886267116666667
Morocco,1957,0.2848491,-1.8013141016666667
Morocco,1958,0.2965992,-0.926984177
Morocco,1959,0.2976823,-1.4049018241666669
Morocco,1960,0.31277773,-1.125510885
Morocco,1961,0.3160969,-0.3843142216666667
Morocco,1962,0.25095263,-1.0222127401666667
Morocco,1963,0.31437692,-1.5985927616666666
Morocco,1964,0.34228203,-1.0553535925000002
Morocco,1965,0.32134974,-1.3414807283333332
Morocco,1966,0.4015257,-0.7556282625
Morocco,1967,0.38718522,-1.3241137124166666
Morocco,1968,0.39171252,-1.0699676775
Morocco,1969,0.3948229,-1.1581818193333333
Morocco,1970,0.48131576,-0.7079452743333333
Morocco,1971,0.5272226,-1.9908159666666665
Morocco,1972,0.5041008,-2.5558106441666664
Morocco,1973,0.58878225,-1.27273202225
Morocco,1974,0.6632403,-1.5706497791666667
Morocco,1975,0.64518774,-1.4297456825
Morocco,1976,0.6537841,-2.03034535
Morocco,1977,0.7007906,-1.1141565516666667
Morocco,1978,0.7031142,-0.8630777146666667
Morocco,1979,0.836177,-1.1021776991666667
Morocco,1980,0.81283784,-0.6539765125
Morocco,1981,0.7864818,-0.4383524274999999
Morocco,1982,0.8238014,-1.1060345216666667
Morocco,1983,0.8369408,-0.0517659874999999
Morocco,1984,0.81714636,-0.8921909408333334
Morocco,1985,0.79957753,-0.4291371416666666
Morocco,1986,0.82669616,-0.9250678825
Morocco,1987,0.8633899,0.1092955333333333
Morocco,1988,0.89065427,-0.4792108614166666
Morocco,1989,0.9465857,-0.4495782883333333
Morocco,1990,0.9147706,-0.14130623725
Morocco,1991,0.95520777,-1.2098843916666666
Morocco,1992,0.9811349,-1.207779880833333
Morocco,1993,1.0454568,-1.4187947175
Morocco,1994,1.0816522,-0.1449624616666666
Morocco,1995,1.0890509,-0.0140755291666666
Morocco,1996,1.1013299,-0.66822759025
Morocco,1997,1.1015786,-0.0768376166666666
Morocco,1998,1.1180079,0.1674674433333333
Morocco,1999,1.141239,-0.2894918957833333
Morocco,2000,1.1680186,-0.0050236291666666
Morocco,2001,1.2773283,0.6573807288333334
Morocco,2002,1.2776961,0.1119829019716666
Morocco,2003,1.2366731,0.2033191594999999
Morocco,2004,1.4097285,-0.2534803641666667
Morocco,2005,1.4711325,-0.0082658144999999
Morocco,2006,1.5030133,0.0879550375
Morocco,2007,1.5683981,-0.1956216525
Morocco,2008,1.6252584,-0.3137308730000001
Morocco,2009,1.5878415,0.2893458983333333
Morocco,2010,1.6744775,0.7229974316666667
Morocco,2011,1.6670738,0.11861673375
Morocco,2012,1.707486,0.1516482075
Morocco,2013,1.6753646,0.0144183724999999
Morocco,2014,1.6715494,0.2947582458333333
Morocco,2015,1.690244,0.2973937208333333
Morocco,2016,1.6690971,0.5457317939166667
Morocco,2017,1.7238381,1.1338574833333332
Morocco,2018,1.7384603,-0.5108149083333333
Morocco,2019,1.898318,0.4561456811666666
Morocco,2020,1.7648122,1.063962694166667
Morocco,2021,1.9008626,0.7134439963333333
Morocco,2022,1.8619709,1.3499552416666667
Morocco,2023,1.82082,1.4530835125
Mozambique,1940,0.013257918,-0.2046969696666666
Mozambique,1941,0.011591619,0.1220703
Mozambique,1942,0.0056919167,-0.1444023424999999
Mozambique,1943,0.009790039,-0.47217099375
Mozambique,1944,0.010308772,-0.3942815436666667
Mozambique,1945,0.008768577,-0.6281237654999999
Mozambique,1946,0.00994744,-0.7001377766666668
Mozambique,1947,0.010419142,-0.4482537853333333
Mozambique,1948,0.0076684845,-0.5455735439166667
Mozambique,1949,0.010046208,-0.3709260594166667
Mozambique,1950,0.15247154,-0.6550620441666667
Mozambique,1951,0.15562254,0.2209178615
Mozambique,1952,0.17737158,-0.2866743389166666
Mozambique,1953,0.17646764,-0.7049371375
Mozambique,1954,0.18440625,-0.3779848374999999
Mozambique,1955,0.2188939,-1.034126433333333
Mozambique,1956,0.24436046,-0.8275179866666665
Mozambique,1957,0.27477342,-0.3683946883333333
Mozambique,1958,0.27855957,-0.3059398341666666
Mozambique,1959,0.2714674,-0.43592039025
Mozambique,1960,0.28038457,-0.5110286023333334
Mozambique,1961,0.38477442,-0.3228665955833333
Mozambique,1962,0.28484485,-0.5053011638333333
Mozambique,1963,0.23335582,-0.9516727089166668
Mozambique,1964,0.29483518,-0.7920916791583333
Mozambique,1965,0.2704856,-1.1687989166666666
Mozambique,1966,0.28086957,-0.30987866275
Mozambique,1967,0.24225408,-0.6253334691666667
Mozambique,1968,0.35174286,-0.7641278973083333
Mozambique,1969,0.40136316,-0.1921793608333333
Mozambique,1970,0.36130014,-0.1968119959166666
Mozambique,1971,0.42702144,-0.64075819175
Mozambique,1972,0.3791262,-0.7699438661666668
Mozambique,1973,0.39746055,-0.4890875791666667
Mozambique,1974,0.3405684,-1.0626366883333334
Mozambique,1975,0.30211768,-0.86572886
Mozambique,1976,0.25898188,-0.9318912783333334
Mozambique,1977,0.26469022,-0.36341126325
Mozambique,1978,0.26989985,-0.6772624599583333
Mozambique,1979,0.23888147,-0.5020887073333333
Mozambique,1980,0.28214929,-0.5657130833333334
Mozambique,1981,0.21429965,-0.879798085
Mozambique,1982,0.21345255,-0.5821007116666667
Mozambique,1983,0.16187818,0.2065827121666666
Mozambique,1984,0.12267583,-0.6105907766666666
Mozambique,1985,0.09044164,-0.7670733125
Mozambique,1986,0.0765151,-0.7150435466666667
Mozambique,1987,0.07617432,0.0855962344166666
Mozambique,1988,0.07860568,-0.2785298016666667
Mozambique,1989,0.08015396,-0.5572864133333334
Mozambique,1990,0.078305945,-0.1557213483333333
Mozambique,1991,0.07051084,-0.3035712236666666
Mozambique,1992,0.07545626,0.3934047991666666
Mozambique,1993,0.08115531,-0.1178018260833333
Mozambique,1994,0.07303769,-0.3166769345833333
Mozambique,1995,0.07086084,0.0667848563333333
Mozambique,1996,0.06620093,-0.3689489382499999
Mozambique,1997,0.06904078,-0.360891661
Mozambique,1998,0.06412159,0.0706140208333333
Mozambique,1999,0.06587987,-0.5591464041666666
Mozambique,2000,0.07291638,-0.5993752476916666
Mozambique,2001,0.083828926,-0.10929123775
Mozambique,2002,0.0810757,-0.0206702599166666
Mozambique,2003,0.095682584,-0.1254425050833333
Mozambique,2004,0.09394899,-0.2737148614166667
Mozambique,2005,0.08715779,0.4599693571666667
Mozambique,2006,0.09215461,0.0216956169999999
Mozambique,2007,0.102823526,0.0081278521666666
Mozambique,2008,0.09990994,-0.1805888882499999
Mozambique,2009,0.10892457,-0.0951601666666666
Mozambique,2010,0.11454959,0.341630778
Mozambique,2011,0.131364,0.0285364791666666
Mozambique,2012,0.1253911,-0.0089607276583333
Mozambique,2013,0.14285189,-0.1503645604166666
Mozambique,2014,0.31495103,-0.1146257708333333
Mozambique,2015,0.25352883,0.3816591866666667
Mozambique,2016,0.31266424,0.6239407785000001
Mozambique,2017,0.24516355,0.0623037068083333
Mozambique,2018,0.24157462,0.2291177111666666
Mozambique,2019,0.23761947,0.5054739294166667
Mozambique,2020,0.2071267,0.5119662264166667
Mozambique,2021,0.24812852,0.2038475658333333
Mozambique,2022,0.25593457,0.1348950048333333
Mozambique,2023,0.23854187,0.5674122284166666
Myanmar,1940,0.209793,-1.7515719808333332
Myanmar,1941,0.20738079,-1.6759309758333334
Myanmar,1942,0.06578884,-1.6046250633333334
Myanmar,1943,0.02589592,-1.5875816475000002
Myanmar,1944,0.019112246,-1.4156910675
Myanmar,1945,0.018135795,-1.521935458333333
Myanmar,1946,0.00044065705,-1.2209388458333332
Myanmar,1947,0.0015177069,-0.8845488355
Myanmar,1948,0.008961038,-1.3894249658333333
Myanmar,1949,0.005879015,-1.5688208041666665
Myanmar,1950,0.045239463,-1.0528241875
Myanmar,1951,0.050687455,-1.2901590633333333
Myanmar,1952,0.061461635,-1.103386859166667
Myanmar,1953,0.069447085,-1.5165950366666667
Myanmar,1954,0.07630254,-0.9724421486666668
Myanmar,1955,0.07270393,-1.160494328333333
Myanmar,1956,0.08296832,-1.145956351866667
Myanmar,1957,0.102995574,-0.6592262616666666
Myanmar,1958,0.11581092,-0.5131861341666667
Myanmar,1959,0.13060416,-0.9863354358333332
Myanmar,1960,0.12493421,-0.4550604886666666
Myanmar,1961,0.11662482,-0.8350162425000001
Myanmar,1962,0.12683274,-0.7997449208333333
Myanmar,1963,0.11346531,-0.9498125683333334
Myanmar,1964,0.12037552,-0.6857813158333332
Myanmar,1965,0.11225492,-1.1932264825
Myanmar,1966,0.11298146,-0.9386299362833332
Myanmar,1967,0.14231987,-0.91021028875
Myanmar,1968,0.112615086,-1.0228549583333333
Myanmar,1969,0.12084175,-0.4736531546666667
Myanmar,1970,0.16961348,-0.6407694811666667
Myanmar,1971,0.18338746,-1.1538424475
Myanmar,1972,0.17216314,-0.549998597525
Myanmar,1973,0.14147739,-0.5233135216666667
Myanmar,1974,0.15781131,-0.9532763113333336
Myanmar,1975,0.15187044,-0.8000100541666667
Myanmar,1976,0.15906984,-1.0118225391666666
Myanmar,1977,0.16474259,-0.8001074783333334
Myanmar,1978,0.16095102,-0.6410107558333333
Myanmar,1979,0.15602975,-0.0588981271666666
Myanmar,1980,0.16579156,-0.1347575216666666
Myanmar,1981,0.16607176,-0.4724121041666667
Myanmar,1982,0.16180517,-0.7059863408333333
Myanmar,1983,0.16363284,-0.6926744675
Myanmar,1984,0.1824145,-0.6365428004166667
Myanmar,1985,0.18227777,-0.6759053958333333
Myanmar,1986,0.18106328,-0.4047411308333333
Myanmar,1987,0.13018684,-0.2063590709999999
Myanmar,1988,0.10586949,-0.114794095
Myanmar,1989,0.11284832,-0.5866899425
Myanmar,1990,0.106379114,-0.4989446029166666
Myanmar,1991,0.102426216,-0.2390823419166666
Myanmar,1992,0.11823883,-0.8340125154166667
Myanmar,1993,0.12777653,-0.4577517466666667
Myanmar,1994,0.14680658,-0.1530890444166666
Myanmar,1995,0.16177854,0.0309333760833333
Myanmar,1996,0.16656272,-0.2123681695833333
Myanmar,1997,0.16975178,-0.4987244625
Myanmar,1998,0.18180251,0.5349267405
Myanmar,1999,0.19946577,0.1231942331666666
Myanmar,2000,0.22563893,-0.4224685003333333
Myanmar,2001,0.19347812,-0.1365569404166666
Myanmar,2002,0.20176381,-0.1204522430833333
Myanmar,2003,0.21422179,-0.0644766483333333
Myanmar,2004,0.26696044,-0.2959356325833333
Myanmar,2005,0.24357975,0.3367422432333333
Myanmar,2006,0.2681476,-0.0678752191916666
Myanmar,2007,0.26682886,-0.2832161575
Myanmar,2008,0.20194063,-0.2147014929583333
Myanmar,2009,0.20976608,0.32643699675
Myanmar,2010,0.26765463,0.5920594475
Myanmar,2011,0.30599007,-0.266823129725
Myanmar,2012,0.23714164,0.1790178640833333
Myanmar,2013,0.2531136,0.1286678299166666
Myanmar,2014,0.31272396,0.3306465160833333
Myanmar,2015,0.42841202,0.1537780783333333
Myanmar,2016,0.41052818,0.38895337
Myanmar,2017,0.4553452,0.2283339508333333
Myanmar,2018,0.65076345,-0.067437323125
Myanmar,2019,0.63867646,0.48871565
Myanmar,2020,0.6523924,0.4925704
Myanmar,2021,0.55444026,0.608930267
Myanmar,2022,0.5493762,0.3441481589166666
Myanmar,2023,0.5584913,0.7395399416666666
Namibia,1991,0.7376462,-0.6930846289166667
Namibia,1992,0.77728957,-0.0120426791666666
Namibia,1993,0.9107486,-0.0878627204166666
Namibia,1994,1.0005906,-0.3549332611666667
Namibia,1995,1.0108311,0.0500133004166666
Namibia,1996,1.0439571,-0.6320999489166667
Namibia,1997,1.0758417,-0.514499034
Namibia,1998,1.0764118,0.5993153910000001
Namibia,1999,0.9797784,-0.0151247191666666
Namibia,2000,0.9469267,-0.5835746928333333
Namibia,2001,1.1996282,-0.6380615166666667
Namibia,2002,1.043018,-0.1527510463
Namibia,2003,1.0911251,0.2231439741666666
Namibia,2004,1.1546397,-0.0642475308333333
Namibia,2005,1.2855866,0.4413417975
Namibia,2006,1.2637395,-0.9206450729666664
Namibia,2007,1.1526242,0.1665697904583333
Namibia,2008,1.3961457,-0.2712326083333333
Namibia,2009,1.2822764,-0.2456189811666667
Namibia,2010,1.3198848,0.0515782054166666
Namibia,2011,1.2962427,-1.1439622308333333
Namibia,2012,1.4586486,-0.4376289849166666
Namibia,2013,1.5938045,0.4089291116666667
Namibia,2014,1.6175814,-0.2143005516666667
Namibia,2015,1.6560593,0.7337587695833333
Namibia,2016,1.6292387,1.1312497466666669
Namibia,2017,1.6351054,0.3391991434166666
Namibia,2018,1.6334617,0.6396880963333333
Namibia,2019,1.5993302,1.697815805
Namibia,2020,1.404347,0.4990627758333333
Namibia,2021,1.3879759,-0.24745583
Namibia,2022,1.4136248,0.0622317869166666
Namibia,2023,1.408754,0.6912619286666666
Nepal,1950,0.0030545825,-1.4360951741666668
Nepal,1951,0.0034192617,-1.4686016266666666
Nepal,1952,0.0033509952,-1.8226006366666665
Nepal,1953,0.004108462,-1.7915560966666666
Nepal,1954,0.0044349963,-1.1664534811666667
Nepal,1955,0.0047492203,-0.9828791583333332
Nepal,1956,0.005052269,-0.9496702608333334
Nepal,1957,0.0057261935,-0.9331554291666668
Nepal,1958,0.0060027405,0.05618837
Nepal,1959,0.0066357665,-0.3516584004166667
Nepal,1960,0.007962371,-0.1696608625
Nepal,1961,0.0078120995,-1.0306270688333334
Nepal,1962,0.008358084,-0.9986740983333332
Nepal,1963,0.009219947,-0.9727819158333334
Nepal,1964,0.013723675,-0.3079103075
Nepal,1965,0.016068226,-1.1398372366666667
Nepal,1966,0.016700283,-0.5572720558333334
Nepal,1967,0.018237192,-1.0115093375
Nepal,1968,0.021233927,-1.1395648741666666
Nepal,1969,0.032824583,-0.5442897274999999
Nepal,1970,0.018266754,-0.3639106741666666
Nepal,1971,0.01556694,-0.9313061425
Nepal,1972,0.020592095,-0.4655322798333333
Nepal,1973,0.0317404,-0.4035193716666667
Nepal,1974,0.031313602,-0.481028837
Nepal,1975,0.025356723,-0.3920781516666666
Nepal,1976,0.019879173,-0.3385846817
Nepal,1977,0.023201324,-0.1514715541666667
Nepal,1978,0.02216906,-0.6289089616666667
Nepal,1979,0.03372885,-0.2003594395833333
Nepal,1980,0.03480312,-0.2297820588333333
Nepal,1981,0.028462218,-0.9220128866666668
Nepal,1982,0.027142126,-0.762349628
Nepal,1983,0.029505402,-0.9635333134166668
Nepal,1984,0.041054502,-0.2880996116666667
Nepal,1985,0.038678993,-0.1640449966666667
Nepal,1986,0.039008886,-0.7164235490249999
Nepal,1987,0.047159348,-0.1040250069166666
Nepal,1988,0.052362815,0.3196253983333333
Nepal,1989,0.046887156,-0.5611095758333333
Nepal,1990,0.036950238,-0.2727245783333333
Nepal,1991,0.05122219,-0.3867245183333334
Nepal,1992,0.05982288,-0.46658324575
Nepal,1993,0.06597382,-0.0660269499999999
Nepal,1994,0.074568264,0.0174160216666666
Nepal,1995,0.103792936,-0.1398235566666666
Nepal,1996,0.10345607,-0.1295965111666666
Nepal,1997,0.11374581,-1.1287390625
Nepal,1998,0.093889296,0.2072370893333333
Nepal,1999,0.13227206,0.4382740904166666
Nepal,2000,0.12374211,-0.3858322516666666
Nepal,2001,0.12971969,-0.0237705691666666
Nepal,2002,0.10250657,-0.2404653601666666
Nepal,2003,0.10940146,-0.2664444256666666
Nepal,2004,0.09926006,-0.0198386324999999
Nepal,2005,0.11352484,0.0052658329999999
Nepal,2006,0.092468776,0.4632803075
Nepal,2007,0.09594959,0.1515430431
Nepal,2008,0.124186344,0.0482956391666666
Nepal,2009,0.15196535,0.5488583858333334
Nepal,2010,0.17644356,0.6603813854583334
Nepal,2011,0.19007953,-0.1859355952083333
Nepal,2012,0.1986664,-0.3426350525833333
Nepal,2013,0.22536612,0.0135565186666666
Nepal,2014,0.27432936,-0.1641216280833333
Nepal,2015,0.24815848,0.0018011755833333
Nepal,2016,0.36086196,0.8811343754166666
Nepal,2017,0.44338602,0.5590550689166667
Nepal,2018,0.49854803,0.2044638585
Nepal,2019,0.44873935,-0.0511136233333333
Nepal,2020,0.5396416,-0.2029096833333333
Nepal,2021,0.533455,0.3924391421666667
Nepal,2022,0.541436,0.5346483133333334
Nepal,2023,0.56162494,0.50059508
Netherlands,1940,3.7701917,-2.1308961666666666
Netherlands,1941,4.1336946,-1.6882684308333331
Netherlands,1942,3.8028536,-1.9972601666666667
Netherlands,1943,3.7898493,-0.3598295795
Netherlands,1944,2.4992619,-0.9966924741666668
Netherlands,1945,1.5489123,-0.3917370158333333
Netherlands,1946,3.2455068,-1.1122494725
Netherlands,1947,4.5941772,-0.7717715683333334
Netherlands,1948,4.805172,-0.4383278691666667
Netherlands,1949,5.0680156,-0.291770745
Netherlands,1950,5.0709653,-0.9496831008333334
Netherlands,1951,5.355177,-0.8458333324999999
Netherlands,1952,5.2700434,-1.4310490208333333
Netherlands,1953,5.2665386,-0.6033809575000001
Netherlands,1954,5.5006227,-1.4254254358333334
Netherlands,1955,5.67254,-1.6098831841666668
Netherlands,1956,5.9761505,-2.286854223333333
Netherlands,1957,5.841007,-0.5333719425
Netherlands,1958,5.9612346,-1.0344874077916666
Netherlands,1959,5.914497,-0.2280594385
Netherlands,1960,6.3931775,-0.594440637
Netherlands,1961,6.5140214,-0.3047633416666667
Netherlands,1962,7.0533037,-2.057326975
Netherlands,1963,7.6149836,-2.3534605891666667
Netherlands,1964,7.977075,-1.0269551263333334
Netherlands,1965,8.162173,-1.4436181899999998
Netherlands,1966,8.308373,-0.8405677675
Netherlands,1967,8.46161,-0.3233567141666666
Netherlands,1968,8.904116,-1.0966070266666663
Netherlands,1969,8.983454,-1.0770344385
Netherlands,1970,10.864464,-1.149578902
Netherlands,1971,10.649829,-0.6937614175000001
Netherlands,1972,11.803833,-1.2676554841666667
Netherlands,1973,12.283599,-0.7401381048333334
Netherlands,1974,11.798645,-0.48573324
Netherlands,1975,11.149532,-0.3701416875
Netherlands,1976,12.267779,-0.4707778245
Netherlands,1977,11.796879,-0.628498231975
Netherlands,1978,12.168163,-1.30816412525
Netherlands,1979,13.30999,-1.9302400966666664
Netherlands,1980,12.471672,-1.2447191491666667
Netherlands,1981,11.506277,-1.1167029616666666
Netherlands,1982,9.312715,-0.4292023383333334
Netherlands,1983,9.540784,-0.37118612325
Netherlands,1984,9.961645,-1.12231196
Netherlands,1985,10.109429,-2.025625468333333
Netherlands,1986,9.846172,-1.5555038291666667
Netherlands,1987,10.287363,-1.7374030408333334
Netherlands,1988,9.8208685,-0.1966128958333333
Netherlands,1989,10.834631,0.1882260133333333
Netherlands,1990,10.830862,0.2853337633333333
Netherlands,1991,11.296137,-1.0033580816666663
Netherlands,1992,11.193285,-0.0244516008333333
Netherlands,1993,11.109045,-0.9217074783333332
Netherlands,1994,11.089836,0.0796095866666666
Netherlands,1995,11.131464,-0.1363930433333333
Netherlands,1996,11.657468,-2.036326910833333
Netherlands,1997,11.145503,-0.3476868183333333
Netherlands,1998,11.13149,-0.2188340650833333
Netherlands,1999,10.717318,0.3531556458333333
Netherlands,2000,10.706721,0.3570334050000001
Netherlands,2001,10.952884,-0.1568031733333333
Netherlands,2002,10.837755,0.2733629708333333
Netherlands,2003,10.995654,-0.0373200004583333
Netherlands,2004,11.073761,-0.0812943966666666
Netherlands,2005,10.80621,0.1157105880833333
Netherlands,2006,10.493947,0.6047680833333333
Netherlands,2007,10.454888,0.6809740294166667
Netherlands,2008,10.586433,0.0734649696666666
Netherlands,2009,10.203367,-0.0075301491666666
Netherlands,2010,10.869165,-1.4645847891666666
Netherlands,2011,10.038659,0.318922558
Netherlands,2012,9.788568,-0.2946060125
Netherlands,2013,9.7104645,-0.7671510908333333
Netherlands,2014,9.239101,1.11597074975
Netherlands,2015,9.571497,0.3009615683333334
Netherlands,2016,9.567643,0.2073865836666667
Netherlands,2017,9.360355,0.4057299308333333
Netherlands,2018,9.071813,0.78766423
Netherlands,2019,8.691241,0.7114961129166666
Netherlands,2020,7.7491956,1.1118397058333334
Netherlands,2021,7.8781476,-0.0973985860833333
Netherlands,2022,7.106702,1.070459753333333
Netherlands,2023,6.558991,1.175497744425
New Caledonia,1950,3.4482002,-0.2700934399999999
New Caledonia,1951,4.3608932,-0.928862265
New Caledonia,1952,7.1930604,-0.1441562968333333
New Caledonia,1953,5.980473,-0.4145892533333333
New Caledonia,1954,7.6598554,-0.6449122455
New Caledonia,1955,10.123304,-0.3185995446666667
New Caledonia,1956,16.50731,-0.523541931025
New Caledonia,1957,14.700253,-0.7246680153333332
New Caledonia,1958,9.893172,-0.4381804416666666
New Caledonia,1959,7.6380773,-0.9943957379166668
New Caledonia,1960,10.791327,-1.0201264866666666
New Caledonia,1961,10.7491665,-0.99106471
New Caledonia,1962,6.613951,-0.8984500616666667
New Caledonia,1963,7.0350266,-1.1142759341666666
New Caledonia,1964,12.136603,-0.5459381766666667
New Caledonia,1965,13.219909,-1.4445908858333334
New Caledonia,1966,15.759469,-1.55009365
New Caledonia,1967,14.945542,-0.8265271049999999
New Caledonia,1968,18.13772,-0.9527750019166666
New Caledonia,1969,14.855518,-0.8247124360833333
New Caledonia,1970,21.888735,-0.3293528608333333
New Caledonia,1971,21.123137,-0.4961051924999999
New Caledonia,1972,14.209723,-0.999505365
New Caledonia,1973,20.68951,0.2139221779583333
New Caledonia,1974,21.160236,-0.4751610739166667
New Caledonia,1975,18.393448,-0.2552887584916666
New Caledonia,1976,16.812414,-0.5589137085
New Caledonia,1977,14.795918,-0.9321233516666668
New Caledonia,1978,10.530637,-0.7280976029166667
New Caledonia,1979,11.073258,-0.6089049974999999
New Caledonia,1980,13.342255,-0.2878931391666666
New Caledonia,1981,9.182329,-0.2177859933333333
New Caledonia,1982,8.248747,-0.6260013634166667
New Caledonia,1983,7.4279943,0.0618171697999999
New Caledonia,1984,7.6301985,-0.0887139625
New Caledonia,1985,9.056582,-0.3252997383333333
New Caledonia,1986,8.6009655,-0.3567287066666667
New Caledonia,1987,8.783034,-0.316558837
New Caledonia,1988,8.911016,0.5038542691666666
New Caledonia,1989,9.532796,-0.2571223616666667
New Caledonia,1990,8.934936,-0.0471339189166666
New Caledonia,1991,9.705451,-0.4434363025
New Caledonia,1992,8.468852,-0.4369870825
New Caledonia,1993,9.581288,-0.4660936975
New Caledonia,1994,10.078591,-0.6947336204166666
New Caledonia,1995,10.297845,0.2833469693333333
New Caledonia,1996,10.653348,0.1471462233333333
New Caledonia,1997,8.674736,-0.1213728596666666
New Caledonia,1998,8.457386,0.9332482033333332
New Caledonia,1999,9.407901,-0.0722864429166666
New Caledonia,2000,9.954113,-0.3581315661666666
New Caledonia,2001,8.242888,-0.1450584738333333
New Caledonia,2002,10.302889,0.1079991661666666
New Caledonia,2003,11.517541,-0.020172278
New Caledonia,2004,10.44334,0.0074251490416666
New Caledonia,2005,11.499184,-0.0509435351666666
New Caledonia,2006,10.935486,-0.2337956391666666
New Caledonia,2007,11.675116,0.3432552044816666
New Caledonia,2008,11.22228,0.1930840820833333
New Caledonia,2009,11.802793,-0.218293195
New Caledonia,2010,13.985008,0.6118052721666667
New Caledonia,2011,13.863081,0.0384953824999999
New Caledonia,2012,13.644258,-0.1430023514166666
New Caledonia,2013,14.344299,-0.2154388428333333
New Caledonia,2014,17.81458,-0.05236020975
New Caledonia,2015,17.22486,-0.0129795089166666
New Caledonia,2016,19.34378,0.6267979991666667
New Caledonia,2017,19.695473,0.2266016023333333
New Caledonia,2018,20.856289,-0.1757707617499999
New Caledonia,2019,20.005596,-0.0114445673463333
New Caledonia,2020,17.98137,0.35311286
New Caledonia,2021,15.908647,0.23694960225
New Caledonia,2022,17.817152,0.9732384741666666
New Caledonia,2023,17.48445,-0.1359971368333333
New Zealand,1940,2.90442,-1.2980646624166667
New Zealand,1941,3.0127628,-1.6101500141666667
New Zealand,1942,3.026926,-1.00958800125
New Zealand,1943,3.141402,-1.530925294166667
New Zealand,1944,3.1503887,-1.5206533366666666
New Zealand,1945,3.1874444,-1.7902157333333335
New Zealand,1946,3.0896485,-1.5479920833333332
New Zealand,1947,2.9981256,-1.5187411541666669
New Zealand,1948,2.9800363,-1.454264415833333
New Zealand,1949,2.987238,-1.3530745575
New Zealand,1950,4.4835715,-0.9329522589166668
New Zealand,1951,4.187282,-1.5259877
New Zealand,1952,4.665431,-1.0292662125
New Zealand,1953,4.1757283,-1.1154120166666666
New Zealand,1954,4.3277655,-0.4657685791666666
New Zealand,1955,4.3899617,-0.1091380466666667
New Zealand,1956,4.4282427,-0.1181305589166666
New Zealand,1957,4.6133904,-0.6870362625
New Zealand,1958,4.4552565,-0.4699827625
New Zealand,1959,4.422327,-0.8583141475000001
New Zealand,1960,4.8464346,-0.6629281075
New Zealand,1961,4.8381276,-0.5853611691666667
New Zealand,1962,4.50751,-0.0744622948166666
New Zealand,1963,4.8133025,-1.1724150496666663
New Zealand,1964,5.057303,-0.9580626896666667
New Zealand,1965,5.1908007,-1.4196091108333333
New Zealand,1966,5.2190456,-0.9823493266666666
New Zealand,1967,5.0036635,-0.5271895396666667
New Zealand,1968,4.8913593,-0.6708578583333332
New Zealand,1969,5.120419,-0.4755411514166667
New Zealand,1970,5.0245633,0.2820818025
New Zealand,1971,5.2488313,0.3170815259333333
New Zealand,1972,5.5458612,-0.3763372488333333
New Zealand,1973,6.1096835,0.1454860359166666
New Zealand,1974,6.1686387,0.1430741175
New Zealand,1975,5.9050813,-0.1079433320833333
New Zealand,1976,6.1563816,-0.8622917183333333
New Zealand,1977,6.469069,-0.9821244866666669
New Zealand,1978,5.736125,0.0993043954999999
New Zealand,1979,5.2504106,-0.1540512175
New Zealand,1980,5.555408,-0.3498381808333333
New Zealand,1981,5.241149,0.2288939525
New Zealand,1982,5.736196,-0.5940256435
New Zealand,1983,5.5907955,-0.6585108051666667
New Zealand,1984,5.9501247,0.1755571433333334
New Zealand,1985,6.688534,0.1281642158333333
New Zealand,1986,6.992635,0.0122520894416666
New Zealand,1987,7.3241467,0.0469818540833333
New Zealand,1988,7.6747723,0.2016633628333333
New Zealand,1989,7.634959,0.2490521654166666
New Zealand,1990,7.5059547,0.3185403375833333
New Zealand,1991,7.519897,-0.5136317433333333
New Zealand,1992,7.973067,-1.1824863548333333
New Zealand,1993,7.7667007,-0.7538685541666666
New Zealand,1994,7.703802,-0.5036807363333333
New Zealand,1995,7.620484,-0.24780990375
New Zealand,1996,7.8568063,-0.3737881577499999
New Zealand,1997,8.28045,-0.5935243347416667
New Zealand,1998,7.8327,0.6217066400000001
New Zealand,1999,8.202466,0.5075805619999999
New Zealand,2000,8.357968,0.0269883121666666
New Zealand,2001,8.833832,0.0987999358333333
New Zealand,2002,8.742418,-0.141405588875
New Zealand,2003,9.01004,-0.1687866485833333
New Zealand,2004,8.775212,-0.6603970516666667
New Zealand,2005,9.050942,0.4544393283333334
New Zealand,2006,8.926524,-0.4311004874999999
New Zealand,2007,8.621058,0.0302927138333333
New Zealand,2008,8.800641,0.1223349975
New Zealand,2009,8.042621,-0.4665737633333333
New Zealand,2010,8.005984,0.3275770703333333
New Zealand,2011,7.8176785,0.1573116070583333
New Zealand,2012,8.146944,-0.2577236866666667
New Zealand,2013,7.9118466,0.6305793467499999
New Zealand,2014,7.8345513,0.0998027320833333
New Zealand,2015,7.7594914,-0.0422852382416666
New Zealand,2016,7.2423096,0.7006164466666668
New Zealand,2017,7.414659,0.5255717958333334
New Zealand,2018,7.285045,0.6988363583333334
New Zealand,2019,7.3620214,0.72103472625
New Zealand,2020,6.710805,0.6135883366666667
New Zealand,2021,6.7198505,0.81715036125
New Zealand,2022,6.1597934,1.0856025166666667
New Zealand,2023,5.8226275,0.8414204
Nicaragua,1940,0.00019034364,-0.8006068841666667
Nicaragua,1941,0.00022338048,-0.927979315
Nicaragua,1942,0.0,-1.3751498866666667
Nicaragua,1943,0.0072182794,-1.5395032416666667
Nicaragua,1944,0.0035077939,-1.2009217
Nicaragua,1945,0.0064271702,-1.3733600083333333
Nicaragua,1946,0.0030600945,-1.311442378333333
Nicaragua,1947,0.0060774544,-0.875096155
Nicaragua,1948,0.0060308264,-1.1964227358333333
Nicaragua,1949,0.00589046,-1.0117038016666666
Nicaragua,1950,0.1432034,-1.2024011608333334
Nicaragua,1951,0.1470719,-0.55769698
Nicaragua,1952,0.19497252,-0.5868659041666667
Nicaragua,1953,0.19705518,-0.2832635266666667
Nicaragua,1954,0.21110578,-0.8561159841666667
Nicaragua,1955,0.2551289,-0.6931509908333333
Nicaragua,1956,0.23845161,-1.1605602925
Nicaragua,1957,0.25623798,-0.5968672416666666
Nicaragua,1958,0.35786486,-0.2613816308333334
Nicaragua,1959,0.2774012,-0.7439411466666667
Nicaragua,1960,0.29801646,-0.7990517575
Nicaragua,1961,0.30518353,-0.6501274158333333
Nicaragua,1962,0.3484397,-0.7760623266666666
Nicaragua,1963,0.43203086,-0.4933981916666667
Nicaragua,1964,0.47197962,-0.2824506746666667
Nicaragua,1965,0.37640998,-0.3458665230833333
Nicaragua,1966,0.44889814,-0.3214464183333334
Nicaragua,1967,0.489904,-0.4482514066666667
Nicaragua,1968,0.540774,-0.7186590908333333
Nicaragua,1969,0.5474545,-0.15181144
Nicaragua,1970,0.57894933,-0.6560544899999999
Nicaragua,1971,0.60222363,-0.7797155433333334
Nicaragua,1972,0.6234062,-0.2653174430833333
Nicaragua,1973,0.689845,-0.4250054364166666
Nicaragua,1974,0.7131311,-0.9114467308333332
Nicaragua,1975,0.6839257,-0.6596066166666666
Nicaragua,1976,0.76526445,-0.6931681585833332
Nicaragua,1977,0.9467413,-0.2285992305833333
Nicaragua,1978,0.852997,-0.30626710775
Nicaragua,1979,0.54013854,-0.3135010406666667
Nicaragua,1980,0.6218097,-0.3250354091666667
Nicaragua,1981,0.6381005,-0.54606405
Nicaragua,1982,0.6138099,-0.3439860330833333
Nicaragua,1983,0.56559795,0.20403020125
Nicaragua,1984,0.51008785,-0.5743346233333333
Nicaragua,1985,0.5355118,-0.6723580391666667
Nicaragua,1986,0.5944856,-0.6903632491666666
Nicaragua,1987,0.6262011,0.316208045475
Nicaragua,1988,0.563915,-0.152257444
Nicaragua,1989,0.3610829,-0.5311252293333334
Nicaragua,1990,0.49103665,-0.2106949495833333
Nicaragua,1991,0.4663179,-0.1264575340833333
Nicaragua,1992,0.5445554,-0.0819284083333333
Nicaragua,1993,0.51247454,-0.3187944065833333
Nicaragua,1994,0.5534874,-0.1639642713333333
Nicaragua,1995,0.59339356,-0.0911397920166666
Nicaragua,1996,0.6019637,-0.5185101916666667
Nicaragua,1997,0.6475622,-0.1972754851666666
Nicaragua,1998,0.6947168,0.2363934458333333
Nicaragua,1999,0.7261187,-0.7825624191666667
Nicaragua,2000,0.74091715,-0.5919701191666666
Nicaragua,2001,0.770818,-0.3301984454583333
Nicaragua,2002,0.7747392,0.0701157251666666
Nicaragua,2003,0.8319526,0.128022034
Nicaragua,2004,0.8302599,-0.0357551553833333
Nicaragua,2005,0.7993386,0.2229243925
Nicaragua,2006,0.8153238,0.0534427949999999
Nicaragua,2007,0.8278174,0.050552685
Nicaragua,2008,0.78283095,-0.1892658868333333
Nicaragua,2009,0.78582966,0.0227370284166666
Nicaragua,2010,0.7787225,0.1040363385833333
Nicaragua,2011,0.8258963,-0.1216983800833333
Nicaragua,2012,0.77098346,-0.10970211
Nicaragua,2013,0.7696459,0.1304011355
Nicaragua,2014,0.78219247,0.2309535325833333
Nicaragua,2015,0.8831737,0.505646547
Nicaragua,2016,0.86739695,0.5561765075
Nicaragua,2017,0.86465245,0.2107499438333333
Nicaragua,2018,0.81237465,0.10897032375
Nicaragua,2019,0.8055015,0.5408145599999999
Nicaragua,2020,0.70987344,0.4872811583333333
Nicaragua,2021,0.77428675,0.2247441616666666
Nicaragua,2022,0.78687125,0.0204861965
Nicaragua,2023,0.8189818,0.8009800945583333
Niger,1950,0.010922047,-2.4918255791666666
Niger,1951,0.008836735,-1.24105565125
Niger,1952,0.009571225,-2.1102005483333333
Niger,1953,0.0077089425,-1.7172576658333334
Niger,1954,0.008812488,-1.7821752161666666
Niger,1955,0.008529133,-1.5091145816666665
Niger,1956,0.00959321,-2.1907852375
Niger,1957,0.009545689,-1.5315504783333334
Niger,1958,0.007750558,-0.9930694853333332
Niger,1959,0.006455599,-1.6376058249999998
Niger,1960,0.008362888,-1.1106055541666666
Niger,1961,0.01523231,-2.324863908333333
Niger,1962,0.017755408,-1.2882489458333335
Niger,1963,0.02299679,-0.8229371716666667
Niger,1964,0.02420466,-1.444739340833333
Niger,1965,0.022619171,-1.310784635
Niger,1966,0.03253122,-0.9943691933333332
Niger,1967,0.030772403,-1.5609195333333332
Niger,1968,0.036589894,-0.9970896991666668
Niger,1969,0.042079672,-0.0058909972499999
Niger,1970,0.04646151,-0.961322625
Niger,1971,0.048233274,-0.7911688453083333
Niger,1972,0.051380873,-0.2731461461666666
Niger,1973,0.06488858,-0.589910985
Niger,1974,0.05571909,-1.3009220716666663
Niger,1975,0.06253705,-1.2647550920833333
Niger,1976,0.06051512,-0.7654739983333334
Niger,1977,0.06464067,-1.6107017166666668
Niger,1978,0.07148897,-0.5506917649999999
Niger,1979,0.07992383,-0.4741443019166667
Niger,1980,0.092288524,-0.4034666966666666
Niger,1981,0.107615575,-1.111302217083333
Niger,1982,0.1139624,-0.90621201225
Niger,1983,0.1427906,-1.0254005658333334
Niger,1984,0.14281042,-0.8336033779166666
Niger,1985,0.13907902,-0.9646004016666666
Niger,1986,0.12192077,-0.5064763963333333
Niger,1987,0.13131094,-0.3028133720833333
Niger,1988,0.1261278,-0.5599821314166666
Niger,1989,0.12868607,-1.3226781708333333
Niger,1990,0.07226654,-0.2590149137499999
Niger,1991,0.066248685,-0.5162830266666667
Niger,1992,0.059495524,-1.2205418095
Niger,1993,0.06576379,-0.4881305683333334
Niger,1994,0.061396338,-0.9496701675
Niger,1995,0.057453934,-0.289186796
Niger,1996,0.063593075,-0.2220118905833333
Niger,1997,0.0620455,-0.2566531366666666
Niger,1998,0.064812295,-0.1662553145833332
Niger,1999,0.06130573,-0.56516949525
Niger,2000,0.059686773,-0.7440649548333335
Niger,2001,0.054195683,-0.4044801413333334
Niger,2002,0.055442113,-0.1543884228333333
Niger,2003,0.05811581,0.042752103
Niger,2004,0.0596885,0.1126585038833333
Niger,2005,0.050245687,0.3805812173333333
Niger,2006,0.04703367,0.0303174605
Niger,2007,0.047930773,-0.0315663078583333
Niger,2008,0.05156574,-0.4878601987166667
Niger,2009,0.059721805,0.7240904111666667
Niger,2010,0.07009466,1.1652555483333331
Niger,2011,0.07665769,0.4123117119166666
Niger,2012,0.10340941,0.311817005
Niger,2013,0.11222347,0.5045545833333333
Niger,2014,0.117416464,0.4261088369999999
Niger,2015,0.11063795,-0.09632268975
Niger,2016,0.10370547,0.8999678265833332
Niger,2017,0.1049572,0.0531582816666666
Niger,2018,0.08127849,0.6468000316666667
Niger,2019,0.10952571,0.4376171491666666
Niger,2020,0.103766285,0.4446029714166666
Niger,2021,0.11071586,0.7212028555416667
Niger,2022,0.10656583,-0.1187251483333333
Niger,2023,0.09929863,0.9077793775
Nigeria,1940,0.026873969,-0.5511811514166666
Nigeria,1941,0.0312984,-0.1751206658333333
Nigeria,1942,0.03862446,-0.7020955175
Nigeria,1943,0.041634936,-0.93229961025
Nigeria,1944,0.04969419,-1.2648668291666667
Nigeria,1945,0.04071559,-1.4873986275
Nigeria,1946,0.04742192,-1.24378905
Nigeria,1947,0.044394936,-1.3170696924166667
Nigeria,1948,0.045759745,-1.406390985
Nigeria,1949,0.040691152,-0.26097568275
Nigeria,1950,0.060537666,-1.2401998721666667
Nigeria,1951,0.044360638,-1.2029210691666667
Nigeria,1952,0.05630931,-1.146695135
Nigeria,1953,0.061779276,-1.1087807016666666
Nigeria,1954,0.064021066,-1.06895795475
Nigeria,1955,0.06587677,-1.2501589416666667
Nigeria,1956,0.07219788,-1.2164338366666667
Nigeria,1957,0.07488731,-1.5839847083333334
Nigeria,1958,0.08591372,-0.53206045
Nigeria,1959,0.080716364,-0.5822173808333334
Nigeria,1960,0.075535856,-0.4738715541666666
Nigeria,1961,0.08935896,-0.9000097841666667
Nigeria,1962,0.0888955,-0.762002787
Nigeria,1963,0.11138718,-0.4040621122499999
Nigeria,1964,0.14826378,-0.3272142366666666
Nigeria,1965,0.23459573,-0.4550549173333333
Nigeria,1966,0.25187916,-0.3127353958333334
Nigeria,1967,0.24524274,-0.8358260783333332
Nigeria,1968,0.12400371,-0.8029289345833334
Nigeria,1969,0.22148071,-0.5058585758333333
Nigeria,1970,0.38501522,-0.5234495791666667
Nigeria,1971,0.56369346,-0.6907367683333333
Nigeria,1972,0.7062527,-0.4080274846083334
Nigeria,1973,0.8244113,0.0670550633333333
Nigeria,1974,1.0090208,-0.9260867441666668
Nigeria,1975,0.74674493,-1.0978894258333334
Nigeria,1976,0.8457142,-0.8912487025
Nigeria,1977,0.75117105,-0.5942513191666666
Nigeria,1978,0.6955918,-0.7393851378333333
Nigeria,1979,0.98164123,-0.4268803533333333
Nigeria,1980,0.92232835,-0.3502464316666667
Nigeria,1981,0.8651528,-0.65001519525
Nigeria,1982,0.8343288,-0.5026947629999999
Nigeria,1983,0.7422498,-0.1949156053333333
Nigeria,1984,0.8410143,-0.2384525991666667
Nigeria,1985,0.82023156,-0.4702912933333333
Nigeria,1986,0.8390143,-0.2875181865833333
Nigeria,1987,0.65881604,0.3005983070833333
Nigeria,1988,0.7652828,-0.2594698315833333
Nigeria,1989,0.4455618,-0.8225151587499999
Nigeria,1990,0.40009198,-0.0373714800833333
Nigeria,1991,0.42046884,-0.3645502708333333
Nigeria,1992,0.4519301,-0.8183236083333334
Nigeria,1993,0.42630616,-0.24917475175
Nigeria,1994,0.7454644,-0.5737039178333333
Nigeria,1995,0.76108885,-0.3566231749999999
Nigeria,1996,0.86053264,-0.2420676566666666
Nigeria,1997,0.8203651,-0.2708907225
Nigeria,1998,0.7216969,0.3467200560833333
Nigeria,1999,0.6907277,-0.1642580041666666
Nigeria,2000,0.77257365,-0.39900604075
Nigeria,2001,0.77739376,-0.3368527095833333
Nigeria,2002,0.6778893,-0.200845721
Nigeria,2003,0.73441654,0.0150845832916666
Nigeria,2004,0.6774095,0.0855577741666666
Nigeria,2005,0.7055755,0.4559637718333333
Nigeria,2006,0.6103348,0.40202045425
Nigeria,2007,0.54405713,-0.0466300648333333
Nigeria,2008,0.57359314,-0.24394019575
Nigeria,2009,0.49581113,0.4441328069166666
Nigeria,2010,0.68729526,0.6894108425000001
Nigeria,2011,0.75385803,0.1873733152499999
Nigeria,2012,0.6473927,-0.0548629805
Nigeria,2013,0.67742234,0.2030080162
Nigeria,2014,0.69541794,0.05318133325
Nigeria,2015,0.60748714,0.2194414094166666
Nigeria,2016,0.6337025,0.349215985
Nigeria,2017,0.5928479,0.3309742579999999
Nigeria,2018,0.54949355,0.1499288895
Nigeria,2019,0.6388198,0.1918837191666666
Nigeria,2020,0.60513747,0.1978370366666666
Nigeria,2021,0.61808836,0.4388917341666666
Nigeria,2022,0.5895932,-0.090785025925
Nigeria,2023,0.5640604,0.5841353785833333
North Korea,1940,1.5257845,-2.278434972083333
North Korea,1941,1.673606,-2.0813193033333333
North Korea,1942,1.8174559,-1.4795611333333334
North Korea,1943,1.7324554,-1.2696291910583335
North Korea,1944,1.8004816,-1.47325762775
North Korea,1945,0.0063697207,-2.37672884
North Korea,1946,0.006961755,-1.176223115
North Korea,1947,0.006847893,-3.2991945416666666
North Korea,1948,0.13004649,-0.6706008333333333
North Korea,1949,0.16256228,-1.4088181258333332
North Korea,1950,0.07020368,-1.25495952
North Korea,1951,0.09410703,-1.3955511808333334
North Korea,1952,0.08677524,-1.6525397716666668
North Korea,1953,0.17052712,-1.843746845
North Korea,1954,0.4673376,-1.4685543883333334
North Korea,1955,0.7060149,-1.2021774735
North Korea,1956,0.84557617,-2.8192500151666664
North Korea,1957,1.0400002,-1.6254317033333334
North Korea,1958,1.4003427,-0.4563904226666666
North Korea,1959,1.7345532,-0.13743847875
North Korea,1960,2.0292265,-0.6350446191666667
North Korea,1961,2.2039323,-0.0693726554999999
North Korea,1962,2.5024705,-1.0421550166666669
North Korea,1963,2.612122,-1.1281075041666666
North Korea,1964,2.763301,-0.6963961391666667
North Korea,1965,3.3452625,-1.4224770891666667
North Korea,1966,3.5079784,-1.308705025375
North Korea,1967,3.7534683,-1.2143925725
North Korea,1968,4.12577,-0.9367178925
North Korea,1969,4.339192,-1.7987591808333334
North Korea,1970,4.8426557,-1.3882831191666665
North Korea,1971,6.900217,-1.2933288858333334
North Korea,1972,5.6028023,-0.8512151505833333
North Korea,1973,5.952504,-0.7813312075
North Korea,1974,6.094351,-1.565414175
North Korea,1975,6.341626,-0.2912094513333333
North Korea,1976,6.381039,-1.4312244083333334
North Korea,1977,6.4978495,-0.5865736886666667
North Korea,1978,6.1013355,-0.576115707
North Korea,1979,6.1313663,-0.5341992156666667
North Korea,1980,6.255628,-1.5614397308333334
North Korea,1981,6.18309,-1.2702084360833332
North Korea,1982,6.2255073,-0.4041468458333333
North Korea,1983,6.568869,-0.4113993773333333
North Korea,1984,6.964657,-1.3239587508333333
North Korea,1985,7.353832,-1.2439091166666667
North Korea,1986,7.8768935,-1.360662721666667
North Korea,1987,8.691655,-0.7149641825
North Korea,1988,9.717087,-0.6309328341666667
North Korea,1989,10.05795,0.3214051991666666
North Korea,1990,5.6071634,0.3315790225
North Korea,1991,5.2648845,-0.3893626489166666
North Korea,1992,4.5047235,-0.328794085
North Korea,1993,4.0583663,-0.6608395637500001
North Korea,1994,3.6429694,0.28299352
North Korea,1995,3.3561828,-0.6003677463333333
North Korea,1996,2.8953702,-0.78220572055
North Korea,1997,2.7553651,-0.2785834808333333
North Korea,1998,2.5201824,0.6863467975
North Korea,1999,2.7296422,0.13607872275
North Korea,2000,2.9225616,-0.5196442941666667
North Korea,2001,3.0091767,-0.3446076891666667
North Korea,2002,2.8667648,-0.1692105149999999
North Korea,2003,2.9115074,0.0684084125
North Korea,2004,2.9570096,0.4338527145
North Korea,2005,3.0746453,-0.7041802166666665
North Korea,2006,3.1058881,0.2236005516666666
North Korea,2007,2.575557,0.5738763516666666
North Korea,2008,2.8399236,0.4549491
North Korea,2009,2.7197876,-0.0066367016833333
North Korea,2010,2.6156921,-0.4154559170833333
North Korea,2011,1.905891,-0.3746173166666666
North Korea,2012,1.8531759,-0.7153670254166666
North Korea,2013,1.4256685,-0.304922559
North Korea,2014,1.5633109,0.5137052396166667
North Korea,2015,1.2218213,0.6558053086666668
North Korea,2016,1.3308315,0.4864152691666666
North Korea,2017,2.6987326,0.2053039641666666
North Korea,2018,2.4137077,0.1283752808333333
North Korea,2019,2.6688468,1.002318849
North Korea,2020,2.5079155,0.7427737270833332
North Korea,2021,2.056673,0.8671804870833334
North Korea,2022,2.1342564,0.149568793475
North Korea,2023,2.3000948,1.214743712083333
North Macedonia,1940,0.7933346,-2.7203704275
North Macedonia,1943,0.0003939088,-0.8963115128333334
North Macedonia,1944,0.0068100533,-1.9245688266666665
North Macedonia,1945,0.3786635,-1.7694108566666669
North Macedonia,1946,0.72933507,-0.5590172594166667
North Macedonia,1947,0.99029607,-0.7218084754166667
North Macedonia,1948,1.1140167,-1.3193258225
North Macedonia,1949,1.2637779,-1.5426169533333332
North Macedonia,1950,1.2071177,0.1050772824999999
North Macedonia,1951,1.1223919,-0.0939863191666666
North Macedonia,1952,1.1010226,0.2155335866666667
North Macedonia,1953,1.0743127,-1.1026540526666666
North Macedonia,1954,1.266208,-1.5828118361666668
North Macedonia,1955,1.4338219,-0.9343094875
North Macedonia,1956,1.6287698,-1.5393454875
North Macedonia,1957,1.7409924,-0.5841331521666667
North Macedonia,1958,1.6972768,-0.2791146950833333
North Macedonia,1959,1.9237818,-1.5505772283333332
North Macedonia,1960,2.0762875,-0.4025295683333332
North Macedonia,1961,2.1512952,-0.4013792673333333
North Macedonia,1962,2.1796682,-0.8105902841666667
North Macedonia,1963,2.395925,-1.1738863005
North Macedonia,1964,2.680283,-1.3062532395833333
North Macedonia,1965,2.7187846,-1.8569014508333328
North Macedonia,1966,2.649587,-0.7163422291666667
North Macedonia,1967,2.6349893,-1.0068755775
North Macedonia,1968,2.7673903,-0.5035713616666667
North Macedonia,1969,2.820235,-0.7020329283333333
North Macedonia,1970,3.643069,-0.6806968822916667
North Macedonia,1971,3.8572378,-1.0799653216666667
North Macedonia,1972,3.5320616,-0.8676732316666667
North Macedonia,1973,4.174604,-1.4407875266666668
North Macedonia,1974,4.122922,-1.0059289762166668
North Macedonia,1975,4.232671,-1.0703257591666666
North Macedonia,1976,4.295994,-1.4833647464166668
North Macedonia,1977,4.1035843,-0.1369367283333333
North Macedonia,1978,4.5289392,-1.376370500583333
North Macedonia,1979,4.865423,-0.8276174480833333
North Macedonia,1980,4.70804,-1.3551640691666669
North Macedonia,1981,5.051709,-1.2394581375
North Macedonia,1982,4.5794992,-0.7346951329166665
North Macedonia,1983,4.915679,-1.2077687174999998
North Macedonia,1984,5.166869,-0.8567780798333334
North Macedonia,1985,5.2515445,-0.721069158
North Macedonia,1986,5.464206,-0.6674113719166667
North Macedonia,1987,5.3031244,-0.5466428316666666
North Macedonia,1988,5.454101,-0.5677578199999999
North Macedonia,1989,5.4143643,-0.8072797583333333
North Macedonia,1990,5.37778,-0.2457334999999999
North Macedonia,1991,3.7881413,-1.6265117805833331
North Macedonia,1992,4.1300726,-0.6981902441666668
North Macedonia,1993,3.7867298,-0.4993631916666667
North Macedonia,1994,3.9662714,0.6641849220249999
North Macedonia,1995,3.965612,-1.0138934
North Macedonia,1996,4.679022,-0.8659695966666666
North Macedonia,1997,4.1691694,-0.9287519175
North Macedonia,1998,4.734805,-0.3843013728333333
North Macedonia,1999,4.288331,-0.1287893595833333
North Macedonia,2000,4.1160574,0.0001303733333333
North Macedonia,2001,4.0111313,-0.1956539345
North Macedonia,2002,3.776331,-0.1358469866666667
North Macedonia,2003,4.098166,-0.2061656341666666
North Macedonia,2004,3.942331,-0.3515430983333333
North Macedonia,2005,4.1132607,-0.9433006846666666
North Macedonia,2006,4.1406918,-0.65646775
North Macedonia,2007,4.329355,0.6229513458333332
North Macedonia,2008,4.315505,0.6035813303333334
North Macedonia,2009,3.9972472,0.1574893349999999
North Macedonia,2010,3.9900906,0.3533835383333333
North Macedonia,2011,4.331296,-0.1449893225
North Macedonia,2012,4.185888,0.5488265658333333
North Macedonia,2013,3.7200131,0.7301810440000001
North Macedonia,2014,3.6057072,0.7442418862500001
North Macedonia,2015,3.411853,0.5562609133333334
North Macedonia,2016,3.394582,0.5688149450000001
North Macedonia,2017,3.6850967,0.4677790341666667
North Macedonia,2018,3.97764,0.9644806793333331
North Macedonia,2019,4.0298004,1.1225939225
North Macedonia,2020,3.718851,0.6748360241666665
North Macedonia,2021,3.505421,0.3213127008333333
North Macedonia,2022,3.8731613,0.601212024
North Macedonia,2023,4.0665092,1.0746587825
Norway,1940,2.173844,-3.123562861666666
Norway,1941,1.5946462,-2.94038775
Norway,1942,1.5194427,-3.6285818
Norway,1943,1.7712185,-2.125270665
Norway,1944,1.5727881,-1.9022870041666664
Norway,1945,1.2810465,-2.52731218
Norway,1946,2.2377732,-2.3757994275
Norway,1947,3.330741,-3.12356636
Norway,1948,3.409945,-2.355246488333333
Norway,1949,3.2011957,-1.4754056891666665
Norway,1950,2.5824826,-2.2728486816666664
Norway,1951,2.875056,-2.1644799725
Norway,1952,2.9102638,-2.5289550083333334
Norway,1953,2.910899,-0.65737224
Norway,1954,2.911414,-1.4323359266666664
Norway,1955,3.3291123,-2.8033201941666666
Norway,1956,3.4533103,-2.820833491666667
Norway,1957,3.2526274,-1.5372285733333335
Norway,1958,3.1750917,-2.5298331975
Norway,1959,3.3236349,-0.8228514708333333
Norway,1960,3.6544435,-1.6268567450000002
Norway,1961,3.6944315,-1.9922594108333327
Norway,1962,3.8640335,-3.772437446666667
Norway,1963,4.0816846,-3.4063709600000003
Norway,1964,4.377143,-2.2813835058333334
Norway,1965,4.402192,-3.5165788
Norway,1966,5.2068834,-4.31221322
Norway,1967,5.1014605,-1.5504605558333333
Norway,1968,5.5328813,-2.79260615
Norway,1969,5.7687364,-1.9646126333333327
Norway,1970,7.2197676,-2.068318693333333
Norway,1971,6.9608293,-1.740560874
Norway,1972,7.474219,-0.3466573249999999
Norway,1973,7.698908,-1.555229711666667
Norway,1974,6.9482145,-0.1313344558333332
Norway,1975,7.636551,-0.8284523108333333
Norway,1976,8.278881,-1.46588566
Norway,1977,8.238361,-1.797233691666667
Norway,1978,8.038356,-2.1320492541666667
Norway,1979,8.5022955,-2.3084115666666665
Norway,1980,7.7779016,-1.81932830825
Norway,1981,7.757946,-2.3268736008333333
Norway,1982,7.512609,-1.0720366341666667
Norway,1983,7.7386327,-0.8824701108333333
Norway,1984,8.166861,-0.2078685683333333
Norway,1985,7.775244,-2.173228175833333
Norway,1986,8.347413,-1.702416706666667
Norway,1987,7.9314194,-2.0933687575
Norway,1988,8.45523,-1.3848397133333332
Norway,1989,8.07877,-0.0290778044166666
Norway,1990,8.25273,0.615136665
Norway,1991,7.851101,-0.4681036191666667
Norway,1992,8.024339,-0.2355392775
Norway,1993,8.334773,-1.137815235833333
Norway,1994,8.729098,-1.0343982775
Norway,1995,8.822787,-0.9500436718333334
Norway,1996,9.478009,-1.1966151165833334
Norway,1997,9.449627,-0.4187889766666666
Norway,1998,9.43706,-1.0448657475
Norway,1999,9.545832,-0.1401115475
Norway,2000,9.3769045,0.4575508708333333
Norway,2001,9.637091,-0.7224061206666667
Norway,2002,9.377092,-0.1129393408333333
Norway,2003,9.6174555,-0.1786543025
Norway,2004,9.63392,0.2655059871666666
Norway,2005,9.358088,0.6074376183333333
Norway,2006,9.407265,1.028470025
Norway,2007,9.6811,0.436512685
Norway,2008,9.36968,0.2358078216666666
Norway,2009,8.922087,0.0089091829166666
Norway,2010,9.331146,-1.7120088633333337
Norway,2011,9.034477,0.7232036116666668
Norway,2012,8.81318,-0.1955512216666666
Norway,2013,8.762845,0.1095115633333333
Norway,2014,8.751203,1.2141096608
Norway,2015,8.766163,0.921348205
Norway,2016,8.532959,1.1700949296666667
Norway,2017,8.36972,0.3104963948333333
Norway,2018,8.359842,0.7750928991666668
Norway,2019,8.002147,0.1727836983333333
Norway,2020,7.664853,1.1110051825
Norway,2021,7.5864964,0.1143782783333333
Norway,2022,7.47844,0.7878115716666666
Norway,2023,7.0484023,0.1907049319999999
Oman,1964,0.019198926,-1.3149901935833332
Oman,1965,0.0438276,-1.2785498333333332
Oman,1966,0.04895369,-1.2049727458333332
Oman,1967,0.2210569,-1.3169356816666666
Oman,1968,0.2564043,-1.242058108916667
Oman,1969,0.3634419,-0.5409398035833334
Oman,1970,0.35388038,-0.7107977824999999
Oman,1971,3.0718172,-1.2052701283333334
Oman,1972,2.9811664,-1.3528437658333334
Oman,1973,2.9265785,-0.9056344006666668
Oman,1974,3.1246643,-0.95681445
Oman,1975,9.310323,-0.9563981775
Oman,1976,10.214096,-0.8303502316666668
Oman,1977,9.938862,-0.6567196835
Oman,1978,8.652721,-0.7902456953333333
Oman,1979,8.130392,-0.3956678705
Oman,1980,6.0347066,0.1301201159999999
Oman,1981,5.686858,-0.2292518683333333
Oman,1982,5.127332,-0.5992619166666667
Oman,1983,6.3701835,-1.0418725066666668
Oman,1984,6.4547467,-0.5456563616666666
Oman,1985,6.5024233,-0.2534664519166666
Oman,1986,6.951351,-0.4542228395833333
Oman,1987,6.2638636,-0.24717537575
Oman,1988,6.6203446,-0.1151021321666666
Oman,1989,5.95736,-0.7398096713333334
Oman,1990,6.3622236,0.12872696225
Oman,1991,6.262636,-0.3372637485833333
Oman,1992,6.135977,-1.0505076966666669
Oman,1993,6.5416293,-0.2567265836666667
Oman,1994,8.3506775,0.0304387441666666
Oman,1995,8.835112,-0.1351361241666666
Oman,1996,8.395545,-0.5240561149999999
Oman,1997,8.24106,-0.0796769445833333
Oman,1998,8.299535,0.5315057433333333
Oman,1999,9.758805,0.17571671625
Oman,2000,10.468582,-0.1455609033333333
Oman,2001,9.69817,-0.112139704
Oman,2002,11.485221,-0.1607801114166666
Oman,2003,14.534664,0.0724048599999999
Oman,2004,12.06946,-0.0686751984999999
Oman,2005,12.847043,-0.0318398477499999
Oman,2006,15.972586,-0.0608924216666666
Oman,2007,17.536497,0.2220415988333333
Oman,2008,17.966936,-0.4608448346666667
Oman,2009,16.493073,0.3358236861666666
Oman,2010,18.560102,0.4134729729166666
Oman,2011,18.529867,0.0627058363333333
Oman,2012,17.684446,0.1657005908333333
Oman,2013,17.025074,-0.2756967500833333
Oman,2014,16.46802,-0.1217211091666666
Oman,2015,16.151176,0.4915261338333334
Oman,2016,15.014238,0.1761056625
Oman,2017,14.599301,0.3233799925
Oman,2018,15.306236,0.4026449520833333
Oman,2019,15.622156,0.3572875596666667
Oman,2020,15.174401,0.0607565244999999
Oman,2021,16.691107,0.3472860623333333
Oman,2022,16.195124,0.2134151348333333
Oman,2023,15.5492115,0.6814680155583334
Pakistan,1946,0.018152596,0.3661482387499999
Pakistan,1947,0.018432835,0.1358973995833333
Pakistan,1948,0.019942466,-0.5527569471666667
Pakistan,1949,0.027750548,-0.9236880833333332
Pakistan,1950,0.14937462,-1.4112784945833334
Pakistan,1951,0.18076271,-0.5570781933333334
Pakistan,1952,0.18683788,-0.6278380560833333
Pakistan,1953,0.18589766,-1.0029004728333333
Pakistan,1954,0.18442222,-0.5353389223333334
Pakistan,1955,0.18547444,-0.6189462655833334
Pakistan,1956,0.21433793,-0.8537310366666667
Pakistan,1957,0.21582663,-1.4243341183333331
Pakistan,1958,0.23604567,-0.1742301066666667
Pakistan,1959,0.22296903,-0.6287718083333332
Pakistan,1960,0.26091942,-0.6110583395
Pakistan,1961,0.26319796,-1.163448645
Pakistan,1962,0.2817896,-1.0392144950000002
Pakistan,1963,0.31548896,-0.11223673875
Pakistan,1964,0.3157279,-1.088448205
Pakistan,1965,0.32235065,-0.4147111503333334
Pakistan,1966,0.3190422,-0.5393350858333333
Pakistan,1967,0.32918584,-1.0181674170833332
Pakistan,1968,0.3668653,-0.9099844385
Pakistan,1969,0.3457595,-0.2674701933333333
Pakistan,1970,0.34079346,-0.168907007
Pakistan,1971,0.3143311,-0.2051884358333333
Pakistan,1972,0.29729658,-1.1289490425
Pakistan,1973,0.30565092,-0.5109498443249999
Pakistan,1974,0.31724772,-0.7849559702416666
Pakistan,1975,0.33382475,-1.11986321
Pakistan,1976,0.31818572,-0.92481463775
Pakistan,1977,0.32908374,-0.0690290083333333
Pakistan,1978,0.34138995,-0.5549749045
Pakistan,1979,0.3561459,-0.704224823
Pakistan,1980,0.38803232,0.0098253129166666
Pakistan,1981,0.39897478,-0.2597589474833333
Pakistan,1982,0.41744253,-1.0923493633333334
Pakistan,1983,0.43395,-1.074760205
Pakistan,1984,0.44719568,-0.5933909756666667
Pakistan,1985,0.47657442,-0.21200545865
Pakistan,1986,0.48282847,-0.8639860916666667
Pakistan,1987,0.5040252,0.0164856094166666
Pakistan,1988,0.5298464,0.4704453066666667
Pakistan,1989,0.53692764,-0.8624902149999999
Pakistan,1990,0.58393574,-0.0554793693333333
Pakistan,1991,0.5620265,-0.7523926950000001
Pakistan,1992,0.5828958,-0.9716467958333334
Pakistan,1993,0.6075868,-0.0644617075
Pakistan,1994,0.6425971,-0.6124026
Pakistan,1995,0.6212884,-0.6291343416666667
Pakistan,1996,0.67509353,-0.6250308
Pakistan,1997,0.6580159,-1.1217076025
Pakistan,1998,0.6602458,0.11354835395
Pakistan,1999,0.6601077,0.1861475300833333
Pakistan,2000,0.6711011,0.1719028978333333
Pakistan,2001,0.66177,0.3417882046666666
Pakistan,2002,0.69169515,0.5846697491666667
Pakistan,2003,0.7028995,-0.0691531458333333
Pakistan,2004,0.7577723,0.7069324609166666
Pakistan,2005,0.76171106,-0.4929540574166666
Pakistan,2006,0.8017062,0.60470025025
Pakistan,2007,0.8546526,0.1640516094166666
Pakistan,2008,0.81873286,-0.0349345216666666
Pakistan,2009,0.80010426,0.3029213008333333
Pakistan,2010,0.7739538,0.5514585164166667
Pakistan,2011,0.759775,0.1367144655833333
Pakistan,2012,0.74527144,-0.4428873775
Pakistan,2013,0.7194037,0.0391302044166666
Pakistan,2014,0.73136306,-0.2786164316666666
Pakistan,2015,0.6930332,0.01483456525
Pakistan,2016,0.80872667,0.8891742166666666
Pakistan,2017,0.97799486,0.6567568013333334
Pakistan,2018,0.9269328,0.7654965758333333
Pakistan,2019,0.8995737,-0.0482511479999999
Pakistan,2020,0.98192537,-0.0866607449999999
Pakistan,2021,1.0351748,0.6807808833333334
Pakistan,2022,0.9184809,0.7671748739166667
Pakistan,2023,0.8107599,0.4130199425
Palestine,1990,0.40253967,-0.9466539291666668
Palestine,1991,0.39616942,-0.9727737866666668
Palestine,1992,0.39403713,-2.0108864366666666
Palestine,1993,0.38528326,-0.9628919633333334
Palestine,1994,0.38246423,-0.3097856999999999
Palestine,1995,0.35854834,-0.789932655
Palestine,1996,0.3775005,-0.2842971591666667
Palestine,1997,0.30239353,-0.7440666340000001
Palestine,1998,0.49342272,0.2907958820583333
Palestine,1999,0.44718015,0.2758237533333333
Palestine,2000,0.5266252,-0.34539072
Palestine,2001,0.41587076,0.28460900075
Palestine,2002,0.34739506,0.1700916266666666
Palestine,2003,0.37631798,-0.0614647908333333
Palestine,2004,0.631554,-0.1651996016666667
Palestine,2005,0.77042216,-0.4034336368916666
Palestine,2006,0.6212117,-0.5191660760616666
Palestine,2007,0.6216751,-0.0735823286666666
Palestine,2008,0.53586996,0.2052254641666666
Palestine,2009,0.532613,0.3524537091666666
Palestine,2010,0.50624627,1.70694508
Palestine,2011,0.54570204,-0.2549328791666667
Palestine,2012,0.5215309,0.3919620616666666
Palestine,2013,0.5646441,0.1875601550833333
Palestine,2014,0.64221907,0.2632960533333333
Palestine,2015,0.6644852,0.2295230274999999
Palestine,2016,0.69757545,0.7105232111666666
Palestine,2017,0.6891198,0.4018512558333333
Palestine,2018,0.6095915,1.2211314075
Palestine,2019,0.65849155,0.4499120633333333
Palestine,2020,0.656242,0.7560938133333334
Palestine,2021,0.70096153,1.0745569766666667
Palestine,2022,0.6626759,0.3865522458333333
Palestine,2023,0.64647776,1.1358057725
Panama,1940,0.0014578761,-1.0612985425
Panama,1941,0.0011141939,-0.7336133399999999
Panama,1942,0.0010858424,-1.3840519541666667
Panama,1943,0.0005275908,-1.4888841208333332
Panama,1944,0.0005147062,-1.207901
Panama,1945,0.00050213607,-1.3432366033333334
Panama,1946,0.0004898736,-1.2717254916666667
Panama,1947,0.0004779104,-1.1390891
Panama,1948,0.027080927,-1.1746705458333333
Panama,1949,0.030743953,-0.6548045483333333
Panama,1950,0.82596326,-0.9983242358333334
Panama,1951,0.85130507,-0.5246505704166666
Panama,1952,1.0042757,-0.4424991565833333
Panama,1953,0.8801525,-0.3684627199999999
Panama,1954,0.75321496,-0.7882420250000001
Panama,1955,0.8079777,-0.9631861066666666
Panama,1956,0.7355384,-1.1078081
Panama,1957,0.88567775,-0.13259076975
Panama,1958,1.0544828,0.0551667199166666
Panama,1959,1.1889853,-0.0904763532499999
Panama,1960,1.1222736,-0.371126651
Panama,1961,1.1588699,-0.25550238075
Panama,1962,1.2226806,-0.8436584416666667
Panama,1963,1.4120903,-0.7330630608333334
Panama,1964,1.6007626,-0.7700570381666667
Panama,1965,1.6230929,-0.643344885
Panama,1966,1.5620921,-0.4849425925
Panama,1967,1.5483568,-0.7161523458333333
Panama,1968,1.8194299,-0.64003722475
Panama,1969,1.6211276,-0.1053247451416666
Panama,1970,1.7695731,-0.530326525
Panama,1971,1.9795821,-0.9186263075
Panama,1972,2.1912842,-0.2753871265833333
Panama,1973,2.4131496,-0.3267124508333333
Panama,1974,2.2805154,-0.5998934108333333
Panama,1975,2.7552452,-0.9245926508333332
Panama,1976,2.6030397,-0.67395813625
Panama,1977,2.5185802,-0.2154749233333333
Panama,1978,2.101953,-0.6453668316666668
Panama,1979,2.2007408,-0.5216563541666667
Panama,1980,1.5875455,-0.1583078669416666
Panama,1981,1.6577249,-0.3493059441666666
Panama,1982,1.5975419,-0.4123949979166667
Panama,1983,1.6561452,-0.0534461333333333
Panama,1984,1.333194,-1.017152005
Panama,1985,1.2389873,-0.915958095
Panama,1986,1.21476,-0.6020196258333333
Panama,1987,1.3812577,0.0303476648333333
Panama,1988,1.2388037,-0.508617564
Panama,1989,1.044311,-0.7225572233333333
Panama,1990,1.0718638,-0.3556728391666666
Panama,1991,1.2377268,-0.3704276099999999
Panama,1992,1.6055505,-0.2993709217083333
Panama,1993,1.4473743,-0.3730460825
Panama,1994,1.5648091,-0.408654211
Panama,1995,1.340789,-0.4067044230833334
Panama,1996,1.5994608,-0.6484886858333333
Panama,1997,1.6322347,0.0325326904166666
Panama,1998,2.0390413,0.2219823166666666
Panama,1999,1.9047031,-0.866178675
Panama,2000,1.9029113,-0.69793892
Panama,2001,2.2652338,-0.41870768375
Panama,2002,1.8601933,0.0102170303583333
Panama,2003,1.9092329,-0.0665941271666666
Panama,2004,1.7566199,0.1381163605
Panama,2005,2.1042488,0.1835392324291666
Panama,2006,2.2293644,0.0648493768333333
Panama,2007,2.1381083,0.0591557815666666
Panama,2008,2.0952418,-0.24962933725
Panama,2009,2.373714,0.2433273014166666
Panama,2010,2.5002396,0.33162085975
Panama,2011,2.6947384,-0.0749483116666666
Panama,2012,2.5984511,0.1397806808333333
Panama,2013,2.7483644,0.2564977039166666
Panama,2014,2.789122,0.4257356324999999
Panama,2015,2.7243638,0.8123583775
Panama,2016,2.5909126,0.59609858525
Panama,2017,2.394967,0.35728327375
Panama,2018,2.2800763,0.1341395377916666
Panama,2019,3.1001267,0.4890783616666667
Panama,2020,1.6887718,0.3843696891666666
Panama,2021,2.425771,0.0530430491666666
Panama,2022,2.5803778,-0.1124663347666666
Panama,2023,3.1440282,0.7075010840416667
Papua New Guinea,1950,0.03560974,-0.98428932
Papua New Guinea,1951,0.0395509,-0.91540051
Papua New Guinea,1952,0.052359443,-0.54763953
Papua New Guinea,1953,0.05772876,-0.6324345266666667
Papua New Guinea,1954,0.05625386,-0.6099349641666667
Papua New Guinea,1955,0.07373603,-0.5784165041666667
Papua New Guinea,1956,0.07174676,-0.6393499333333333
Papua New Guinea,1957,0.07976215,-0.64813583
Papua New Guinea,1958,0.07758898,-0.6348436633333333
Papua New Guinea,1959,0.083038926,-0.8909891550000001
Papua New Guinea,1960,0.08998956,-0.8221780525
Papua New Guinea,1961,0.098490246,-1.034531265
Papua New Guinea,1962,0.09449207,-0.8311745366666666
Papua New Guinea,1963,0.11977509,-0.9160925616666664
Papua New Guinea,1964,0.12222933,-0.8156620674999999
Papua New Guinea,1965,0.13602066,-1.243089360833333
Papua New Guinea,1966,0.14907771,-1.0254511916666669
Papua New Guinea,1967,0.1865314,-1.1749564716666667
Papua New Guinea,1968,0.20996143,-0.9089806941666666
Papua New Guinea,1969,0.22760749,-0.8094315508333333
Papua New Guinea,1970,0.27638164,-0.6678396966666668
Papua New Guinea,1971,0.32123095,-0.8576162666666667
Papua New Guinea,1972,0.48232758,-0.8478145600000001
Papua New Guinea,1973,0.49977532,-0.5028711929999999
Papua New Guinea,1974,0.57636327,-0.8565346325
Papua New Guinea,1975,0.54411054,-0.8854014066666668
Papua New Guinea,1976,0.54629683,-0.9018262025
Papua New Guinea,1977,0.53708625,-0.6499867475
Papua New Guinea,1978,0.55746716,-0.37327846025
Papua New Guinea,1979,0.585322,-0.39786752
Papua New Guinea,1980,0.5838598,-0.4173035608333333
Papua New Guinea,1981,0.6039865,-0.3458663625
Papua New Guinea,1982,0.5960273,-0.6367584941666666
Papua New Guinea,1983,0.60231435,-0.1943731309833333
Papua New Guinea,1984,0.600418,-0.531186425
Papua New Guinea,1985,0.61085975,-0.5883539616666666
Papua New Guinea,1986,0.58030283,-0.4093685198333334
Papua New Guinea,1987,0.6425246,-0.30760018275
Papua New Guinea,1988,0.5922671,-0.0730311075
Papua New Guinea,1989,0.5356966,-0.3167465533333333
Papua New Guinea,1990,0.5529239,-0.2634514204166666
Papua New Guinea,1991,0.5393338,-0.3397801709166666
Papua New Guinea,1992,0.5258598,-0.3957994786666667
Papua New Guinea,1993,0.50709563,-0.4240174313333333
Papua New Guinea,1994,0.48791394,-0.4326003408333334
Papua New Guinea,1995,0.44338232,-0.123178165775
Papua New Guinea,1996,0.455,-0.0277349148333333
Papua New Guinea,1997,0.52423495,-0.3244465225833333
Papua New Guinea,1998,0.68376017,0.3707981121666666
Papua New Guinea,1999,0.47710252,-0.0772520694999999
Papua New Guinea,2000,0.5305916,-0.05087963775
Papua New Guinea,2001,0.5823571,-0.0298072504583333
Papua New Guinea,2002,0.61824167,-0.0251247084166666
Papua New Guinea,2003,0.6624985,-0.03886731425
Papua New Guinea,2004,0.7418497,-0.1608964593333333
Papua New Guinea,2005,0.76197547,0.0106798808333333
Papua New Guinea,2006,0.74854517,-0.0274144806666666
Papua New Guinea,2007,0.9451109,0.0549294145833333
Papua New Guinea,2008,0.7719096,-0.1205790825083333
Papua New Guinea,2009,0.71082157,-0.0537069665833333
Papua New Guinea,2010,0.6176374,0.3824796706666666
Papua New Guinea,2011,0.67416006,-0.0964543033333333
Papua New Guinea,2012,0.5415071,0.0018486970833333
Papua New Guinea,2013,0.5458278,0.1446301139166666
Papua New Guinea,2014,0.7181674,0.0711379059166666
Papua New Guinea,2015,0.7232427,0.0729487741416666
Papua New Guinea,2016,0.78419894,0.520801863
Papua New Guinea,2017,0.7132269,0.25734965125
Papua New Guinea,2018,0.80816054,0.2619943635
Papua New Guinea,2019,0.83106965,0.1003395688333333
Papua New Guinea,2020,0.8014462,0.4986047725
Papua New Guinea,2021,0.81192154,0.4795611651666667
Papua New Guinea,2022,0.80373335,0.6772775625
Papua New Guinea,2023,0.8009956,0.46167167
Paraguay,1940,0.0023547916,-1.3682565621666667
Paraguay,1941,0.0016370127,-0.9137805458333332
Paraguay,1942,0.00031804602,-0.5720852241666666
Paraguay,1943,0.00092986366,0.1680126158333332
Paraguay,1944,0.0,0.9155578691666668
Paraguay,1945,0.00029208377,-0.3109345433333333
Paraguay,1946,0.0,-1.1435510283333332
Paraguay,1947,0.0002759641,-1.3404769845000002
Paraguay,1948,0.0002682409,-0.3576569596666667
Paraguay,1949,0.0005238044,-1.3352613683333334
Paraguay,1950,0.04166046,-1.2370246208333333
Paraguay,1951,0.031220617,-0.6544500887500001
Paraguay,1952,0.06546285,-1.05036848
Paraguay,1953,0.07518197,-0.4601149541666667
Paraguay,1954,0.111357465,-1.1434931825
Paraguay,1955,0.11322297,-1.483682245
Paraguay,1956,0.11497386,-1.9623608091666669
Paraguay,1957,0.12075042,-1.1815864175
Paraguay,1958,0.13435933,-0.8046434808333333
Paraguay,1959,0.1651636,-0.638461424
Paraguay,1960,0.16143201,-1.0772662283333334
Paraguay,1961,0.18817294,0.44635916
Paraguay,1962,0.19866858,-1.716540888
Paraguay,1963,0.2029366,0.3004997662499999
Paraguay,1964,0.20851345,-1.0110114358333333
Paraguay,1965,0.25856432,-1.1939174300000002
Paraguay,1966,0.23551501,-0.4786826833333333
Paraguay,1967,0.21850449,-0.13809648
Paraguay,1968,0.25842488,-0.394305065
Paraguay,1969,0.22276236,0.0980915908333333
Paraguay,1970,0.31132352,-0.1821886774583333
Paraguay,1971,0.25935194,-1.32145372
Paraguay,1972,0.28552392,-0.1005066269166666
Paraguay,1973,0.33870313,-0.4126165816666667
Paraguay,1974,0.36222264,-1.1740592266666667
Paraguay,1975,0.31077698,-0.7957436166666666
Paraguay,1976,0.3733393,-1.3761572883333333
Paraguay,1977,0.4077454,0.0492598175
Paraguay,1978,0.50141126,0.1101396852083333
Paraguay,1979,0.4456814,-0.66040356875
Paraguay,1980,0.48653063,-0.6679269474999999
Paraguay,1981,0.44083843,-0.5787769925
Paraguay,1982,0.42230758,-0.5636642733333334
Paraguay,1983,0.42432478,-1.300570315
Paraguay,1984,0.43658984,-0.5681603708333334
Paraguay,1985,0.44088745,-0.4105919266666666
Paraguay,1986,0.4581674,-0.1025721075
Paraguay,1987,0.5051722,-0.7048726241666666
Paraguay,1988,0.56111306,-0.8027437469166667
Paraguay,1989,0.56608015,-1.0093615833333334
Paraguay,1990,0.5291874,-0.6916705930833333
Paraguay,1991,0.5075479,-0.1283133836666667
Paraguay,1992,0.6065367,-1.208715048333333
Paraguay,1993,0.66796505,-0.45229943875
Paraguay,1994,0.76135033,0.4099423091666667
Paraguay,1995,0.85968494,-0.147282595
Paraguay,1996,0.7933459,-0.6367238241666667
Paraguay,1997,0.8610053,0.2477444066666666
Paraguay,1998,0.8946799,-0.7019917166666666
Paraguay,1999,0.87464637,-0.42881871
Paraguay,2000,0.70697063,-0.4731060565
Paraguay,2001,0.71236783,0.1714299505
Paraguay,2002,0.7331409,0.6939244273333333
Paraguay,2003,0.7568888,0.1052409849999999
Paraguay,2004,0.7537503,-0.2895795475
Paraguay,2005,0.6938069,-0.1648635845833334
Paraguay,2006,0.7100126,0.4841778955916667
Paraguay,2007,0.7269866,-0.1139341966666666
Paraguay,2008,0.76207966,-0.2842990725
Paraguay,2009,0.79903835,0.214612965
Paraguay,2010,0.87519336,-0.3409671775
Paraguay,2011,0.8940832,-0.1572655070833333
Paraguay,2012,0.8772793,0.4624246
Paraguay,2013,0.86456096,-0.1130352111666666
Paraguay,2014,0.89924765,0.5333412465333334
Paraguay,2015,0.98245853,0.8193880708333333
Paraguay,2016,1.1511079,-0.4631118708333333
Paraguay,2017,1.2514546,0.6030611965
Paraguay,2018,1.3070389,-0.1914064041666666
Paraguay,2019,1.2483938,0.5990705573333334
Paraguay,2020,1.1171713,0.9513703966666668
Paraguay,2021,1.2168084,0.21099504575
Paraguay,2022,1.1992521,0.1347351019999999
Paraguay,2023,1.189241,1.4176109658333331
Peru,1940,0.82347053,-0.7652436891666666
Peru,1941,0.80147743,-0.9702598391666668
Peru,1942,0.9056878,-1.6142032808333333
Peru,1943,0.9603511,-1.587270016666667
Peru,1944,0.9324829,-0.874824675
Peru,1945,0.88305163,-1.036203382
Peru,1946,0.7885879,-1.2283196383333337
Peru,1947,0.801082,-1.0368264566666667
Peru,1948,0.8589221,-0.7612810150000001
Peru,1949,0.8767163,-1.153255145833333
Peru,1950,0.592052,-1.3929392433333332
Peru,1951,0.604636,-1.0916431766666668
Peru,1952,0.6390271,-1.1121786433333334
Peru,1953,0.66058725,-0.925091575
Peru,1954,0.7266552,-1.3227675775
Peru,1955,0.6941772,-1.3311827916666668
Peru,1956,0.6955307,-1.680963675
Peru,1957,0.71499187,-0.6513339683333333
Peru,1958,0.76775306,-0.442820073
Peru,1959,0.73007107,-0.6222318033333334
Peru,1960,0.8024923,-0.6155478133333333
Peru,1961,0.82420754,-0.6405038866666667
Peru,1962,0.9235033,-0.7545946474999999
Peru,1963,0.9208354,-0.4892562229166666
Peru,1964,1.0721779,-0.6997470899999999
Peru,1965,1.016196,-0.5604020805833333
Peru,1966,1.0941881,-0.4830582966666667
Peru,1967,1.095718,-0.9221555325
Peru,1968,1.1314206,-0.9853231183333334
Peru,1969,1.1609033,-0.2395590170833333
Peru,1970,1.3158721,-0.5766069083333333
Peru,1971,1.3434528,-1.092290085
Peru,1972,1.2771186,-0.252419152
Peru,1973,1.352472,-0.5224374125
Peru,1974,1.425812,-1.024742135
Peru,1975,1.4299835,-1.118573825833333
Peru,1976,1.4252537,-0.8638164108333334
Peru,1977,1.4460776,-0.5145058658333334
Peru,1978,1.3570279,-0.6173208541666667
Peru,1979,1.3120627,-0.3467168767916666
Peru,1980,1.3861431,-0.31212917875
Peru,1981,1.3499131,-0.5916000983333333
Peru,1982,1.2934077,-0.3720496489
Peru,1983,1.0901823,0.3873542075
Peru,1984,1.0760268,-0.7886358800000001
Peru,1985,0.99014986,-0.8691709799999999
Peru,1986,1.082418,-0.77192434
Peru,1987,1.24834,-0.02438147845
Peru,1988,1.1882474,-0.304551279225
Peru,1989,1.0106617,-0.6575488983333334
Peru,1990,0.9721128,-0.4757747591666666
Peru,1991,0.9232403,-0.29070440775
Peru,1992,0.9145607,-0.153332715
Peru,1993,1.0201173,-0.38119347975
Peru,1994,1.0123574,-0.3253542589166666
Peru,1995,1.0326171,0.0143860202499999
Peru,1996,0.99621,-0.45117235
Peru,1997,1.0978501,0.2246729525
Peru,1998,1.0902984,0.5681489308333333
Peru,1999,1.12892,-0.5238437666666667
Peru,2000,1.0781721,-0.4090542795
Peru,2001,0.9425646,-0.3787582678333333
Peru,2002,0.9322508,-0.08123127565
Peru,2003,0.89467776,-0.0626166665833333
Peru,2004,1.0173057,-0.1263368916666666
Peru,2005,1.079,0.1413958866083333
Peru,2006,0.9955102,-0.0155518847191666
Peru,2007,1.2024245,-0.1245096505
Peru,2008,1.2291042,-0.1256321271666667
Peru,2009,1.367324,0.1230993263333333
Peru,2010,1.461361,0.3829552329999999
Peru,2011,1.4391557,-0.1422944084166666
Peru,2012,1.5400403,0.0015095088333333
Peru,2013,1.4428895,-0.0080736465333333
Peru,2014,1.6399497,0.1050308541333333
Peru,2015,1.6162785,0.494087219
Peru,2016,1.7084166,0.6162619613333333
Peru,2017,1.7513058,0.2328484808333333
Peru,2018,1.7508639,-0.1030618364
Peru,2019,1.7986559,0.2328235307499999
Peru,2020,1.4289497,0.5654993075
Peru,2021,1.568856,0.2113080048333333
Peru,2022,1.6368144,0.0900731091666666
Peru,2023,1.6505452,0.8735545433333334
Philippines,1940,0.007857779,-1.701234658333333
Philippines,1941,0.0061382786,-1.42542695
Philippines,1945,0.00089164276,-1.3695993375000002
Philippines,1946,0.0067858035,-1.4613831833333333
Philippines,1947,0.01153048,-1.3223271375
Philippines,1948,0.012302836,-1.49446265
Philippines,1949,0.017680068,-1.018901654166667
Philippines,1950,0.19120882,-0.8788534708333334
Philippines,1951,0.181563,-0.7547019416666667
Philippines,1952,0.19928154,-0.6273640025
Philippines,1953,0.19083796,-0.597294495
Philippines,1954,0.24246022,-0.6719973858333333
Philippines,1955,0.28913578,-0.8922382991666667
Philippines,1956,0.26243424,-1.1252012283333337
Philippines,1957,0.27114648,-0.7565236058333333
Philippines,1958,0.29253826,-0.6266611441666666
Philippines,1959,0.26855382,-0.5800487225000001
Philippines,1960,0.29847646,-0.475533805
Philippines,1961,0.3025963,-0.6862365425
Philippines,1962,0.34773564,-0.7711969966666666
Philippines,1963,0.37398303,-0.9076315533333332
Philippines,1964,0.40523416,-1.2344377800000002
Philippines,1965,0.42803147,-1.496783091666667
Philippines,1966,0.47904462,-0.9648640891666668
Philippines,1967,0.52594477,-0.9182441933333334
Philippines,1968,0.6235648,-0.7067882178333335
Philippines,1969,0.6227223,-0.406939502125
Philippines,1970,0.65789485,-0.39561701
Philippines,1971,0.715282,-0.903909685
Philippines,1972,0.6701436,-0.7321527775000001
Philippines,1973,0.7817856,-0.2515829398333333
Philippines,1974,0.740567,-0.7368831691666666
Philippines,1975,0.77117395,-0.6537043225
Philippines,1976,0.8116913,-0.8355356858333334
Philippines,1977,0.82663643,-0.4949102421666667
Philippines,1978,0.82018745,-0.3836526916666666
Philippines,1979,0.81250614,-0.3686610879166667
Philippines,1980,0.76739645,-0.4149387725
Philippines,1981,0.7002036,-0.5041146280833333
Philippines,1982,0.68720925,-0.6204558983333334
Philippines,1983,0.67514825,-0.21293624175
Philippines,1984,0.57386005,-0.5981291166666667
Philippines,1985,0.50530046,-0.5175746291666666
Philippines,1986,0.51239693,-0.4707929275
Philippines,1987,0.5587551,-0.0659375191666666
Philippines,1988,0.6274745,0.0018065816666666
Philippines,1989,0.63505113,-0.4069027903333333
Philippines,1990,0.6508599,-0.1540934251833333
Philippines,1991,0.66838676,-0.2426012363333333
Philippines,1992,0.7270865,-0.293989974
Philippines,1993,0.7189008,-0.2773671159166667
Philippines,1994,0.7786311,-0.2604618054166667
Philippines,1995,0.84376806,-0.3749567685583333
Philippines,1996,0.8424188,-0.5087194483333333
Philippines,1997,0.9419096,-0.4790069222499999
Philippines,1998,0.89468807,0.353102685
Philippines,1999,0.87113464,-0.4600081425
Philippines,2000,0.9030095,-0.3397819163333333
Philippines,2001,0.86169255,-0.1474362996666667
Philippines,2002,0.8435083,-0.0322210006666666
Philippines,2003,0.82740444,-0.1206989292666666
Philippines,2004,0.84105927,-0.0608882888333333
Philippines,2005,0.8312165,0.04284715515
Philippines,2006,0.74047565,0.1636438364166666
Philippines,2007,0.77347296,0.1527531940833333
Philippines,2008,0.83042014,-0.1023424463166666
Philippines,2009,0.80426943,0.0223218586666666
Philippines,2010,0.85738873,0.3742534328333333
Philippines,2011,0.8489691,-0.1224438344166666
Philippines,2012,0.8796461,0.1045428943333333
Philippines,2013,0.935763,0.1923050880833333
Philippines,2014,0.97125316,0.026165327
Philippines,2015,1.0620909,0.2398211125
Philippines,2016,1.1335168,0.6018913566666667
Philippines,2017,1.2434982,0.2176804525
Philippines,2018,1.2861164,0.3398253108333333
Philippines,2019,1.2953051,0.4522045453333334
Philippines,2020,1.1797879,0.5395679466666666
Philippines,2021,1.248213,0.3360985116666666
Philippines,2022,1.2714316,0.30611483
Philippines,2023,1.3454357,0.529417834
Poland,1940,5.790387,-3.3463951583333333
Poland,1941,5.756054,-2.8109478783333333
Poland,1942,6.4314394,-2.5330979741666666
Poland,1943,7.13858,-0.70936035
Poland,1944,6.9538517,-1.0437562125
Poland,1945,2.2291417,-1.1683491858333337
Poland,1946,3.9965856,-0.9322516979166668
Poland,1947,3.5651448,-1.833145853416667
Poland,1948,3.5295322,-0.7817720033333333
Poland,1949,4.2344003,-0.505582655
Poland,1950,4.5247116,-0.6571328974999999
Poland,1951,4.842167,-0.4100520425
Poland,1952,4.987547,-1.6175747979166666
Poland,1953,5.3276763,-0.5583919308333334
Poland,1954,5.5496855,-1.9087645441666663
Poland,1955,5.697778,-1.6119930683333334
Poland,1956,6.043726,-2.7456549115000004
Poland,1957,6.364141,-0.7038550058333334
Poland,1958,6.1701255,-1.1801409670833334
Poland,1959,6.510263,-0.487460095
Poland,1960,6.747958,-0.9610897033333332
Poland,1961,6.912538,-0.4225161041666667
Poland,1962,7.1397867,-1.8698230783333336
Poland,1963,7.5307755,-1.90436763125
Poland,1964,7.836601,-1.475937185
Poland,1965,7.8937144,-2.076850663333333
Poland,1966,7.996363,-0.6548285558333333
Poland,1967,8.13814,-0.0336624391666666
Poland,1968,8.597733,-0.8004136565
Poland,1969,9.076128,-1.93480439175
Poland,1970,9.346012,-1.7010283791666667
Poland,1971,9.547417,-0.5924173083333334
Poland,1972,9.972368,-0.9471504183333334
Poland,1973,10.067729,-0.8887682450000001
Poland,1974,10.291667,-0.4959279341666666
Poland,1975,11.034518,0.13891785425
Poland,1976,11.608125,-1.6673737358333334
Poland,1977,12.069693,-0.7568423244166667
Poland,1978,12.333771,-1.6884699381666668
Poland,1979,12.519986,-1.568077808333333
Poland,1980,13.023471,-2.2326054125
Poland,1981,11.392399,-1.00273767875
Poland,1982,11.618296,-0.4436164966666666
Poland,1983,11.511667,0.1610570333333333
Poland,1984,11.71816,-1.0186942066666669
Poland,1985,11.94888,-2.1307441525
Poland,1986,12.064559,-1.3506734766666666
Poland,1987,12.311815,-2.279434416416667
Poland,1988,11.746579,-0.4973165083333333
Poland,1989,11.128015,0.5658378649166667
Poland,1990,9.897181,0.3520942974999999
Poland,1991,9.792775,-0.9711676466666668
Poland,1992,9.53378,-0.1170990691666667
Poland,1993,9.535878,-0.9903728598333332
Poland,1994,9.394324,0.10210120025
Poland,1995,9.451792,-0.5504512791666667
Poland,1996,9.835612,-2.1028289858333333
Poland,1997,9.576329,-0.8205626716666666
Poland,1998,8.847068,-0.4468681008333333
Poland,1999,8.599789,0.2314389208333332
Poland,2000,8.297664,0.8251704695000001
Poland,2001,8.196672,-0.4862851244583333
Poland,2002,8.007536,0.4221253825
Poland,2003,8.348745,-0.4384434258333333
Poland,2004,8.483558,-0.4095453341666666
Poland,2005,8.466207,-0.4021278183333334
Poland,2006,8.84075,-0.025455455
Poland,2007,8.835377,0.61211888
Poland,2008,8.673726,0.6820312641666666
Poland,2009,8.316455,-0.1837773941666667
Poland,2010,8.773324,-1.21360263
Poland,2011,8.731056,0.1612774222499999
Poland,2012,8.522221,-0.2467262399999999
Poland,2013,8.4143715,-0.23360793
Poland,2014,8.090834,0.90640262
Poland,2015,8.173159,1.0654202691666663
Poland,2016,8.456034,0.4902228552499999
Poland,2017,8.803233,0.224345971
Poland,2018,8.788192,1.1052233958333335
Poland,2019,8.311783,1.5422002775
Poland,2020,7.92311,1.2688414124166667
Poland,2021,8.700768,-0.1210990361666666
Poland,2022,8.207285,0.7912372503333334
Poland,2023,7.4628654,1.3719095208333334
Portugal,1940,0.50935525,-0.7894911376666668
Portugal,1941,0.48880404,-0.5578804891666667
Portugal,1942,0.38729438,-0.8639044023333334
Portugal,1943,0.3729306,-0.14460112
Portugal,1944,0.40758967,-0.471992245
Portugal,1945,0.4151064,0.4535948375833333
Portugal,1946,0.4793121,-0.9136689525
Portugal,1947,0.6763992,-0.0593132708333333
Portugal,1948,0.6349517,-0.0795357189166666
Portugal,1949,0.66131324,-0.0995132891666666
Portugal,1950,0.66734505,-0.4618880745833333
Portugal,1951,0.63658124,-1.0168396630833334
Portugal,1952,0.62770456,-0.8670766416666668
Portugal,1953,0.69160265,-0.3062684149999999
Portugal,1954,0.6718911,-0.92253107
Portugal,1955,0.74573094,0.22995915175
Portugal,1956,0.8229137,-1.797620305833333
Portugal,1957,0.89006585,-0.7093268566666667
Portugal,1958,0.85919917,-0.7001538350000001
Portugal,1959,0.90264696,-0.5675508135833334
Portugal,1960,0.92565495,-0.7122782845833333
Portugal,1961,1.0213417,0.31840244
Portugal,1962,1.04431,-0.5465563120833333
Portugal,1963,1.1251181,-0.80374781
Portugal,1964,1.2373854,-0.5730918958333334
Portugal,1965,1.302926,-0.68586997
Portugal,1966,1.3339186,-0.5072618991666666
Portugal,1967,1.400848,-0.8745517458333333
Portugal,1968,1.4747862,-0.4981419308333333
Portugal,1969,1.6669513,-1.136073036
Portugal,1970,1.7574873,-0.7665778
Portugal,1971,1.8853981,-1.409683595625
Portugal,1972,2.076709,-1.7259432598333333
Portugal,1973,2.2311966,-0.8950401896666667
Portugal,1974,2.278911,-1.1396287241666667
Portugal,1975,2.316992,-1.1751415708333333
Portugal,1976,2.3979864,-0.9600575366666666
Portugal,1977,2.3950698,-1.1505865191666669
Portugal,1978,2.3633275,-2.3783254825
Portugal,1979,2.5721793,-0.8975764165000001
Portugal,1980,2.7421827,-0.7196079175
Portugal,1981,2.7446344,-0.0548811143333333
Portugal,1982,2.933489,-0.5613100466666666
Portugal,1983,3.012696,-0.5944926683333334
Portugal,1984,2.891862,-0.9394030533333332
Portugal,1985,2.7185588,-0.35434079125
Portugal,1986,3.0242167,-0.7943371991666667
Portugal,1987,3.1192303,0.1438905337499999
Portugal,1988,3.255278,-0.4430360733333334
Portugal,1989,4.081676,0.5197047491666666
Portugal,1990,4.5358334,0.1363998208333333
Portugal,1991,4.7276773,-0.2340435971666666
Portugal,1992,5.1159673,-0.4817255366666667
Portugal,1993,4.9606266,-1.1141054771666667
Portugal,1994,5.0250382,-0.271025732975
Portugal,1995,5.433039,0.8947811191083334
Portugal,1996,5.1451435,-0.2638230268916666
Portugal,1997,5.407169,0.6323223152166666
Portugal,1998,5.8281217,0.102299685
Portugal,1999,6.547143,-0.3659227623333334
Portugal,2000,6.3848715,-0.2022611696666666
Portugal,2001,6.2956705,-0.1319185455
Portugal,2002,6.68226,-0.1052332791666667
Portugal,2003,6.168032,0.2038346058333333
Portugal,2004,6.421135,-0.0973902583333333
Portugal,2005,6.6304755,-0.0855724466666666
Portugal,2006,6.1626186,0.3593902975
Portugal,2007,5.914588,-0.425473451
Portugal,2008,5.680537,-0.5077010825
Portugal,2009,5.4033346,0.2930177119166666
Portugal,2010,4.99969,0.00075786
Portugal,2011,4.9051404,0.4174117986666666
Portugal,2012,4.749493,-0.3816906583333333
Portugal,2013,4.603662,-0.19155193
Portugal,2014,4.607115,0.0156098220833333
Portugal,2015,5.03683,0.3552491566666667
Portugal,2016,4.8626833,0.2490096133333333
Portugal,2017,5.339881,0.7616820340833333
Portugal,2018,4.97228,-0.1797982866666666
Portugal,2019,4.600439,0.115594145
Portugal,2020,4.024724,0.6382748316666667
Portugal,2021,3.8768623,0.1154206933333333
Portugal,2022,3.9058208,1.0517494715
Portugal,2023,3.5690997,0.9615777315
Qatar,1949,11.039423,-1.7482097133333332
Qatar,1950,14.495343,-1.4570474633333337
Qatar,1951,15.504971,-0.7241190366666667
Qatar,1952,7.507616,-0.7092129333333334
Qatar,1953,13.712062,-0.4810864066666667
Qatar,1954,22.040297,-0.5383809466666666
Qatar,1955,14.6467495,-1.0866007750000002
Qatar,1956,17.137161,-1.164604821666667
Qatar,1957,10.174786,-1.2016139880833334
Qatar,1958,5.2750773,-0.7193381966666667
Qatar,1959,5.4473553,-1.6629982816666666
Qatar,1960,4.887913,-0.7657184516666667
Qatar,1961,4.064952,-1.0849011733333334
Qatar,1962,4.271258,-0.5489090325
Qatar,1963,121.81074,-0.8712902116666666
Qatar,1964,110.29194,-1.662864916333333
Qatar,1965,98.179634,-0.9102988175
Qatar,1966,86.928604,-0.5275754956666666
Qatar,1967,82.08325,-1.3348639833333331
Qatar,1968,77.13895,-1.2702941875
Qatar,1969,69.58719,-0.9082886458333332
Qatar,1970,64.9995,-1.0086733508333332
Qatar,1971,69.6417,-1.413031735
Qatar,1972,73.56784,-1.835995063333333
Qatar,1973,76.98649,-1.100372629166667
Qatar,1974,59.08926,-1.2682991133333334
Qatar,1975,56.70571,-1.2883783983333337
Qatar,1976,49.636612,-1.599413317166667
Qatar,1977,44.023304,-0.8445750983333333
Qatar,1978,43.507774,-0.9986413354166668
Qatar,1979,55.455875,-0.5480287823333333
Qatar,1980,47.419594,-0.6025449294999999
Qatar,1981,43.747967,-0.581963855
Qatar,1982,39.598297,-1.736237055
Qatar,1983,34.102676,-1.7104114783333333
Qatar,1984,35.354008,-1.0756786683333333
Qatar,1985,33.828297,-0.8904444480533332
Qatar,1986,34.695988,-0.7908010408333334
Qatar,1987,28.895706,-0.5465869833333333
Qatar,1988,28.9321,-0.5369536925
Qatar,1989,33.580986,-1.1464362958333334
Qatar,1990,25.926699,-0.6354278764166666
Qatar,1991,38.215057,-1.3575212166666668
Qatar,1992,57.027252,-1.780562083333333
Qatar,1993,63.33085,-0.8694237116666667
Qatar,1994,64.761955,-0.4850297025
Qatar,1995,64.43419,-0.936499585
Qatar,1996,65.07514,-0.2895305977499999
Qatar,1997,76.63038,-0.8702559501666666
Qatar,1998,63.545456,0.5158594439166667
Qatar,1999,59.183323,0.5644737941666668
Qatar,2000,62.50843,-0.0708095166666666
Qatar,2001,67.58862,0.0842687283333333
Qatar,2002,63.369778,0.0906818691166666
Qatar,2003,62.465782,0.1389376333333333
Qatar,2004,61.193222,0.0814439483333333
Qatar,2005,57.610874,-0.1985648525
Qatar,2006,61.29773,0.2980478565
Qatar,2007,49.13586,0.3994002433333333
Qatar,2008,43.19698,0.1639978931666666
Qatar,2009,41.030083,0.3287131816666667
Qatar,2010,42.956566,0.8162221780833333
Qatar,2011,45.001236,0.0733302433333333
Qatar,2012,48.9341,0.2211624783333333
Qatar,2013,40.739937,-0.51091304725
Qatar,2014,41.10213,-0.0826638538333333
Qatar,2015,37.570503,0.714562425
Qatar,2016,33.61831,0.124667805775
Qatar,2017,36.98701,0.5878731393333333
Qatar,2018,34.575947,0.9614547175
Qatar,2019,36.105545,0.67648840125
Qatar,2020,36.56411,0.6101899199999999
Qatar,2021,37.032436,1.052968825
Qatar,2022,36.70004,0.8688542008333333
Qatar,2023,38.842007,0.9905624508333334
Romania,1940,1.5148817,-3.041166955
Romania,1941,1.4174976,-2.203700466666666
Romania,1942,1.4818316,-1.7941205333333334
Romania,1943,1.3804041,-0.5582744585833334
Romania,1944,0.9378902,-0.6301627016666667
Romania,1945,1.1745869,-1.1039742091666669
Romania,1946,1.0823876,-0.1318777041666667
Romania,1947,1.0105662,-0.8053366999999999
Romania,1948,1.4413784,-0.9884132933333332
Romania,1949,1.4189986,-1.00465918
Romania,1950,1.1841389,-0.0736565441666666
Romania,1951,1.3535395,-0.0877426616666666
Romania,1952,1.5808628,-0.4671139983333333
Romania,1953,1.7955009,-1.3882926083333336
Romania,1954,1.9404188,-2.0001113258333336
Romania,1955,2.1048322,-1.2675266416666666
Romania,1956,2.3050218,-2.361996701666667
Romania,1957,2.5677364,-0.80068326
Romania,1958,2.7592893,-0.5294066570833333
Romania,1959,2.7844872,-1.2507192916666667
Romania,1960,2.9155693,-0.3794513283333334
Romania,1961,3.0243528,-0.3593303791666666
Romania,1962,3.447174,-0.89589441
Romania,1963,3.736701,-1.1571761
Romania,1964,3.8614674,-1.3888137583333335
Romania,1965,4.2022576,-1.6100117550000002
Romania,1966,4.4785757,-0.0147124408333333
Romania,1967,4.843997,-0.6958635416666666
Romania,1968,5.16912,-0.4740794595833333
Romania,1969,5.660785,-1.485340305
Romania,1970,5.9956026,-0.8589059225
Romania,1971,6.192152,-0.8475340008333333
Romania,1972,6.4317436,-0.7224524110833332
Romania,1973,6.956864,-1.246254365
Romania,1974,7.1603723,-0.8082520716666667
Romania,1975,7.6105647,-0.3068819991666666
Romania,1976,8.106687,-1.7899027133333334
Romania,1977,8.194999,-0.6912030008333333
Romania,1978,8.836824,-1.6296902075000002
Romania,1979,8.870448,-0.7613626997499999
Romania,1980,8.8381405,-1.8855998258333333
Romania,1981,8.859373,-0.8897338608333333
Romania,1982,8.709817,-0.9050691833333332
Romania,1983,8.889906,-0.45176853
Romania,1984,8.357315,-1.1120212908333331
Romania,1985,8.557355,-1.951168746166667
Romania,1986,8.867581,-0.8061823775
Romania,1987,9.277457,-1.396011595
Romania,1988,9.273031,-0.89371701
Romania,1989,9.304861,-0.1297065475
Romania,1990,7.69614,0.0428813320416666
Romania,1991,6.199681,-1.3640952079166666
Romania,1992,5.764154,-0.5602926408333334
Romania,1993,5.3742337,-1.209771035
Romania,1994,5.3155427,0.6306792611666666
Romania,1995,5.550701,-0.7485516275
Romania,1996,5.731064,-1.307755545
Romania,1997,5.2729044,-1.29989032625
Romania,1998,4.706115,-0.6657430083333334
Romania,1999,4.016681,0.0622864808333333
Romania,2000,4.2339816,0.4929246908333333
Romania,2001,4.516057,-0.1611265991666666
Romania,2002,4.5612593,0.2678217624999999
Romania,2003,4.8087034,-0.6526968166666667
Romania,2004,4.8269043,-0.432363655
Romania,2005,4.7783093,-0.8043600791666666
Romania,2006,4.959297,-0.4715594433333334
Romania,2007,5.1934915,0.9147371049166668
Romania,2008,5.1609073,0.5222180166666667
Romania,2009,4.2633257,0.5523966275833333
Romania,2010,4.125176,-0.0157158530833333
Romania,2011,4.5479193,-0.3309311689999999
Romania,2012,4.4468966,0.4546415704166667
Romania,2013,3.917578,0.4404239116666666
Romania,2014,3.960944,0.6136804675
Romania,2015,3.9156525,0.9716694475
Romania,2016,3.8586328,0.4433970466666665
Romania,2017,4.0203547,0.4043603122499999
Romania,2018,4.0636744,0.8178256595
Romania,2019,3.9205754,1.34809830875
Romania,2020,3.8009787,1.0876926995
Romania,2021,4.0144405,0.0809999605833333
Romania,2022,3.8083065,0.9174644025
Romania,2023,3.569303,1.5916082625
Russia,1940,3.1827908,-1.5218349283333332
Russia,1941,2.7705793,-2.3818398958333336
Russia,1942,1.4924597,-1.4464125233333334
Russia,1943,1.5433649,-0.0748944016666666
Russia,1944,2.2176864,-0.3336958275
Russia,1945,2.3263824,-1.4050357333333334
Russia,1946,2.5905159,-1.9517599916666668
Russia,1947,3.0908506,-1.214982525833333
Russia,1948,3.2588692,-0.4624639788333333
Russia,1949,3.670613,-0.8127826416666667
Russia,1950,4.014427,-1.486593835
Russia,1951,4.2904673,-0.9509110045
Russia,1952,4.5304,-2.1131205305833336
Russia,1953,4.7251263,-0.6681374133333332
Russia,1954,5.0845823,-1.2970823491666663
Russia,1955,5.6773663,-1.5579494374999998
Russia,1956,6.1283092,-1.6898994375
Russia,1957,6.599831,-1.211939661666667
Russia,1958,6.932269,-2.081632106666667
Russia,1959,7.18329,-0.775777837
Russia,1960,7.3765645,-1.8722701091666665
Russia,1961,7.5028048,-0.9504907816666668
Russia,1962,7.7782164,-0.4326529953333333
Russia,1963,8.252118,-1.016928901166667
Russia,1964,8.693884,-1.7045546411666666
Russia,1965,9.149498,-1.8500400366666667
Russia,1966,9.594186,-2.2934473
Russia,1967,9.968936,-0.38422604725
Russia,1968,10.19173,-1.6336852166666669
Russia,1969,10.556996,-2.7598604440833334
Russia,1970,11.05166,-1.5251274533333332
Russia,1971,11.6725645,-0.98653220225
Russia,1972,12.212095,-1.6747004941666666
Russia,1973,12.655912,-0.8166166386666666
Russia,1974,13.060548,-1.7127606841666667
Russia,1975,13.638778,-0.1361171725
Russia,1976,14.06501,-1.96366279
Russia,1977,14.440757,-1.6039414960833334
Russia,1978,14.834401,-1.3555138991666666
Russia,1979,14.866545,-1.878933966666667
Russia,1980,15.367172,-1.3854469575
Russia,1981,14.990318,-0.1610141637499999
Russia,1982,15.17533,-1.1071604791666667
Russia,1983,15.272579,0.0615355539166666
Russia,1984,15.28566,-1.2860935383333334
Russia,1985,16.358198,-1.5299699333333334
Russia,1986,16.221008,-0.9008617625
Russia,1987,16.13386,-2.3139968875
Russia,1988,16.536795,-0.3157460368333333
Russia,1989,16.217937,-0.0838624983333333
Russia,1990,17.024141,-0.0522645116666666
Russia,1991,16.10426,-0.2661389185833333
Russia,1992,13.205468,-0.933334135
Russia,1993,12.601507,-0.6800535658333334
Russia,1994,11.117793,-0.923383345
Russia,1995,10.922601,0.81310820625
Russia,1996,10.715651,-0.9103789841666666
Russia,1997,10.025074,-0.4412920033333334
Russia,1998,9.924805,-1.3768448091666663
Russia,1999,10.147781,-0.8876036133333334
Russia,2000,10.081552,-0.6628657591666667
Russia,2001,10.372815,-0.5825050591666666
Russia,2002,10.324747,-0.1977383416666667
Russia,2003,10.542385,0.1311774824999999
Russia,2004,10.634773,-0.4773275475
Russia,2005,10.806364,0.5143622415000001
Russia,2006,11.262799,-0.7052092633333333
Russia,2007,11.287254,1.0426635208333332
Russia,2008,11.487685,0.7049250714166666
Russia,2009,10.739168,-0.6361770616666667
Russia,2010,11.343939,-0.5671630475
Russia,2011,11.704153,0.586551375
Russia,2012,11.79054,0.0907098499999999
Russia,2013,11.344339,0.2473300975
Russia,2014,11.31587,0.0659640641666666
Russia,2015,11.277288,0.8883581774333335
Russia,2016,11.214848,0.70927605
Russia,2017,11.397211,0.90820351
Russia,2018,11.694962,0.3483274369
Russia,2019,11.635815,0.9494688995
Russia,2020,11.15608,2.2475842825
Russia,2021,11.739159,0.0616095691666666
Russia,2022,12.379392,0.9871258925
Russia,2023,12.485692,0.9382239291666666
Rwanda,1950,0.007813445,-1.16280508
Rwanda,1951,0.007537567,-0.9297016575
Rwanda,1952,0.013512411,-0.8216446254166666
Rwanda,1953,0.0120472135,-1.2000570275
Rwanda,1954,0.004850346,-0.890952425
Rwanda,1955,0.005625218,-1.2169990533333337
Rwanda,1956,0.0063437982,-1.363560195
Rwanda,1957,0.0070098927,-0.6518247983333333
Rwanda,1958,0.006782196,-0.3191399599416666
Rwanda,1959,0.025454259,-0.6436610241666666
Rwanda,1960,0.023103656,-0.8086140958333333
Rwanda,1961,0.029450523,-1.1156740241666667
Rwanda,1962,0.026450947,-1.4886919583333331
Rwanda,1963,0.025859326,-1.1595768866666667
Rwanda,1964,0.010987176,-1.314743679166667
Rwanda,1965,0.013914617,-1.0822658483333334
Rwanda,1966,0.012485323,-0.9427529980833332
Rwanda,1967,0.0111044375,-0.9674801908333334
Rwanda,1968,0.014679655,-1.0230449141666669
Rwanda,1969,0.015182747,-0.6696001679166667
Rwanda,1970,0.014727358,-0.7979720408333334
Rwanda,1971,0.015192206,-1.3164784166666668
Rwanda,1972,0.015627377,-1.2834453616666666
Rwanda,1973,0.016022146,-0.7984156616666667
Rwanda,1974,0.016378416,-1.2987124191666666
Rwanda,1975,0.038169343,-1.3599066783333331
Rwanda,1976,0.056358434,-1.2648355008333334
Rwanda,1977,0.054717857,-0.6986819908333334
Rwanda,1978,0.057487387,-0.7230857291666667
Rwanda,1979,0.05718931,-0.4640944805583333
Rwanda,1980,0.09240046,-0.4567955315
Rwanda,1981,0.108716324,-0.5301054341666667
Rwanda,1982,0.10649096,-0.404138417
Rwanda,1983,0.11788792,-0.1198112141666666
Rwanda,1984,0.10378448,-0.79286019
Rwanda,1985,0.09744084,-0.8266965516666667
Rwanda,1986,0.09143402,-0.508943396
Rwanda,1987,0.090588026,0.1278983736666666
Rwanda,1988,0.09935494,-0.2967422835
Rwanda,1989,0.095237255,-0.5736373283333334
Rwanda,1990,0.07102981,-0.2141712525
Rwanda,1991,0.0627264,-0.4770463333333333
Rwanda,1992,0.062406972,-0.4060366971666667
Rwanda,1993,0.06051115,-0.2149020814916666
Rwanda,1994,0.06803627,-0.4722350433333333
Rwanda,1995,0.0801472,-0.258619312
Rwanda,1996,0.06916944,-0.4822030075
Rwanda,1997,0.062220026,-0.1605531368333333
Rwanda,1998,0.059582245,0.1069544168333333
Rwanda,1999,0.061687063,-0.5658024233333333
Rwanda,2000,0.06271487,-0.237969875
Rwanda,2001,0.06303553,-0.6006002383333333
Rwanda,2002,0.061769344,-0.1883912117133333
Rwanda,2003,0.059288487,0.0483450892816666
Rwanda,2004,0.05849742,0.121560732
Rwanda,2005,0.056791726,0.2984677951666666
Rwanda,2006,0.055318397,-0.05500539025
Rwanda,2007,0.056773107,-0.2258094146666666
Rwanda,2008,0.053835906,-0.354844408
Rwanda,2009,0.055490896,0.0437208829166666
Rwanda,2010,0.056309868,0.465380665
Rwanda,2011,0.06086624,-0.2880849858333333
Rwanda,2012,0.066341266,-0.136212983875
Rwanda,2013,0.070517875,0.1885298083333333
Rwanda,2014,0.07301585,0.1919202816666666
Rwanda,2015,0.08334913,0.4996256825833333
Rwanda,2016,0.087953754,0.9344247158333334
Rwanda,2017,0.09466214,0.569988877
Rwanda,2018,0.10309137,0.229676565
Rwanda,2019,0.10744573,0.6032133066666666
Rwanda,2020,0.10499269,0.8224935466666666
Rwanda,2021,0.12420205,0.6267533333333334
Rwanda,2022,0.11286771,0.4551747658333333
Rwanda,2023,0.110374995,0.91974225
Saint Helena,1968,0.6533524,-0.2817640321666667
Saint Helena,1981,1.1400125,-0.4336678191666667
Saint Helena,1982,0.56351894,-0.4842557905
Saint Helena,1983,0.5587921,-0.0245923999999999
Saint Helena,1984,0.5552356,0.2030483897666667
Saint Helena,1985,0.551475,-0.0133136108166666
Saint Helena,1986,0.55006754,0.2049938855833333
Saint Helena,1987,0.5490784,0.20615609275
Saint Helena,1988,1.0996399,0.1465730675833333
Saint Helena,1989,1.1046126,0.00070413
Saint Helena,1990,1.1118191,-0.0423790615
Saint Helena,1991,1.1186079,-0.1467796955
Saint Helena,1992,1.1263449,-0.6789147075
Saint Helena,1993,1.7031299,0.0869468057
Saint Helena,1994,1.7185742,-0.1520007461166666
Saint Helena,1995,1.7375909,0.0258378994166666
Saint Helena,1996,1.7553498,0.0395250325
Saint Helena,1997,1.7706186,-0.2922341033333333
Saint Helena,1998,1.7881894,-0.1765139900833333
Saint Helena,1999,1.8108732,0.0603634519
Saint Helena,2000,1.8307794,0.0023139325833333
Saint Helena,2001,1.8536257,-0.0029884969166666
Saint Helena,2002,1.8828366,-0.1600268691666666
Saint Helena,2003,1.9166521,0.3049186054166666
Saint Helena,2004,1.9482453,-0.3329699841666667
Saint Helena,2005,1.9877034,0.0587027846666666
Saint Helena,2006,2.0306668,-0.16660340625
Saint Helena,2007,2.0720077,-0.2259778984166666
Saint Helena,2008,2.0937142,0.0983680089166666
Saint Helena,2009,2.08103,0.3024237956916666
Saint Helena,2010,2.0700564,0.3116833366666666
Saint Helena,2011,2.0568862,-0.1412102366666666
Saint Helena,2012,2.0400891,-0.43495210125
Saint Helena,2013,2.026175,-0.1048663462583333
Saint Helena,2014,2.018362,0.131558418
Saint Helena,2015,2.0018213,0.270515125
Saint Helena,2016,2.6647272,0.3923972458333333
Saint Helena,2017,2.0021858,0.1381044359166666
Saint Helena,2018,2.0142937,-0.0156939810833333
Saint Helena,2019,2.6916437,0.5632397291666666
Saint Helena,2020,2.0340488,0.2448320424999999
Saint Helena,2021,2.0438824,0.2862927091666666
Saint Helena,2022,1.9994371,0.3015769347499999
Saint Helena,2023,2.105283,0.2584021873333333
Saint Vincent and the Grenadines,1950,0.05944192,-0.8683692574999999
Saint Vincent and the Grenadines,1951,0.05785842,-0.4044639275
Saint Vincent and the Grenadines,1952,0.16870281,-0.2916251836666666
Saint Vincent and the Grenadines,1953,0.10915808,-0.2102932897499999
Saint Vincent and the Grenadines,1954,0.10579199,-0.6287706791666666
Saint Vincent and the Grenadines,1955,0.102379255,-0.6330863616666667
Saint Vincent and the Grenadines,1956,0.09898957,-0.5234926566666667
Saint Vincent and the Grenadines,1957,0.09567704,-0.5767636316666667
Saint Vincent and the Grenadines,1958,0.13864258,0.0464561785
Saint Vincent and the Grenadines,1959,0.13384801,-0.3526120175833333
Saint Vincent and the Grenadines,1960,0.13030027,-0.2794232351666667
Saint Vincent and the Grenadines,1961,0.12804772,-0.4708600075
Saint Vincent and the Grenadines,1962,0.12602758,-0.4382697764166667
Saint Vincent and the Grenadines,1963,0.16560078,-0.2646654456666666
Saint Vincent and the Grenadines,1964,0.2041544,-0.4898648308333334
Saint Vincent and the Grenadines,1965,0.16121438,-0.5090018891666667
Saint Vincent and the Grenadines,1966,0.19907202,-0.2072822258333333
Saint Vincent and the Grenadines,1967,0.19678189,-0.4009467758333333
Saint Vincent and the Grenadines,1968,0.23363125,-0.41854270475
Saint Vincent and the Grenadines,1969,0.30846295,0.17151975625
Saint Vincent and the Grenadines,1970,0.3055402,-0.0915493960833333
Saint Vincent and the Grenadines,1971,0.30269423,-0.522851785
Saint Vincent and the Grenadines,1972,0.37482226,-0.3752662375833333
Saint Vincent and the Grenadines,1973,0.40853065,-0.2868339185833333
Saint Vincent and the Grenadines,1974,0.33132717,-0.7522066433333334
Saint Vincent and the Grenadines,1975,0.32858366,-0.7505586966666667
Saint Vincent and the Grenadines,1976,0.32595286,-0.8040916191666666
Saint Vincent and the Grenadines,1977,0.32340828,-0.4322094883333333
Saint Vincent and the Grenadines,1978,0.3566006,-0.3639035221666666
Saint Vincent and the Grenadines,1979,0.2833638,-0.2938911091666666
Saint Vincent and the Grenadines,1980,0.35170236,-0.185159525
Saint Vincent and the Grenadines,1981,0.3488195,-0.1117876371666666
Saint Vincent and the Grenadines,1982,0.38043818,-0.5297258691666666
Saint Vincent and the Grenadines,1983,0.44595075,-0.1874127383333333
Saint Vincent and the Grenadines,1984,0.61258954,-0.6492250675
Saint Vincent and the Grenadines,1985,0.6079702,-0.7879503625000001
Saint Vincent and the Grenadines,1986,0.60365754,-0.6695777583333333
Saint Vincent and the Grenadines,1987,0.6996245,-0.0048413305166666
Saint Vincent and the Grenadines,1988,0.59613854,-0.2742225329166667
Saint Vincent and the Grenadines,1989,0.6916874,-0.5934313141666666
Saint Vincent and the Grenadines,1990,0.7212018,-0.3059480951
Saint Vincent and the Grenadines,1991,0.7511543,-0.4640596675
Saint Vincent and the Grenadines,1992,0.74930423,-0.30804364
Saint Vincent and the Grenadines,1993,0.91027015,-0.23098421
Saint Vincent and the Grenadines,1994,1.0711647,-0.4448666583333333
Saint Vincent and the Grenadines,1995,1.1347468,-0.035745462075
Saint Vincent and the Grenadines,1996,1.1663837,-0.2050010384166667
Saint Vincent and the Grenadines,1997,1.166229,-0.1015388174416666
Saint Vincent and the Grenadines,1998,1.4247738,0.3686734769166667
Saint Vincent and the Grenadines,1999,1.4546866,-0.0819490750833333
Saint Vincent and the Grenadines,2000,1.2911866,-0.3540285445
Saint Vincent and the Grenadines,2001,1.5823308,-0.2416551908333333
Saint Vincent and the Grenadines,2002,1.6489649,-0.0562456453999999
Saint Vincent and the Grenadines,2003,1.7492661,0.0109133706833333
Saint Vincent and the Grenadines,2004,1.9487807,0.0159284282499999
Saint Vincent and the Grenadines,2005,1.955524,0.4178551066666667
Saint Vincent and the Grenadines,2006,1.9305565,0.1341179201666666
Saint Vincent and the Grenadines,2007,2.1034238,0.1183632191666666
Saint Vincent and the Grenadines,2008,1.9805228,-0.1551098835833333
Saint Vincent and the Grenadines,2009,2.5205152,0.0562701225
Saint Vincent and the Grenadines,2010,1.9997635,0.5365583105
Saint Vincent and the Grenadines,2011,1.9775692,0.1079160408333333
Saint Vincent and the Grenadines,2012,2.1234522,0.102097351
Saint Vincent and the Grenadines,2013,2.0334845,0.0203992525833333
Saint Vincent and the Grenadines,2014,2.3516016,-0.1105262425833333
Saint Vincent and the Grenadines,2015,2.1929655,0.0536583225
Saint Vincent and the Grenadines,2016,2.2746847,0.30037768825
Saint Vincent and the Grenadines,2017,2.0466173,0.19419686075
Saint Vincent and the Grenadines,2018,2.305567,-0.1191067705833333
Saint Vincent and the Grenadines,2019,2.146126,0.1714154863333333
Saint Vincent and the Grenadines,2020,2.3013074,0.30011066
Saint Vincent and the Grenadines,2021,2.281156,0.1293317470833333
Saint Vincent and the Grenadines,2022,2.2286887,-0.05541658425
Saint Vincent and the Grenadines,2023,2.3416662,0.5060636116666667
Samoa,1950,0.041519824,-0.520173865
Samoa,1951,0.040495586,-0.4116350841666666
Samoa,1952,0.07907117,-0.1877716375
Samoa,1953,0.07735098,-0.2545289971666666
Samoa,1954,0.11350447,-0.5244393358333334
Samoa,1955,0.11102918,-0.7470604575
Samoa,1956,0.10852545,-0.6707526758333334
Samoa,1957,0.14111304,-0.3764438616666667
Samoa,1958,0.103058375,-0.29920688825
Samoa,1959,0.13381054,-0.2519119564583333
Samoa,1960,0.13031726,-0.3529680566666666
Samoa,1961,0.15866143,-0.3641365366666667
Samoa,1962,0.1545183,-0.4525602675
Samoa,1963,0.18059936,-0.2524185166666666
Samoa,1964,0.20540255,-0.3002128553333333
Samoa,1965,0.22907516,-0.5122997025
Samoa,1966,0.1957235,-0.1821451176666666
Samoa,1967,0.19178082,-0.4451411569999999
Samoa,1968,0.2155611,-0.1973463694999999
Samoa,1969,0.21210454,-0.1124645888333333
Samoa,1970,0.2088136,-0.218914347375
Samoa,1971,0.25718057,-0.6070590091666667
Samoa,1972,0.2535728,-0.3113417658333333
Samoa,1973,0.25014165,-0.2738173829166666
Samoa,1974,0.29431295,-0.5429794016666667
Samoa,1975,0.3824061,-0.5823345216666667
Samoa,1976,0.27991545,-0.5243584339166666
Samoa,1977,0.45879716,-0.28653303625
Samoa,1978,0.61317617,-0.3707232458833333
Samoa,1979,0.5175141,-0.14991903275
Samoa,1980,0.46835682,-0.0517071087666666
Samoa,1981,0.46451986,-0.2517417280833333
Samoa,1982,0.39624375,-0.1114565553333333
Samoa,1983,0.39566374,-0.2717107145833333
Samoa,1984,0.39549053,-0.4457440420833333
Samoa,1985,0.46126178,-0.4219954783333333
Samoa,1986,0.48261037,-0.3066490469166666
Samoa,1987,0.48087433,-0.39064201375
Samoa,1988,0.50066245,-0.2683324838333333
Samoa,1989,0.49943107,-0.4956870058333333
Samoa,1990,0.52029747,-0.0816229195833333
Samoa,1991,0.5625971,0.1468625085833333
Samoa,1992,0.58092135,-0.0318859425
Samoa,1993,0.5973855,-0.224797248
Samoa,1994,0.5502773,-0.0985190089999999
Samoa,1995,0.6507657,-0.0585180905416666
Samoa,1996,0.70763326,-0.2107383429166666
Samoa,1997,0.70173776,-0.2920028379166666
Samoa,1998,0.7988506,-0.1908721941666666
Samoa,1999,0.75217354,-0.260041238
Samoa,2000,0.78666,-0.2974023821666666
Samoa,2001,0.84028894,-0.1531569149999999
Samoa,2002,0.8741121,0.1833717030583333
Samoa,2003,0.8498134,0.0472564695833333
Samoa,2004,0.8854091,0.1979614881666666
Samoa,2005,0.9015941,0.1725298559166666
Samoa,2006,0.9175325,-0.0635135959333333
Samoa,2007,0.95132524,0.0762364058333333
Samoa,2008,0.84817046,-0.3712450633333333
Samoa,2009,0.8801621,-0.1021968525
Samoa,2010,0.94928676,0.178931235
Samoa,2011,0.978733,-0.3223276189166666
Samoa,2012,0.95111185,-0.0814822500833333
Samoa,2013,0.9795556,0.1008550326666666
Samoa,2014,1.0075547,0.0413775457583333
Samoa,2015,1.1260211,-0.0098206210833333
Samoa,2016,1.1705552,0.4408950824166666
Samoa,2017,1.1953334,0.2674791006499999
Samoa,2018,1.1474714,0.1503418292666666
Samoa,2019,1.2926443,0.4629422825
Samoa,2020,1.1412176,0.3014839468333333
Samoa,2021,1.1485088,-0.0022619569166666
Samoa,2022,1.1679227,-0.1694793729166666
Samoa,2023,1.1855699,0.2830212935
Sao Tome and Principe,1951,0.05935141,-0.5038264625416666
Sao Tome and Principe,1952,0.058565903,-0.6175502133333334
Sao Tome and Principe,1953,0.05787304,-0.8872925425
Sao Tome and Principe,1954,0.057281327,-1.0238688866666668
Sao Tome and Principe,1955,0.056737587,-0.7732203816666666
Sao Tome and Principe,1956,0.11239264,-1.0862341016666666
Sao Tome and Principe,1957,0.16695271,-1.0769236875
Sao Tome and Principe,1958,0.11015408,-0.8690684691666667
Sao Tome and Principe,1959,0.10895034,-0.4182831516666667
Sao Tome and Principe,1960,0.16167322,-0.4754654608333333
Sao Tome and Principe,1961,0.16005592,-0.5784419399999999
Sao Tome and Principe,1962,0.15844782,-0.6454610816666667
Sao Tome and Principe,1963,0.10455576,-0.1323385275
Sao Tome and Principe,1964,0.15517752,-0.65644742
Sao Tome and Principe,1965,0.15342313,-0.7017075233333334
Sao Tome and Principe,1966,0.15150096,-0.2395060841666666
Sao Tome and Principe,1967,0.14942294,-0.4942057933333333
Sao Tome and Principe,1968,0.19608526,-0.4409195635
Sao Tome and Principe,1969,0.19271278,-0.42182063975
Sao Tome and Principe,1970,0.18889275,-0.4694763841666667
Sao Tome and Principe,1971,0.13860588,-0.6641251216666667
Sao Tome and Principe,1972,0.13567857,-0.4962759001666666
Sao Tome and Principe,1973,0.17707327,-0.0512355165833333
Sao Tome and Principe,1974,0.21644868,-0.5630763358333334
Sao Tome and Principe,1975,0.2113521,-0.7202011783333333
Sao Tome and Principe,1976,0.32975587,-1.117402716666667
Sao Tome and Principe,1977,0.3211535,-0.5887009308333333
Sao Tome and Principe,1978,0.35169148,-0.8354991275
Sao Tome and Principe,1979,0.34271818,-0.4026123675
Sao Tome and Principe,1980,0.4091112,-0.6383632008333333
Sao Tome and Principe,1981,0.43710545,-0.3839203536666666
Sao Tome and Principe,1982,0.46479768,-0.6884959533333334
Sao Tome and Principe,1983,0.5266739,-0.3636795705833333
Sao Tome and Principe,1984,0.48224124,0.0766890829999999
Sao Tome and Principe,1985,0.50595623,-0.2060791635833333
Sao Tome and Principe,1986,0.4616146,-0.3739207630833333
Sao Tome and Principe,1987,0.45041138,0.1606887207166666
Sao Tome and Principe,1988,0.40741754,0.2052723562083333
Sao Tome and Principe,1989,0.39712197,-0.1722046526666666
Sao Tome and Principe,1990,0.38742527,-0.1516485210916666
Sao Tome and Principe,1991,0.37902746,-0.0463323588333333
Sao Tome and Principe,1992,0.37188095,-0.4468755728333333
Sao Tome and Principe,1993,0.36520046,-0.0753825499166666
Sao Tome and Principe,1994,0.35893416,-0.1888418196666666
Sao Tome and Principe,1995,0.35318545,0.17893822825
Sao Tome and Principe,1996,0.34786674,-0.1413590121083333
Sao Tome and Principe,1997,0.34294024,-0.1874736159166666
Sao Tome and Principe,1998,0.3384902,0.6987543162500001
Sao Tome and Principe,1999,0.3344568,0.0168492
Sao Tome and Principe,2000,0.33082372,-0.1614802648333333
Sao Tome and Principe,2001,0.3505166,-0.3613627733333333
Sao Tome and Principe,2002,0.3911213,-0.0200287496916666
Sao Tome and Principe,2003,0.4288724,0.2460234971416666
Sao Tome and Principe,2004,0.46473578,-0.0952342343083333
Sao Tome and Principe,2005,0.47612977,-0.13455104625
Sao Tome and Principe,2006,0.5088643,0.0116434071666666
Sao Tome and Principe,2007,0.49668765,0.1662988616666666
Sao Tome and Principe,2008,0.48500475,-0.0467087456666666
Sao Tome and Principe,2009,0.5151016,0.0501693103333333
Sao Tome and Principe,2010,0.56439316,0.0200408320833333
Sao Tome and Principe,2011,0.53296554,-0.1969315217499999
Sao Tome and Principe,2012,0.5803406,-0.0402339279166666
Sao Tome and Principe,2013,0.5692063,-0.1709229125
Sao Tome and Principe,2014,0.65187114,-0.2176198961666666
Sao Tome and Principe,2015,0.6769938,-0.2718598045416666
Sao Tome and Principe,2016,0.7376469,0.3348042166666666
Sao Tome and Principe,2017,0.67280686,0.07155958825
Sao Tome and Principe,2018,0.6625426,0.14285882225
Sao Tome and Principe,2019,0.66974753,0.4634917575
Sao Tome and Principe,2020,0.64040625,0.4017572458666666
Sao Tome and Principe,2021,0.6438903,0.5014861365833333
Sao Tome and Principe,2022,0.70649457,0.12720330525
Sao Tome and Principe,2023,0.7198723,0.4788039479166666
Saudi Arabia,1940,0.7666813,-2.2717434666666665
Saudi Arabia,1941,0.6404235,-1.709495852
Saudi Arabia,1942,0.6667003,-1.458678262
Saudi Arabia,1943,0.692445,-2.103132575
Saudi Arabia,1944,1.1225336,-1.8963823391666663
Saudi Arabia,1945,3.0057127,-2.240036583333333
Saudi Arabia,1946,8.501508,-2.1799367975
Saudi Arabia,1947,12.636632,-1.8017869875
Saudi Arabia,1948,5.954311,-2.25960025
Saudi Arabia,1949,6.0323205,-2.976668833333333
Saudi Arabia,1950,3.0181396,-2.698299658333333
Saudi Arabia,1951,0.0,-1.7006065083333333
Saudi Arabia,1952,0.0,-1.7531103116666669
Saudi Arabia,1953,0.25173745,-2.031568533333333
Saudi Arabia,1954,0.63166386,-1.5947405333333335
Saudi Arabia,1955,1.0404613,-1.8558363
Saudi Arabia,1956,0.77414083,-2.2494666491666666
Saudi Arabia,1957,0.96151817,-2.098888474166667
Saudi Arabia,1958,0.88199234,-1.3299964366666668
Saudi Arabia,1959,0.789485,-2.2987806956666668
Saudi Arabia,1960,1.0981382,-1.2284158916666668
Saudi Arabia,1961,1.4124677,-1.9307461541666668
Saudi Arabia,1962,2.3847282,-1.24168658575
Saudi Arabia,1963,2.551695,-1.6227317675
Saudi Arabia,1964,2.4951675,-2.548532901666667
Saudi Arabia,1965,1.43962,-1.9707291333333328
Saudi Arabia,1966,2.1077833,-1.321966083333333
Saudi Arabia,1967,8.072177,-2.43858885
Saudi Arabia,1968,8.858415,-1.77602281975
Saudi Arabia,1969,10.321941,-1.1133476016666666
Saudi Arabia,1970,12.702393,-1.5193350995
Saudi Arabia,1971,16.046402,-2.2160508666666665
Saudi Arabia,1972,17.994766,-2.0491860666666666
Saudi Arabia,1973,23.148218,-1.2945768816666667
Saudi Arabia,1974,22.828743,-1.734436125
Saudi Arabia,1975,18.274012,-1.86752415
Saudi Arabia,1976,21.102762,-1.71191669475
Saudi Arabia,1977,23.228529,-1.3084890866666667
Saudi Arabia,1978,21.372665,-1.1878926683333333
Saudi Arabia,1979,24.19586,-0.5594712966666667
Saudi Arabia,1980,27.983114,-0.6296396275
Saudi Arabia,1981,27.303858,-0.7673580666666666
Saudi Arabia,1982,23.136442,-1.8600339058333333
Saudi Arabia,1983,22.17553,-1.7473978166666668
Saudi Arabia,1984,20.203606,-1.2879607675
Saudi Arabia,1985,21.151466,-1.0162447341666667
Saudi Arabia,1986,23.712328,-1.1282426625
Saudi Arabia,1987,20.85908,-0.4123743393333333
Saudi Arabia,1988,21.004189,-0.6772534791666667
Saudi Arabia,1989,20.084616,-1.273900678
Saudi Arabia,1990,17.106512,-0.6500824312083333
Saudi Arabia,1991,21.915035,-0.8015214555
Saudi Arabia,1992,23.624128,-2.008854310833333
Saudi Arabia,1993,24.380909,-0.9799447953333332
Saudi Arabia,1994,22.8462,-0.5966511675
Saudi Arabia,1995,20.670359,-0.7483340091666667
Saudi Arabia,1996,19.492058,-0.2192710205833333
Saudi Arabia,1997,15.808199,-0.8773677395833334
Saudi Arabia,1998,14.677085,0.2622056720833333
Saudi Arabia,1999,15.371093,0.2566668983333333
Saudi Arabia,2000,19.147379,-0.1730213105833333
Saudi Arabia,2001,19.042866,0.0046501911666666
Saudi Arabia,2002,19.379114,-0.12954004875
Saudi Arabia,2003,18.704975,0.1554612325166666
Saudi Arabia,2004,20.73686,-0.0810635858333333
Saudi Arabia,2005,20.059093,-0.0528270430833333
Saudi Arabia,2006,20.744946,0.0314210333333333
Saudi Arabia,2007,18.934502,0.09605637675
Saudi Arabia,2008,20.169865,-0.2050185173333333
Saudi Arabia,2009,20.822855,0.2662399579166667
Saudi Arabia,2010,22.099627,1.03701972775
Saudi Arabia,2011,20.707397,-0.1183003583333333
Saudi Arabia,2012,22.396475,0.2896416146666666
Saudi Arabia,2013,20.823349,-0.1310579016666666
Saudi Arabia,2014,20.193333,0.3093570867083333
Saudi Arabia,2015,20.850756,0.77996476125
Saudi Arabia,2016,20.888945,0.5633766591666666
Saudi Arabia,2017,19.93628,0.8694369083333333
Saudi Arabia,2018,20.994095,0.8983789441666667
Saudi Arabia,2019,21.579525,0.7454399925
Saudi Arabia,2020,19.879406,0.5574553014166667
Saudi Arabia,2021,22.211275,1.1754614458333337
Saudi Arabia,2022,22.480951,0.8383189825
Saudi Arabia,2023,22.132036,0.9759929233333334
Senegal,1949,0.0,-0.9235132558333332
Senegal,1950,0.14155516,-1.5344573541666666
Senegal,1951,0.11536554,-1.6027183391666666
Senegal,1952,0.121527866,-1.8028305333333328
Senegal,1953,0.099445045,-1.0917196225
Senegal,1954,0.11211609,-1.5583653333333334
Senegal,1955,0.10049383,-1.283889294666667
Senegal,1956,0.11421992,-1.5226476816666663
Senegal,1957,0.11294114,-1.4916208591666666
Senegal,1958,0.112328306,-1.0487023962500002
Senegal,1959,0.119355895,-1.0577511775
Senegal,1960,0.24765576,-1.020768479166667
Senegal,1961,0.2364922,-1.1387807541666668
Senegal,1962,0.2299147,-1.2200841916666667
Senegal,1963,0.23660861,-1.00278854
Senegal,1964,0.2466249,-1.3006707875
Senegal,1965,0.43951577,-1.8138745708333333
Senegal,1966,0.4332832,-1.3530691533333332
Senegal,1967,0.17119771,-1.745092875
Senegal,1968,0.02332145,-1.4194445668333333
Senegal,1969,0.11306857,-0.5561181841666667
Senegal,1970,0.29265246,-0.5406974198333333
Senegal,1971,0.2935871,-1.1584129325
Senegal,1972,0.30648863,-0.6349148833333333
Senegal,1973,0.31702006,-0.4658179255833333
Senegal,1974,0.36763498,-1.4051449983333333
Senegal,1975,0.49857283,-1.2219796333333333
Senegal,1976,0.3333688,-1.3175412875
Senegal,1977,0.4113119,-0.3032466583333333
Senegal,1978,0.47046962,-0.6551567658333334
Senegal,1979,0.5064379,-0.2481187225
Senegal,1980,0.57076186,-0.1800216019166666
Senegal,1981,0.5469058,-0.2663160976666667
Senegal,1982,0.493197,-0.8926847785833334
Senegal,1983,0.4129063,0.3070894845833333
Senegal,1984,0.5053096,-0.3703250883333333
Senegal,1985,0.39658925,-0.6025152106666666
Senegal,1986,0.3833071,-0.8531602074999999
Senegal,1987,0.34238228,0.0127414029999999
Senegal,1988,0.37187472,-0.4503270866666666
Senegal,1989,0.48810917,-0.4510555236666667
Senegal,1990,0.40655592,0.0115725173333333
Senegal,1991,0.4254299,-0.3800891236666666
Senegal,1992,0.41901588,-0.4328528969166667
Senegal,1993,0.4214635,-0.0885124201666666
Senegal,1994,0.44491366,-0.606699305
Senegal,1995,0.38766894,-0.2260872475
Senegal,1996,0.40412003,0.0314278597249999
Senegal,1997,0.34279966,0.1378335886666666
Senegal,1998,0.35079423,0.6010549905
Senegal,1999,0.37032664,-0.6582234788333333
Senegal,2000,0.39144906,-0.278287093
Senegal,2001,0.41693386,0.10444593
Senegal,2002,0.4239302,0.2046577115
Senegal,2003,0.4596074,-0.1723446845833333
Senegal,2004,0.47725818,-0.0880673694916666
Senegal,2005,0.49298713,0.131076809875
Senegal,2006,0.38455415,-0.0928897840833333
Senegal,2007,0.413119,0.0457158099999999
Senegal,2008,0.39342096,-0.0998044008333333
Senegal,2009,0.4261587,-0.2687576581666667
Senegal,2010,0.54310983,0.5139172778333333
Senegal,2011,0.6033588,0.1271433829166667
Senegal,2012,0.55310893,-0.1385277104166666
Senegal,2013,0.57273585,0.0560801818
Senegal,2014,0.6164729,0.0380444546666666
Senegal,2015,0.67465365,-0.0012907999166666
Senegal,2016,0.66618276,0.3785182645833333
Senegal,2017,0.69532555,0.3717889736666666
Senegal,2018,0.7119568,-0.0547014870583333
Senegal,2019,0.7774175,0.2060084359166666
Senegal,2020,0.6445196,0.63941256625
Senegal,2021,0.71479875,0.7043681075833333
Senegal,2022,0.69541025,0.0393837258333333
Senegal,2023,0.6583115,0.6608900991666666
Serbia,1940,0.9372514,-3.4366456991666667
Serbia,1943,0.031293068,-0.1852699833333333
Serbia,1944,0.0076651494,-1.1240132483333334
Serbia,1945,0.42696366,-1.0763140391666666
Serbia,1946,0.8269215,-0.1813616858333333
Serbia,1947,1.1275798,-0.746358021225
Serbia,1948,1.2444,-1.13631725
Serbia,1949,1.3950064,-1.3306692575833334
Serbia,1950,1.3197976,0.6120242241666668
Serbia,1951,1.2374426,0.2799835308333333
Serbia,1952,1.2306155,0.0300194024999999
Serbia,1953,1.2091713,-1.15748028
Serbia,1954,1.4250294,-1.9401395
Serbia,1955,1.6114162,-1.0597963029166666
Serbia,1956,1.8199896,-2.3064787531666666
Serbia,1957,1.9544123,-0.6156376275
Serbia,1958,1.9053892,-0.2919415296666667
Serbia,1959,2.1618314,-1.1923445133333337
Serbia,1960,2.3375235,-0.4365481783333333
Serbia,1961,2.4250877,-0.1181513145
Serbia,1962,2.464304,-1.01349253925
Serbia,1963,2.7155163,-1.1887065575
Serbia,1964,3.0479927,-1.4891367664166666
Serbia,1965,3.1080248,-1.4911085133333335
Serbia,1966,3.0531397,-0.3449483158333333
Serbia,1967,3.0577312,-0.764644593
Serbia,1968,3.243765,-0.5100837349999999
Serbia,1969,3.3369682,-1.2774810808333334
Serbia,1970,4.3277206,-0.9983863541666668
Serbia,1971,4.6313024,-0.8284181025
Serbia,1972,4.3118825,-0.6887457966666667
Serbia,1973,5.1153274,-1.2073902683333333
Serbia,1974,5.1028695,-0.7325621141666666
Serbia,1975,5.287867,-0.6674463916666666
Serbia,1976,5.4200263,-1.7110986316666663
Serbia,1977,5.235344,-0.4907997016666667
Serbia,1978,5.813569,-1.6741335458333333
Serbia,1979,6.287451,-0.6880743675000001
Serbia,1980,6.1497684,-1.6744383833333334
Serbia,1981,6.6658354,-0.8669132949999999
Serbia,1982,6.1034093,-0.7316840375833333
Serbia,1983,6.559264,-0.4679740308333333
Serbia,1984,6.907552,-1.061065658333333
Serbia,1985,7.039327,-1.4151157696666663
Serbia,1986,7.3470783,-0.879024325
Serbia,1987,7.1702704,-0.85740543625
Serbia,1988,7.398348,-0.5448209750833333
Serbia,1989,7.3777747,-0.4993748916666667
Serbia,1990,7.338135,-0.0277163566666666
Serbia,1991,5.2024317,-1.5188765523333334
Serbia,1992,5.557963,-0.2161818533333333
Serbia,1993,4.8531585,-0.8275100716666667
Serbia,1994,4.726245,0.5337716136666667
Serbia,1995,5.0031557,-0.7049018083333335
Serbia,1996,5.869193,-1.2346506941666668
Serbia,1997,6.32479,-1.02492701712
Serbia,1998,6.680771,-0.432059855
Serbia,1999,4.6275244,-0.2088018924583333
Serbia,2000,5.841812,0.8482310466666666
Serbia,2001,6.443893,-0.1852179308333333
Serbia,2002,6.857292,0.4463701875
Serbia,2003,7.354015,-0.3158956766666667
Serbia,2004,7.9524727,-0.5067533583333333
Serbia,2005,6.8488474,-1.215978715
Serbia,2006,8.09953,-0.5086194996666666
Serbia,2007,7.9586916,0.6752953116666666
Serbia,2008,6.946146,0.6432855716666667
Serbia,2009,6.1809096,0.3948718833333333
Serbia,2010,6.1786823,0.0041022901666666
Serbia,2011,6.6474357,-0.2422395623916666
Serbia,2012,5.972246,0.495851325
Serbia,2013,6.1253824,0.5483565725
Serbia,2014,5.1483583,0.76187096
Serbia,2015,6.09949,0.701470525
Serbia,2016,6.3209686,0.3035085257916666
Serbia,2017,6.436677,0.33290156575
Serbia,2018,6.313477,0.8262610026666667
Serbia,2019,6.3562794,1.1237248125
Serbia,2020,6.538972,0.5027368179999999
Serbia,2021,6.39086,0.15549237475
Serbia,2022,6.4078465,0.8213015841666667
Serbia,2023,6.253774,1.271257978333333
Seychelles,1963,0.159121,-0.39665873875
Seychelles,1964,0.15551452,-0.3986333176666667
Seychelles,1965,0.15190083,-0.5548145008333333
Seychelles,1966,0.14823805,-0.3409864126666667
Seychelles,1967,0.14470203,-0.4738583533333333
Seychelles,1968,0.14131713,-0.4185388864166666
Seychelles,1969,0.13812603,-0.053166708225
Seychelles,1970,0.5405525,-0.1801678325
Seychelles,1971,0.5942478,-0.6436942425
Seychelles,1972,0.7731997,-0.142431421275
Seychelles,1973,0.81742203,-0.1936477050833333
Seychelles,1974,0.92034096,-0.7711613958333333
Seychelles,1975,0.95806503,-0.717757225
Seychelles,1976,1.2853066,-0.4672532016666667
Seychelles,1977,1.3152908,-0.2560160945416667
Seychelles,1978,1.1844646,-0.3743952133333333
Seychelles,1979,1.8440984,-0.1661195758833333
Seychelles,1980,1.4384031,-0.1655421256666666
Seychelles,1981,1.4782583,-0.3284982015
Seychelles,1982,1.2462217,0.0218737912499999
Seychelles,1983,1.4478822,0.1124780979166666
Seychelles,1984,1.4325764,-0.7416667958333334
Seychelles,1985,2.1525764,-0.6811736483333334
Seychelles,1986,2.3374965,-0.4246179241666667
Seychelles,1987,2.82609,0.1261857341666666
Seychelles,1988,2.741223,-0.0011061011666666
Seychelles,1989,3.208143,-0.3142081925
Seychelles,1990,2.0313168,-0.0583024021666666
Seychelles,1991,2.3027387,-0.0547939919166666
Seychelles,1992,2.2781549,-0.27369641975
Seychelles,1993,2.3988163,-0.3214720113333333
Seychelles,1994,2.6092474,-0.1286180821666666
Seychelles,1995,2.5337567,0.0261898032499999
Seychelles,1996,2.9734225,-0.3403293321666666
Seychelles,1997,3.451134,0.0935343090833333
Seychelles,1998,3.5870376,0.3532986666666666
Seychelles,1999,3.7091353,-0.3716562606666667
Seychelles,2000,3.7833517,-0.3973970425
Seychelles,2001,4.072507,-0.0856431331666666
Seychelles,2002,4.0554585,-0.2023173954166666
Seychelles,2003,3.9164646,0.076593557925
Seychelles,2004,4.1992126,-0.0480311715833333
Seychelles,2005,4.2702527,-0.0321717271333333
Seychelles,2006,4.258249,-0.0308326077
Seychelles,2007,4.408133,0.2169208496666666
Seychelles,2008,4.4754896,-0.3137122791666666
Seychelles,2009,4.697135,0.1264262210833333
Seychelles,2010,4.6697283,0.1058190628333333
Seychelles,2011,4.1935163,0.0335411983333333
Seychelles,2012,4.270954,0.11781088325
Seychelles,2013,4.0565124,-0.03607209375
Seychelles,2014,4.3775806,0.0346616113666666
Seychelles,2015,4.6486616,0.334588369
Seychelles,2016,5.0392933,0.2157478329166666
Seychelles,2017,5.1178646,0.0840145753333333
Seychelles,2018,5.225092,-0.0707616829166666
Seychelles,2019,5.046789,0.3863463414166666
Seychelles,2020,4.966297,0.5020187723333333
Seychelles,2021,4.9766817,0.0619557705833333
Seychelles,2022,4.4126396,-0.0510141064
Seychelles,2023,4.3078337,0.3525048854166666
Sierra Leone,1950,0.078792624,-0.8523533991666666
Sierra Leone,1951,0.04708485,-0.9015944733333332
Sierra Leone,1952,0.087700464,-0.6230111166666666
Sierra Leone,1953,0.0813921,-0.4814753521666666
Sierra Leone,1954,0.059463173,-1.1792508833333333
Sierra Leone,1955,0.08638087,-1.0395002358333334
Sierra Leone,1956,0.0835854,-1.1783730208333332
Sierra Leone,1957,0.17846741,-1.0465669608333334
Sierra Leone,1958,0.094724625,-0.8830709366666666
Sierra Leone,1959,0.104920805,-0.6066363616666667
Sierra Leone,1960,0.31498325,-0.4791199346666666
Sierra Leone,1961,0.12562212,-0.4961845083333334
Sierra Leone,1962,0.1392266,-0.6406099010833334
Sierra Leone,1963,0.15534508,-0.3658324850416667
Sierra Leone,1964,0.12544063,-0.5540262823333334
Sierra Leone,1965,0.114285804,-0.7221921238333334
Sierra Leone,1966,0.11948153,-0.2926982225
Sierra Leone,1967,0.09866606,-0.6289262816666666
Sierra Leone,1968,0.13889991,-0.52482922975
Sierra Leone,1969,0.40752077,-0.5113585808333333
Sierra Leone,1970,0.31611338,-0.345424333
Sierra Leone,1971,0.29039595,-0.6921838233333334
Sierra Leone,1972,0.24085143,-0.35497172625
Sierra Leone,1973,0.18787043,0.1728153229166666
Sierra Leone,1974,0.17815563,-0.4238777205
Sierra Leone,1975,0.17614135,-0.4166043591666666
Sierra Leone,1976,0.14879659,-0.7451733008333333
Sierra Leone,1977,0.16625915,-0.15927664625
Sierra Leone,1978,0.22598085,-0.413021085
Sierra Leone,1979,0.21133272,-0.0546309149166666
Sierra Leone,1980,0.18588458,-0.1973102874583333
Sierra Leone,1981,0.20740263,-0.3112653058333333
Sierra Leone,1982,0.16233592,-0.3334665275
Sierra Leone,1983,0.19784994,0.0329330753333333
Sierra Leone,1984,0.17297016,-0.2050220175
Sierra Leone,1985,0.18227373,-0.2294731147916666
Sierra Leone,1986,0.18082519,-0.2078779575
Sierra Leone,1987,0.13011636,0.4031062133333333
Sierra Leone,1988,0.11640707,0.1594637236666666
Sierra Leone,1989,0.092644915,-0.02642615675
Sierra Leone,1990,0.118734814,-0.1323623645833333
Sierra Leone,1991,0.13115878,-0.2574785555833334
Sierra Leone,1992,0.06771649,-0.5493389796666667
Sierra Leone,1993,0.06345994,-0.3692173928333333
Sierra Leone,1994,0.065851,-0.4160064075
Sierra Leone,1995,0.053481013,-0.1144169176666666
Sierra Leone,1996,0.054971047,-0.17360528125
Sierra Leone,1997,0.048237115,-0.0723641725833333
Sierra Leone,1998,0.051176377,0.367073693
Sierra Leone,1999,0.040730026,-0.2041193649166666
Sierra Leone,2000,0.061293606,-0.3539427053333333
Sierra Leone,2001,0.078859925,-0.2016599985833333
Sierra Leone,2002,0.10097159,0.0122537623333333
Sierra Leone,2003,0.10331825,0.0714290930833333
Sierra Leone,2004,0.0971471,-0.029646873
Sierra Leone,2005,0.077253774,-0.0726435999999999
Sierra Leone,2006,0.10292828,0.0864502613083333
Sierra Leone,2007,0.084760234,0.059764225
Sierra Leone,2008,0.08577766,-0.1883587878333333
Sierra Leone,2009,0.082893096,0.12088839
Sierra Leone,2010,0.08714463,0.08998855075
Sierra Leone,2011,0.11128745,-0.164818286625
Sierra Leone,2012,0.1269615,-0.2243839908333333
Sierra Leone,2013,0.15607728,0.0526820827083333
Sierra Leone,2014,0.16411543,-0.0965085041666666
Sierra Leone,2015,0.15410693,0.0414188678333333
Sierra Leone,2016,0.15860663,0.3981383636666666
Sierra Leone,2017,0.14746857,0.5354518891666666
Sierra Leone,2018,0.13580218,0.3258279158333333
Sierra Leone,2019,0.12984261,0.6481250125
Sierra Leone,2020,0.129658,0.6790170666666667
Sierra Leone,2021,0.15525901,0.6526829375
Sierra Leone,2022,0.15435511,0.4934829104166667
Sierra Leone,2023,0.14556001,0.6654939558333334
Slovakia,1940,5.5884876,-3.475797725
Slovakia,1941,5.603215,-2.4578965475000003
Slovakia,1942,6.0209794,-2.0351704733333333
Slovakia,1943,6.623089,-1.3797482508333332
Slovakia,1944,6.2953696,-1.7259297016666668
Slovakia,1945,3.3285983,-1.715801009166667
Slovakia,1946,4.117043,-0.85338023
Slovakia,1947,4.6509457,-1.5119937811666666
Slovakia,1948,5.0066953,-1.5393051133333333
Slovakia,1949,5.232528,-1.0912620933333332
Slovakia,1950,5.3436546,-0.4543350095833333
Slovakia,1951,5.5970683,-0.2508673433333333
Slovakia,1952,5.873936,-1.5099099633333335
Slovakia,1953,5.974292,-1.0139778608333334
Slovakia,1954,6.26317,-2.054618323333333
Slovakia,1955,6.3804407,-1.7979522150000002
Slovakia,1956,6.7206664,-2.5882862433333336
Slovakia,1957,6.8941107,-0.9936381858333334
Slovakia,1958,7.4082084,-1.072280555
Slovakia,1959,7.2973323,-0.7801539458333334
Slovakia,1960,7.669781,-0.8743483599999999
Slovakia,1961,8.204568,-0.4168010526666667
Slovakia,1962,8.639011,-1.7354166325
Slovakia,1963,9.003626,-1.6208803408333334
Slovakia,1964,9.272497,-1.6520120289166669
Slovakia,1965,8.945874,-2.4652063
Slovakia,1966,8.817084,-0.583871305
Slovakia,1967,8.729559,-0.6372577188333334
Slovakia,1968,9.073334,-0.9548219883333332
Slovakia,1969,9.572726,-1.4658783270833335
Slovakia,1970,10.903026,-1.4391663091666669
Slovakia,1971,11.350843,-0.980000335
Slovakia,1972,11.358447,-0.8061097091666668
Slovakia,1973,11.29663,-1.1293703153333332
Slovakia,1974,11.311505,-0.5411871766666666
Slovakia,1975,11.716257,-0.3443683058333334
Slovakia,1976,12.049314,-1.3619969
Slovakia,1977,12.286438,-0.9166600775
Slovakia,1978,12.275311,-1.9664938579166664
Slovakia,1979,11.839707,-1.0696051708333334
Slovakia,1980,11.875666,-2.2347725725000003
Slovakia,1981,11.656169,-0.9631137066666668
Slovakia,1982,11.460625,-0.7455430658333334
Slovakia,1983,11.398563,-0.2668085724999999
Slovakia,1984,11.7108135,-1.2553399708333333
Slovakia,1985,11.482047,-1.985049568333333
Slovakia,1986,11.498404,-1.1521114275000002
Slovakia,1987,11.307176,-1.5950923858333332
Slovakia,1988,11.070277,-0.7315407914166666
Slovakia,1989,10.523998,-0.2384861883333333
Slovakia,1990,11.68365,-0.3828517858333333
Slovakia,1991,10.091489,-1.4461761075
Slovakia,1992,9.2204895,-0.3516734068333333
Slovakia,1993,8.7107,-0.958455738
Slovakia,1994,8.198335,0.2948907763333332
Slovakia,1995,8.254349,-0.5219514766666666
Slovakia,1996,8.219704,-1.4767929575
Slovakia,1997,8.22177,-0.976052353
Slovakia,1998,8.163976,-0.4301271933333333
Slovakia,1999,8.012496,-0.2135731925
Slovakia,2000,7.6565366,0.5912893833333334
Slovakia,2001,8.0453825,-0.5025018066666668
Slovakia,2002,7.827843,0.217044175
Slovakia,2003,7.891308,-0.2809666858333332
Slovakia,2004,7.9836698,-0.6735515891666667
Slovakia,2005,7.9837704,-0.8264043483333334
Slovakia,2006,7.9510803,-0.2828506325
Slovakia,2007,7.6537957,0.6863257208333332
Slovakia,2008,7.7245646,0.6318151979166666
Slovakia,2009,7.019376,0.2910474983333334
Slovakia,2010,7.1334305,-0.5754149529166667
Slovakia,2011,7.048082,0.0841171600833333
Slovakia,2012,6.653921,0.2535397883333333
Slovakia,2013,6.5842557,0.1804278333333333
Slovakia,2014,6.224752,1.329244001666667
Slovakia,2015,6.3702555,0.9592545158333332
Slovakia,2016,6.442124,0.3849508816666666
Slovakia,2017,6.6536226,0.1524289779166666
Slovakia,2018,6.643141,1.2996214333333334
Slovakia,2019,6.206926,1.3236435738333332
Slovakia,2020,5.711151,0.8368422195833333
Slovakia,2021,6.470303,-0.0362634333333333
Slovakia,2022,5.7645545,1.0267198991666666
Slovakia,2023,5.5706987,1.354756729166667
Slovenia,1940,0.99085015,-3.448963490833333
Slovenia,1943,0.034176044,-1.1622017933333333
Slovenia,1944,0.008505492,-2.026849169166667
Slovenia,1945,0.47851187,-1.5560592404166669
Slovenia,1946,0.9356191,-1.285434485
Slovenia,1947,1.2883825,-1.3720592129166669
Slovenia,1948,1.4405742,-1.6853503575
Slovenia,1949,1.6325996,-0.6799708091666666
Slovenia,1950,1.555104,-0.4130321866666667
Slovenia,1951,1.4555808,-0.3160914991666667
Slovenia,1952,1.4441817,-1.3167064433333333
Slovenia,1953,1.4171104,-1.2113485891666669
Slovenia,1954,1.6709832,-1.9008807225
Slovenia,1955,1.892397,-1.6604382408333336
Slovenia,1956,2.142136,-2.343090124166667
Slovenia,1957,2.3018763,-0.9551739308333334
Slovenia,1958,2.2478216,-0.9285975
Slovenia,1959,2.5550036,-0.8065832633333333
Slovenia,1960,2.7684908,-0.7025533633333333
Slovenia,1961,2.8784547,-0.3848960058333333
Slovenia,1962,2.9270537,-2.1178497112500003
Slovenia,1963,3.2276485,-1.9652586641666667
Slovenia,1964,3.6269739,-1.8030821025
Slovenia,1965,3.7007961,-2.1357243133333337
Slovenia,1966,3.6354842,-0.7315458208333333
Slovenia,1967,3.6414545,-0.884461415
Slovenia,1968,3.864284,-1.3059144396666666
Slovenia,1969,3.9791696,-1.6326313641666663
Slovenia,1970,5.1696734,-1.4098574103566666
Slovenia,1971,5.527031,-1.1809308134166667
Slovenia,1972,5.1266174,-1.405307425
Slovenia,1973,6.0686235,-1.5909907958333331
Slovenia,1974,6.034609,-0.7834555916666667
Slovenia,1975,6.234728,-0.5962296341666666
Slovenia,1976,6.3707986,-1.6026672183333333
Slovenia,1977,6.1311145,-0.8430743783333333
Slovenia,1978,6.7872996,-1.986317940666667
Slovenia,1979,7.3134384,-1.353095494333333
Slovenia,1980,7.1190834,-2.131502520833333
Slovenia,1981,7.6936927,-1.26896771
Slovenia,1982,7.045753,-0.8071644616666666
Slovenia,1983,7.567869,-0.6743275825
Slovenia,1984,7.943936,-1.6487056437083334
Slovenia,1985,8.066932,-1.783712625
Slovenia,1986,8.533918,-1.5492950733333333
Slovenia,1987,8.049029,-1.4932842608083332
Slovenia,1988,7.7991486,-0.6627741325
Slovenia,1989,7.687805,-0.5046367783333333
Slovenia,1990,7.554949,-0.3908379225
Slovenia,1991,6.9897065,-1.430222305
Slovenia,1992,6.9558806,-0.1133410628333333
Slovenia,1993,7.158645,-0.6509654575
Slovenia,1994,7.361444,0.6484350983333332
Slovenia,1995,7.7232647,-0.5127003274999999
Slovenia,1996,8.053105,-1.6701841541666669
Slovenia,1997,8.318583,-0.58899891
Slovenia,1998,8.100459,-0.3770629401666667
Slovenia,1999,7.779582,-0.53199526
Slovenia,2000,7.5770297,0.4861007125
Slovenia,2001,8.193835,-0.1155031141666667
Slovenia,2002,8.317596,0.4168193866666667
Slovenia,2003,8.166608,-0.03900719
Slovenia,2004,8.379513,-0.74171704
Slovenia,2005,8.481144,-1.0902521320833334
Slovenia,2006,8.575877,-0.2188215644166667
Slovenia,2007,8.610745,0.5507539341666666
Slovenia,2008,9.026217,0.2800421166666667
Slovenia,2009,7.960535,0.2729741943333333
Slovenia,2010,8.050477,-0.7058432745833333
Slovenia,2011,7.984749,0.3304241241666667
Slovenia,2012,7.6753354,0.3492303633333334
Slovenia,2013,7.3566623,0.0998922428333333
Slovenia,2014,6.5884333,1.1277762866666667
Slovenia,2015,6.6243477,0.7246483741666667
Slovenia,2016,7.0140996,0.3855132633333333
Slovenia,2017,7.0873375,0.4047865783333333
Slovenia,2018,7.016358,0.968977275
Slovenia,2019,6.738732,1.0961323858333334
Slovenia,2020,6.114485,0.6441088708333333
Slovenia,2021,6.1789403,0.0375568824999999
Slovenia,2022,6.004816,1.1745680091666666
Slovenia,2023,5.347735,1.18526244
Solomon Islands,1952,0.032295313,-0.2480057051416666
Solomon Islands,1953,0.03153673,-0.2774248135833333
Solomon Islands,1954,0.03076949,-0.2666772196666666
Solomon Islands,1955,0.08998772,-0.2260955163333333
Solomon Islands,1956,0.087717056,-0.2252607346666666
Solomon Islands,1957,0.08544112,-0.2168513913333333
Solomon Islands,1958,0.08310086,-0.4029442433333333
Solomon Islands,1959,0.08076296,-0.6062843008333333
Solomon Islands,1960,0.07870937,-0.4445980375
Solomon Islands,1961,0.1025799,-0.6002861683333333
Solomon Islands,1962,0.10027505,-0.436031815
Solomon Islands,1963,0.09799346,-0.5190847758333333
Solomon Islands,1964,0.11970257,-0.436258315
Solomon Islands,1965,0.16372597,-0.8685395066666667
Solomon Islands,1966,0.15993614,-0.6362318966666667
Solomon Islands,1967,0.2008148,-0.5621960991666667
Solomon Islands,1968,0.2177673,-0.4464896508333333
Solomon Islands,1969,0.21247847,-0.2838287364166666
Solomon Islands,1970,0.22829178,-0.2126344064999999
Solomon Islands,1971,0.26372555,-0.4756914791666666
Solomon Islands,1972,0.2971614,-0.5369191175
Solomon Islands,1973,0.34758046,-0.0547367730833333
Solomon Islands,1974,0.33819458,-0.3087975171666666
Solomon Islands,1975,0.29207438,-0.3832054133333333
Solomon Islands,1976,0.3006729,-0.5481535599999999
Solomon Islands,1977,0.3760175,-0.5053987483333333
Solomon Islands,1978,0.2805968,-0.3382895788333333
Solomon Islands,1979,0.47809598,-0.3983596108333333
Solomon Islands,1980,0.43088502,-0.356638753
Solomon Islands,1981,0.5499136,-0.3032488825
Solomon Islands,1982,0.47384882,-0.4203734374999999
Solomon Islands,1983,0.54120505,-0.3161126783333333
Solomon Islands,1984,0.5231833,-0.388405485
Solomon Islands,1985,0.5319114,-0.3401796025
Solomon Islands,1986,0.5273677,-0.3356396341666667
Solomon Islands,1987,0.5349189,-0.3360799175
Solomon Islands,1988,0.5062237,-0.0699119590833333
Solomon Islands,1989,0.5018506,-0.2262298255
Solomon Islands,1990,0.44223303,-0.0805344584166666
Solomon Islands,1991,0.46107876,-0.16916926695
Solomon Islands,1992,0.45778152,-0.4216399191666666
Solomon Islands,1993,0.4746585,-0.5048330625
Solomon Islands,1994,0.4903089,-0.3782270775
Solomon Islands,1995,0.495269,-0.0499928794166666
Solomon Islands,1996,0.49967927,-0.1214240401666666
Solomon Islands,1997,0.50359565,-0.4340834608333333
Solomon Islands,1998,0.5158913,-0.055723506575
Solomon Islands,1999,0.502207,-0.277855555
Solomon Islands,2000,0.5074654,-0.2431104963916666
Solomon Islands,2001,0.5221651,-0.1454486845
Solomon Islands,2002,0.53643334,-0.1541627248916666
Solomon Islands,2003,0.55025166,-0.1282003721666666
Solomon Islands,2004,0.57906395,-0.225746475
Solomon Islands,2005,0.5840567,0.0273914346666666
Solomon Islands,2006,0.5888614,-0.1346208260333333
Solomon Islands,2007,0.6007626,0.1219085065833333
Solomon Islands,2008,0.6049615,-0.1535779619166666
Solomon Islands,2009,0.61526465,0.12306277
Solomon Islands,2010,0.6187656,0.3135940240833333
Solomon Islands,2011,0.62291515,0.165401937
Solomon Islands,2012,0.60686153,0.12434371325
Solomon Islands,2013,0.6282135,0.225081285
Solomon Islands,2014,0.53457403,0.231052718
Solomon Islands,2015,0.45845202,0.160146394625
Solomon Islands,2016,0.43701893,0.504281045
Solomon Islands,2017,0.4168367,0.3786668791666667
Solomon Islands,2018,0.4082267,0.317735035
Solomon Islands,2019,0.4025793,0.3689382891666666
Solomon Islands,2020,0.38881806,0.5362089483333333
Solomon Islands,2021,0.37959152,0.3979352305249999
Solomon Islands,2022,0.3794816,0.5224695125
Solomon Islands,2023,0.37855327,0.4774848608333333
Somalia,1950,0.0215228,-1.4072334033333334
Somalia,1951,0.02092208,-1.4223460975
Somalia,1952,0.020353712,-0.9751617158333332
Somalia,1953,0.019817501,-1.298882175
Somalia,1954,0.019305587,-0.9423562744166666
Somalia,1955,0.026045335,-0.6691962811666667
Somalia,1956,0.026792584,-0.6942100516666666
Somalia,1957,0.027490284,-0.7041304975
Somalia,1958,0.030830907,-0.1387538890833333
Somalia,1959,0.031371552,-0.3068513880833333
Somalia,1960,0.029298935,-0.8369094558333333
Somalia,1961,0.029788548,-0.4263965341666667
Somalia,1962,0.03506743,-0.6035537695833334
Somalia,1963,0.03298442,-0.7070382500000001
Somalia,1964,0.04246112,-0.5883992525
Somalia,1965,0.040241428,-0.8704190283333334
Somalia,1966,0.04137575,-0.48432095625
Somalia,1967,0.06576016,-0.7711065547500001
Somalia,1968,0.04339105,-0.98184062
Somalia,1969,0.04427831,-0.1643250819999999
Somalia,1970,0.057825714,-0.2045574211666666
Somalia,1971,0.048692413,-0.7607974991666667
Somalia,1972,0.059525907,-0.3978953325
Somalia,1973,0.06520972,-0.3459873191666667
Somalia,1974,0.07942564,-0.516128225
Somalia,1975,0.11790237,-0.4987681741666667
Somalia,1976,0.109942704,-0.5275398908333333
Somalia,1977,0.17813334,-0.4667959231666667
Somalia,1978,0.11566896,-0.3457338016666667
Somalia,1979,0.08943044,-0.3446480411666666
Somalia,1980,0.13702737,-0.0793439564499999
Somalia,1981,0.045931634,-0.4485373481666666
Somalia,1982,0.11961517,-0.25909773225
Somalia,1983,0.15073602,0.0738404584166666
Somalia,1984,0.11114523,-0.66216898
Somalia,1985,0.12809578,-0.5286455179166667
Somalia,1986,0.13238177,-0.457727437
Somalia,1987,0.13736962,-0.0246067053333333
Somalia,1988,0.13871625,0.0152068141666666
Somalia,1989,0.13381608,-0.3906698208333333
Somalia,1990,0.110436656,0.0787248621054999
Somalia,1991,0.10330989,-0.13362836825
Somalia,1992,0.10255308,-0.1803511004166667
Somalia,1993,0.093658805,-0.2846199681666667
Somalia,1994,0.088010065,-0.4838248891666666
Somalia,1995,0.08036181,-0.1269920644166666
Somalia,1996,0.076147206,-0.3252706483333333
Somalia,1997,0.06836802,-0.4181292838333333
Somalia,1998,0.061999865,0.2484979605999999
Somalia,1999,0.057384767,-0.2449253348333333
Somalia,2000,0.053890444,-0.3060062758333333
Somalia,2001,0.054172613,-0.1023335448333333
Somalia,2002,0.05831688,-0.0574339247916666
Somalia,2003,0.056573413,0.0835046773333333
Somalia,2004,0.05452727,-0.1223276471416666
Somalia,2005,0.05301076,-0.0437542593333333
Somalia,2006,0.051410746,-0.0354777971666666
Somalia,2007,0.053718038,0.2874517466666667
Somalia,2008,0.051521357,-0.2399638485833333
Somalia,2009,0.049931005,0.3035807605
Somalia,2010,0.049902372,0.31533448075
Somalia,2011,0.049550503,-0.0126339657499999
Somalia,2012,0.048809752,0.0176682443333333
Somalia,2013,0.04896893,-0.115091164
Somalia,2014,0.047243927,0.18040021175
Somalia,2015,0.045644354,0.2387770030833333
Somalia,2016,0.044431645,0.3910775158333333
Somalia,2017,0.042740073,0.3377401041666667
Somalia,2018,0.041257966,-0.1216764452499999
Somalia,2019,0.039769154,0.3997464146666666
Somalia,2020,0.03586731,0.550658545
Somalia,2021,0.03585213,0.2373401291666667
Somalia,2022,0.03147589,0.3468710589166666
Somalia,2023,0.03037349,0.4732605645833334
South Africa,1940,3.866799,-0.1808690191666666
South Africa,1941,4.0492563,-0.0257602591666667
South Africa,1942,4.339325,-0.9706410404166668
South Africa,1943,4.2875905,-1.196094679166667
South Africa,1944,4.7074795,-1.293537779166667
South Africa,1945,4.7289643,-0.576661825
South Africa,1946,4.6544867,-0.7416140175
South Africa,1947,4.5498047,-1.1927087425
South Africa,1948,4.5651846,-1.3434352875
South Africa,1949,4.7465005,-0.2525053871666666
South Africa,1950,4.680853,-0.5320542666666667
South Africa,1951,4.894568,-0.5082946658333333
South Africa,1952,5.213706,-0.3680844304166666
South Africa,1953,5.1102567,-0.090151225
South Africa,1954,5.2027016,-1.2264408983333333
South Africa,1955,5.7066264,-1.524798487
South Africa,1956,5.8641853,-1.04510886275
South Africa,1957,5.880798,-0.6927937629166667
South Africa,1958,6.162036,-0.523505936
South Africa,1959,5.8990545,-0.6803553775000001
South Africa,1960,5.951504,-0.6474464766666667
South Africa,1961,6.0397377,-0.6594920991666667
South Africa,1962,6.066547,-0.3019626191666666
South Africa,1963,6.111285,-0.6995298945833333
South Africa,1964,6.457995,-0.8731296166666667
South Africa,1965,6.7126517,-0.7174408441666666
South Africa,1966,6.5126815,-0.295262182
South Africa,1967,6.584617,-0.8993771110000001
South Africa,1968,6.5826287,-1.347287261666667
South Africa,1969,6.622498,-0.5267246446666667
South Africa,1970,6.7153745,-0.3899494816666666
South Africa,1971,7.3403707,-0.8368502445833333
South Africa,1972,7.266325,-0.4723566349999999
South Africa,1973,7.135536,-0.6343077883333333
South Africa,1974,7.064864,-1.2258804666666665
South Africa,1975,7.201041,-1.1678136258333334
South Africa,1976,7.3082824,-1.37938135
South Africa,1977,7.365143,-0.5956513891666667
South Africa,1978,7.243625,-0.7449612600000001
South Africa,1979,7.6365967,-0.456426615
South Africa,1980,7.730589,-0.4197810533333333
South Africa,1981,8.417383,-1.0190746808333333
South Africa,1982,8.87018,-0.3342319297833333
South Africa,1983,8.915964,0.0954813110833333
South Africa,1984,9.3115225,-0.1333990068666666
South Africa,1985,9.242078,-0.0265398808333333
South Africa,1986,9.134683,-0.0680964770833333
South Africa,1987,8.805216,0.0086400608333333
South Africa,1988,8.904611,-0.5441658431666666
South Africa,1989,8.597622,-0.7252023294166667
South Africa,1990,7.6799827,-0.380926616
South Africa,1991,7.8206625,-0.401116695
South Africa,1992,7.0994544,0.1077116333333333
South Africa,1993,7.398769,0.1361723783333333
South Africa,1994,7.696957,-0.4798287554166666
South Africa,1995,8.120371,-0.3841761708333333
South Africa,1996,8.060912,-1.076776269045
South Africa,1997,8.435513,-0.6419281787500001
South Africa,1998,8.161644,-0.043634577375
South Africa,1999,8.022443,0.4142580083333333
South Africa,2000,8.021831,-0.6746381916
South Africa,2001,7.8126817,-0.3090192454166666
South Africa,2002,7.4245706,-0.1365621041666666
South Africa,2003,8.338291,0.1953692391666666
South Africa,2004,9.171146,0.1246463420833333
South Africa,2005,8.409805,0.2080365804166666
South Africa,2006,8.935718,-0.4715301991666666
South Africa,2007,9.203606,-0.0588917699999999
South Africa,2008,9.6782255,-0.0335775979999999
South Africa,2009,9.1733465,-0.15223225125
South Africa,2010,8.8453245,0.3144193455
South Africa,2011,8.791516,-0.5898032983333333
South Africa,2012,8.533725,-0.201936
South Africa,2013,8.388023,-0.0564919329999999
South Africa,2014,8.489372,0.0426622203333333
South Africa,2015,7.868861,0.9307308204166668
South Africa,2016,7.9827814,0.918203355
South Africa,2017,7.6341605,0.3714292833333333
South Africa,2018,7.4144244,0.4547193783333333
South Africa,2019,7.7887363,1.223168125
South Africa,2020,7.16727,0.2706180366166666
South Africa,2021,6.9252067,-0.0580731273333333
South Africa,2022,6.497632,0.2100854633333333
South Africa,2023,6.3578267,0.3260165733333333
South Korea,1940,0.052291572,-2.055459249166667
South Korea,1941,0.057031173,-1.9551890358333333
South Korea,1942,0.061373632,-1.3837446008333332
South Korea,1943,0.05778662,-1.4982932116666667
South Korea,1944,0.059320096,-1.5666851566666669
South Korea,1945,0.00020727544,-2.3935661625
South Korea,1946,0.02700406,-0.9614497433333332
South Korea,1947,0.048331134,-2.7498087483333333
South Korea,1948,0.08740277,-0.7646983016666667
South Korea,1949,0.11088773,-1.3026390058333333
South Korea,1950,0.110525586,-1.157667945
South Korea,1951,0.14715642,-0.858086465
South Korea,1952,0.17114978,-0.8732534725
South Korea,1953,0.22591305,-0.9190355658333332
South Korea,1954,0.24088469,-0.6504558673333333
South Korea,1955,0.2912868,-0.685813965
South Korea,1956,0.3302815,-1.9852752314166668
South Korea,1957,0.34717,-1.6135570375
South Korea,1958,0.36808982,-0.6637302608333333
South Korea,1959,0.44356456,-0.1470913270833333
South Korea,1960,0.480182,-0.2769261984166666
South Korea,1961,0.5380685,-0.0465605841666666
South Korea,1962,0.62748444,-0.8363170775
South Korea,1963,0.7490779,-1.4815371496666667
South Korea,1964,0.7721415,-0.2514927893333333
South Korea,1965,0.85295933,-1.2009143688333337
South Korea,1966,1.0045685,-0.9462000970833332
South Korea,1967,1.151417,-0.972303895
South Korea,1968,1.1931627,-0.9472948925
South Korea,1969,1.3332683,-1.5273650075
South Korea,1970,1.6506698,-1.2482528625
South Korea,1971,1.7609526,-1.0483166883333337
South Korea,1972,1.7752918,-0.7649736041666667
South Korea,1973,2.107522,-0.5624539350000001
South Korea,1974,2.1409817,-1.588320145
South Korea,1975,2.2763543,-0.3320970471666667
South Korea,1976,2.559232,-1.23591297
South Korea,1977,2.8623624,-0.4833622906666666
South Korea,1978,3.0341628,-0.0723191195
South Korea,1979,3.5235012,-0.3173969591666666
South Korea,1980,3.5270243,-1.7031204175
South Korea,1981,3.6079824,-1.44416488
South Korea,1982,3.57713,-0.4480802314166667
South Korea,1983,3.7282565,-0.6171277483333334
South Korea,1984,3.9583094,-1.20039409125
South Korea,1985,4.1011457,-0.905302435
South Korea,1986,4.2258806,-1.45265495
South Korea,1987,4.379712,-0.6710858541666666
South Korea,1988,4.9147034,-0.7335799008333334
South Korea,1989,5.135252,0.0302513083333333
South Korea,1990,5.682917,0.2632057394166666
South Korea,1991,6.203729,-0.6064573171666666
South Korea,1992,6.716258,-0.34883842
South Korea,1993,7.35556,-0.9217374991666666
South Korea,1994,7.8814225,0.53232764
South Korea,1995,8.456674,-0.6888916424999999
South Korea,1996,9.22455,-0.7892259191666667
South Korea,1997,9.68553,-0.1745559625
South Korea,1998,8.177178,0.6915060935833334
South Korea,1999,8.828298,0.0711129469166666
South Korea,2000,9.40801,-0.3026723825833333
South Korea,2001,9.685324,-0.0766538825583333
South Korea,2002,10.064994,-0.1597335208333332
South Korea,2003,10.211972,-0.274815395
South Korea,2004,10.302309,0.5218610725
South Korea,2005,10.42156,-0.4922789491666666
South Korea,2006,10.487716,0.1362106591666667
South Korea,2007,10.828759,0.4317276858333334
South Korea,2008,11.015094,0.1843898568333333
South Korea,2009,11.078416,0.1790214633333333
South Korea,2010,12.186755,-0.2115437375
South Korea,2011,12.690278,-0.4798467275
South Korea,2012,12.660258,-0.5501518016666667
South Korea,2013,12.673587,0.0163144275
South Korea,2014,12.453083,0.3000953883333333
South Korea,2015,12.4387865,0.637853555
South Korea,2016,12.435507,0.836207525
South Korea,2017,12.712863,0.2529704488333333
South Korea,2018,12.977493,0.1650477908333333
South Korea,2019,12.480777,0.6817311170833333
South Korea,2020,11.524341,0.4390225233333333
South Korea,2021,11.882247,0.7750291351666667
South Korea,2022,11.62734,0.3836665391666667
South Korea,2023,11.158091,1.0874630191666668
South Sudan,1950,0.017750433,-2.6863551083333337
South Sudan,1951,0.022977378,-2.009074688333333
South Sudan,1952,0.023771591,-2.0026775875
South Sudan,1953,0.025643962,-2.36326265
South Sudan,1954,0.024762029,-2.060623958333333
South Sudan,1955,0.027594816,-2.0032633166666667
South Sudan,1956,0.026241664,-1.8123990833333328
South Sudan,1957,0.033143714,-1.5840007341666666
South Sudan,1958,0.036461167,-1.1535682725
South Sudan,1959,0.038095873,-1.2911667733333332
South Sudan,1960,0.037338674,-1.1021262880833331
South Sudan,1961,0.03746585,-1.54497591
South Sudan,1962,0.03951053,-1.9020047166666665
South Sudan,1963,0.043977678,-1.733426242
South Sudan,1964,0.04779228,-0.9190001348916668
South Sudan,1965,0.061231304,-0.6243958541666667
South Sudan,1966,0.06572877,-0.37859375
South Sudan,1967,0.07822424,-1.4647847775
South Sudan,1968,0.07523655,-1.2059493
South Sudan,1969,0.10002671,-0.7751876516666667
South Sudan,1970,0.114568725,-1.04324245725
South Sudan,1971,0.115596175,-1.5787086546416669
South Sudan,1972,0.12218157,-1.205640643333333
South Sudan,1973,0.120379254,-0.8096761725
South Sudan,1974,0.12282634,-1.586291
South Sudan,1975,0.08924994,-1.723248325
South Sudan,1976,0.07703456,-1.5438203716666667
South Sudan,1977,0.076106094,-1.4507136275
South Sudan,1978,0.067047484,-1.5178007875
South Sudan,1979,0.06789426,-1.0341167441666668
South Sudan,1980,0.06949287,-0.9634815866666666
South Sudan,1981,0.06587776,-0.7607086508333333
South Sudan,1982,0.06758327,-1.0401390483333337
South Sudan,1983,0.06746952,-0.685944400625
South Sudan,1984,0.059372988,-0.9208582175
South Sudan,1985,0.06780519,-1.5005463
South Sudan,1986,0.06948482,-1.167073890666667
South Sudan,1987,0.05434211,-0.3228371979166666
South Sudan,1988,0.08045391,-0.3823720665
South Sudan,1989,0.06416328,-1.0964301441666666
South Sudan,1990,0.08855644,-0.05439440025
South Sudan,1991,0.08125306,-0.7491188025
South Sudan,1992,0.07157057,-0.9239865951666668
South Sudan,1993,0.048875686,-0.5304520914166667
South Sudan,1994,0.065685056,-0.6486695616666667
South Sudan,1995,0.06588678,-0.5035759617083333
South Sudan,1996,0.06631223,-0.8988316875
South Sudan,1997,0.07893968,-0.5354166116666667
South Sudan,1998,0.067092,0.0842868423333333
South Sudan,1999,0.07085115,-0.5235269858333333
South Sudan,2000,0.073707804,-0.3979571636666666
South Sudan,2001,0.08109813,-0.4445978846666666
South Sudan,2002,0.098841466,0.0699424804166666
South Sudan,2003,0.10552534,0.10230811195
South Sudan,2004,0.12726678,0.1551108358083333
South Sudan,2005,0.11618685,0.4994459073333333
South Sudan,2006,0.121063516,-0.0731073954166666
South Sudan,2007,0.1352315,-0.11108732
South Sudan,2008,0.13588174,-0.1391576072499999
South Sudan,2009,0.13501488,0.5823933310833332
South Sudan,2010,0.13029507,0.3481814088333333
South Sudan,2011,0.120417714,-0.1526939089166666
South Sudan,2012,0.12365266,-0.1206318544166666
South Sudan,2013,0.12928402,0.3107827453333333
South Sudan,2014,0.13338423,0.1651384058333333
South Sudan,2015,0.17219052,0.7112598544166667
South Sudan,2016,0.15731767,1.1431081970833334
South Sudan,2017,0.14178704,1.0104557625
South Sudan,2018,0.17156464,0.7032702677499999
South Sudan,2019,0.17083813,0.5613842146666667
South Sudan,2020,0.158226,0.3057430558333333
South Sudan,2021,0.16152208,0.8854104721666666
South Sudan,2022,0.1441006,0.6111191241666667
South Sudan,2023,0.13763057,1.4867879416666667
Spain,1940,0.83965087,-1.816775493583333
Spain,1941,0.8279653,-1.6713107608333333
Spain,1942,0.87990457,-1.3714888391666669
Spain,1943,0.9023273,-0.9424253740833334
Spain,1944,0.96744514,-1.5600747944166666
Spain,1945,1.0512903,-0.3153702071666666
Spain,1946,1.0356616,-1.553108926666667
Spain,1947,1.1396006,-0.5680660733333333
Spain,1948,1.1857615,-0.9123506866666666
Spain,1949,1.2848823,-1.0011699616666667
Spain,1950,1.1766006,-0.6934163666666667
Spain,1951,1.1736795,-1.7335944758333337
Spain,1952,1.3237574,-1.3514895875
Spain,1953,1.3596885,-1.2312912066666668
Spain,1954,1.3765557,-1.505847999166667
Spain,1955,1.3844007,-0.47287798
Spain,1956,1.4436505,-2.413918873333333
Spain,1957,1.6981231,-1.5170121285583331
Spain,1958,1.8718101,-1.0592347291666668
Spain,1959,1.7278632,-1.1037839966666667
Spain,1960,1.6071616,-1.2659356233333334
Spain,1961,1.7461786,-0.2984159008333333
Spain,1962,1.932209,-1.2466717512333334
Spain,1963,1.8719987,-1.92990815875
Spain,1964,2.0264869,-1.1257698083333334
Spain,1965,2.211743,-1.5056178225
Spain,1966,2.3907292,-1.1867786958333333
Spain,1967,2.6323009,-1.1809042758333332
Spain,1968,2.9248435,-0.8598710093333333
Spain,1969,2.887938,-1.6762131833333334
Spain,1970,3.4533348,-1.0105446375
Spain,1971,3.760783,-1.8235775108333327
Spain,1972,4.1898384,-2.055307755833333
Spain,1973,4.4366727,-1.4134943166666665
Spain,1974,4.882843,-1.5093388783333337
Spain,1975,5.0579677,-1.4969852899999998
Spain,1976,5.466184,-1.4677099425
Spain,1977,5.3303037,-1.2727639725000002
Spain,1978,5.4061594,-1.5273894858333332
Spain,1979,5.4457364,-1.1833391883333333
Spain,1980,5.6986165,-1.1897861483333332
Spain,1981,5.4504557,-0.5306410025
Spain,1982,5.4826465,-0.5731881799999999
Spain,1983,5.318122,-0.5557835858333333
Spain,1984,5.1425705,-1.4656682875
Spain,1985,5.1794004,-0.6199277275
Spain,1986,4.8821344,-0.93293316625
Spain,1987,4.8776965,-0.2959011346833333
Spain,1988,5.0692353,-0.6345609799999999
Spain,1989,5.7619333,0.1968682658333333
Spain,1990,5.889076,-0.0775641275
Spain,1991,6.1224174,-0.8254515699999999
Spain,1992,6.3016186,-0.9015216813333334
Spain,1993,6.047904,-1.2825620216666669
Spain,1994,6.323517,0.0866422675
Spain,1995,6.6357403,0.5460693041666667
Spain,1996,6.2935877,-0.4543574316666667
Spain,1997,6.569579,0.4652536691666666
Spain,1998,6.7537036,-0.06097015125
Spain,1999,7.2960796,-0.2193688169166666
Spain,2000,7.559086,-0.0536237866666666
Spain,2001,7.5598183,0.0246524099999999
Spain,2002,7.949823,0.0779141583333333
Spain,2003,7.912497,0.3548161185833333
Spain,2004,8.165038,-0.2336602283333333
Spain,2005,8.379175,-0.3094364075
Spain,2006,8.046786,0.5147311383333333
Spain,2007,8.071818,-0.44304284
Spain,2008,7.2648177,-0.5020215466666667
Spain,2009,6.3578978,0.2765347191666666
Spain,2010,6.0404763,-0.5428210541666667
Spain,2011,6.0385685,0.5358000254166667
Spain,2012,5.9138956,-0.0195315708333333
Spain,2013,5.376438,-0.3841000308333333
Spain,2014,5.4405065,0.5029192716666666
Spain,2015,5.7994676,0.6301581883333334
Spain,2016,5.5555286,0.4151339141666667
Spain,2017,5.837174,0.8689998065000001
Spain,2018,5.703422,4.136166666666533e-05
Spain,2019,5.282928,0.4023752166666667
Spain,2020,4.4430604,0.5304249817500001
Spain,2021,4.7987103,0.1082061995833333
Spain,2022,4.906234,1.2721087883333333
Spain,2023,4.6255174,1.0564289425
Sri Lanka,1950,0.20827208,-0.416248645
Sri Lanka,1951,0.19430427,-0.44817400125
Sri Lanka,1952,0.23892169,-0.1307260099999999
Sri Lanka,1953,0.24969277,-0.2197766241666666
Sri Lanka,1954,0.21123183,-1.1676286058333334
Sri Lanka,1955,0.19286852,-1.3799675333333334
Sri Lanka,1956,0.1609609,-1.1854225766666666
Sri Lanka,1957,0.257651,-0.6727142366666666
Sri Lanka,1958,0.21163785,-0.6068998933333334
Sri Lanka,1959,0.2179314,-0.4233762425
Sri Lanka,1960,0.23357697,-0.90255372
Sri Lanka,1961,0.23573758,-0.9372886033333332
Sri Lanka,1962,0.25245005,-0.8880666091666667
Sri Lanka,1963,0.2435333,-0.8744281141666667
Sri Lanka,1964,0.21320832,-0.818427395
Sri Lanka,1965,0.24329603,-1.0497458675
Sri Lanka,1966,0.2378188,-0.6618089641666667
Sri Lanka,1967,0.25704885,-0.8599217758333334
Sri Lanka,1968,0.2759095,-0.7924475700000001
Sri Lanka,1969,0.35917538,-0.3747819275
Sri Lanka,1970,0.2924276,-0.5346484166666666
Sri Lanka,1971,0.2544216,-0.7844863000000001
Sri Lanka,1972,0.2761992,-0.35022799185
Sri Lanka,1973,0.28208622,-0.1320058549166666
Sri Lanka,1974,0.22015457,-0.5662690838333333
Sri Lanka,1975,0.21352108,-0.6767273
Sri Lanka,1976,0.2028572,-0.3493865358333333
Sri Lanka,1977,0.20720144,-0.4879061471666666
Sri Lanka,1978,0.24007875,-0.4154178313333334
Sri Lanka,1979,0.2612572,0.1131488491666666
Sri Lanka,1980,0.22822043,0.0323958375
Sri Lanka,1981,0.26528063,-0.3082073581666666
Sri Lanka,1982,0.29221097,-0.1183217370833333
Sri Lanka,1983,0.31548333,0.3810739525
Sri Lanka,1984,0.24945913,-0.612926325
Sri Lanka,1985,0.25196466,-0.3333268216666666
Sri Lanka,1986,0.23267777,-0.146696251
Sri Lanka,1987,0.25300208,0.1323753975
Sri Lanka,1988,0.21498416,-0.1067001033333333
Sri Lanka,1989,0.21214324,-0.3384359764166667
Sri Lanka,1990,0.23426642,0.0140390396666666
Sri Lanka,1991,0.251178,-0.0160036083333333
Sri Lanka,1992,0.30505186,-0.2537355425
Sri Lanka,1993,0.2922276,-0.177985511
Sri Lanka,1994,0.31461522,-0.3818855273241666
Sri Lanka,1995,0.3310334,-0.0890461629166666
Sri Lanka,1996,0.38930967,-0.2540280021666666
Sri Lanka,1997,0.41211239,0.0168229752583333
Sri Lanka,1998,0.41600037,0.55599276575
Sri Lanka,1999,0.4495517,-0.4287840549166666
Sri Lanka,2000,0.525273,-0.456311861
Sri Lanka,2001,0.5268474,-0.0988829950833333
Sri Lanka,2002,0.5527713,-0.0235888179999999
Sri Lanka,2003,0.54898417,0.0090112683333333
Sri Lanka,2004,0.6047206,-0.0153400095
Sri Lanka,2005,0.5903711,0.21527545225
Sri Lanka,2006,0.5794185,-0.0302556313999999
Sri Lanka,2007,0.5929932,-0.1106289243333333
Sri Lanka,2008,0.58108026,-0.1823402999083333
Sri Lanka,2009,0.62364656,0.1735089584166666
Sri Lanka,2010,0.62507623,0.1242780691666666
Sri Lanka,2011,0.70856047,-0.09610160525
Sri Lanka,2012,0.7462705,0.1332058918
Sri Lanka,2013,0.6793697,-0.0307272288333333
Sri Lanka,2014,0.8084504,0.0185044599166666
Sri Lanka,2015,0.90600365,0.0807539613333333
Sri Lanka,2016,1.0491202,0.6369996133333333
Sri Lanka,2017,1.0355599,0.1620748816666666
Sri Lanka,2018,0.9031052,-0.2122745535
Sri Lanka,2019,0.9475737,0.3189115513166666
Sri Lanka,2020,0.91415465,0.4125963875
Sri Lanka,2021,1.0138694,0.0247108145
Sri Lanka,2022,0.87160707,-0.1325190843083333
Sri Lanka,2023,0.88446397,0.299297333625
Sudan,1950,0.08164062,-2.656033990833333
Sudan,1951,0.10409085,-1.7523070933333331
Sudan,1952,0.10616853,-1.4932071458333331
Sudan,1953,0.113031276,-2.0888342854166666
Sudan,1954,0.10779368,-1.54746611
Sudan,1955,0.11865683,-1.3043576841666666
Sudan,1956,0.11149066,-1.2258137216666667
Sudan,1957,0.13907418,-0.8770151306249999
Sudan,1958,0.15078479,-0.4947945275
Sudan,1959,0.15497914,-1.1934509249999998
Sudan,1960,0.14938869,-0.4139634833333334
Sudan,1961,0.14745322,-1.7278838033333337
Sudan,1962,0.15294825,-0.7022471499999999
Sudan,1963,0.16735171,-0.6971529314166666
Sudan,1964,0.17918491,-1.8915921666666664
Sudan,1965,0.2262159,-1.242129315
Sudan,1966,0.23816945,-0.7563007591666667
Sudan,1967,0.27745163,-1.2822488161666667
Sudan,1968,0.26132268,-1.023820709166667
Sudan,1969,0.34016818,-0.1828376396666666
Sudan,1970,0.38134333,-1.12135808
Sudan,1971,0.3781669,-1.3737323988333332
Sudan,1972,0.3944685,-0.8233270691666666
Sudan,1973,0.382052,-0.6017796169999999
Sudan,1974,0.38444808,-1.5002028141666666
Sudan,1975,0.2768578,-1.4216039975
Sudan,1976,0.23670465,-0.735253802
Sudan,1977,0.23165794,-1.6475825166666669
Sudan,1978,0.20110483,-1.073859844166667
Sudan,1979,0.20034619,-0.23643398
Sudan,1980,0.20150225,-0.4411946938333333
Sudan,1981,0.18784623,-0.73821354875
Sudan,1982,0.18983722,-1.2614657083333334
Sudan,1983,0.18743458,-1.3010310075
Sudan,1984,0.16429023,-0.7804849966666666
Sudan,1985,0.18746391,-1.039680485
Sudan,1986,0.19198884,-0.8311184258333334
Sudan,1987,0.14829554,-0.4011240041666666
Sudan,1988,0.21019328,-0.4642074906666666
Sudan,1989,0.15947658,-1.1731052389166667
Sudan,1990,0.21720992,0.0339903708333333
Sudan,1991,0.19936946,-0.2370800938333333
Sudan,1992,0.17452312,-1.1862792983333337
Sudan,1993,0.117492065,-0.3551721559166667
Sudan,1994,0.15961659,-0.8605742391666666
Sudan,1995,0.16060415,-0.5770948764166667
Sudan,1996,0.16233365,-0.6283998444333333
Sudan,1997,0.19467501,-0.7345856191666668
Sudan,1998,0.16524823,-0.1063919071666666
Sudan,1999,0.17520224,0.051901650025
Sudan,2000,0.19022818,-0.5115364400833333
Sudan,2001,0.21101527,-0.1416010810833333
Sudan,2002,0.26116475,0.0710554183333333
Sudan,2003,0.28482822,0.1250076286666666
Sudan,2004,0.355598,0.0695123635
Sudan,2005,0.33772284,0.2702889481666666
Sudan,2006,0.36085162,0.0222109086666666
Sudan,2007,0.41397744,-0.1572411883333333
Sudan,2008,0.4216833,0.148647305
Sudan,2009,0.4282725,0.5931086490833334
Sudan,2010,0.42552695,1.0677371058333334
Sudan,2011,0.40705228,-0.2007884975
Sudan,2012,0.42681542,0.0954058856083333
Sudan,2013,0.45980918,0.4412724155
Sudan,2014,0.3372939,0.3137833308333333
Sudan,2015,0.3559455,0.449687005
Sudan,2016,0.47826862,0.5926319816666666
Sudan,2017,0.47548124,0.5470479235833333
Sudan,2018,0.46384126,0.4707442866666667
Sudan,2019,0.47511515,0.3366260525
Sudan,2020,0.4523519,0.0300704650416666
Sudan,2021,0.4622384,0.6060684541666667
Sudan,2022,0.40985763,-0.0177063874999999
Sudan,2023,0.39968732,1.1929319566666667
Suriname,1950,1.08689,-0.7662892391666666
Suriname,1951,1.1696961,-0.5887602191666667
Suriname,1952,1.2964317,-0.4435157708333333
Suriname,1953,1.4667803,-0.4820502641666667
Suriname,1954,1.5420946,-1.2895212166666667
Suriname,1955,1.3832433,-1.2900098416666668
Suriname,1956,1.4681005,-1.45073415
Suriname,1957,1.5608485,-0.4162837625
Suriname,1958,1.2895093,0.19338909125
Suriname,1959,1.4348933,-0.9597113983333332
Suriname,1960,1.6383796,-0.8280340866666668
Suriname,1961,1.571725,-0.9423298863333334
Suriname,1962,1.7424387,-0.9122788057
Suriname,1963,1.7888577,-0.7459529216666666
Suriname,1964,1.9565176,-0.3900996890833333
Suriname,1965,2.4850538,-0.1294414191666666
Suriname,1966,3.3088868,0.0672014588833333
Suriname,1967,3.892389,-0.6871496874999999
Suriname,1968,4.0919957,-0.6997990658333334
Suriname,1969,4.144706,-0.3679367723
Suriname,1970,4.239545,-0.8099729216666667
Suriname,1971,4.3750644,-1.2993133916666666
Suriname,1972,4.3883305,-0.5908018725
Suriname,1973,5.3231096,-0.7278550458333334
Suriname,1974,4.06707,-1.1389148975
Suriname,1975,5.161381,-1.2212425791666666
Suriname,1976,5.1423774,-0.8735537581666666
Suriname,1977,4.9282703,-0.6708849266666667
Suriname,1978,6.270165,-0.7309298503333334
Suriname,1979,6.072641,-0.6140619883333334
Suriname,1980,6.3125873,-0.4809309616666666
Suriname,1981,5.4028506,-0.4624265031666666
Suriname,1982,4.968081,-0.4288112291333333
Suriname,1983,3.6228893,0.009144465
Suriname,1984,4.061359,-0.952939675
Suriname,1985,4.1243515,-0.9544819166666666
Suriname,1986,4.4786115,-0.5654444740833333
Suriname,1987,4.4266205,0.5480109891666667
Suriname,1988,4.6592803,-0.1262628174999999
Suriname,1989,4.534504,-0.6145356563750001
Suriname,1990,4.2123017,-0.10046546225
Suriname,1991,4.8753233,-0.104458646
Suriname,1992,4.8626943,0.25288899275
Suriname,1993,4.8596706,-0.1626372335
Suriname,1994,4.8355546,-0.2871707255833333
Suriname,1995,4.796787,0.06176360675
Suriname,1996,4.7460704,-0.1985448241666666
Suriname,1997,4.69725,0.0253361080416666
Suriname,1998,4.601197,0.4397252375
Suriname,1999,4.5466485,-0.4299170224999999
Suriname,2000,4.599915,-0.5912372216666667
Suriname,2001,4.856598,-0.4115182541666666
Suriname,2002,3.1421475,-0.0513240488333333
Suriname,2003,3.0368507,0.129179635
Suriname,2004,3.0274906,0.1960557329166666
Suriname,2005,3.0591114,0.2307011266666666
Suriname,2006,3.3118331,-0.1483434046666666
Suriname,2007,3.3078532,-0.24984852375
Suriname,2008,3.5955482,-0.4212886475249999
Suriname,2009,3.6625736,0.1824240659999999
Suriname,2010,4.310141,0.0828116716666666
Suriname,2011,4.953047,-0.0503374725833333
Suriname,2012,4.4296713,0.2084317291666666
Suriname,2013,5.5317197,-0.2544775008333333
Suriname,2014,5.5631146,0.15657949275
Suriname,2015,4.6653666,0.2996389047375
Suriname,2016,4.9697065,0.3817551921333333
Suriname,2017,4.08715,0.2549789731666667
Suriname,2018,3.4853392,-0.1269381868333333
Suriname,2019,4.3514423,0.2904791850833333
Suriname,2020,4.7658405,0.2952968324166666
Suriname,2021,4.277874,-0.1768320420833333
Suriname,2022,4.23634,-0.3278895961666666
Suriname,2023,4.2100472,0.7021006
Sweden,1940,2.889667,-2.290930024166667
Sweden,1941,2.3354127,-2.2691207725
Sweden,1942,2.00449,-2.6753172175
Sweden,1943,2.4136796,0.0294605888333333
Sweden,1944,1.8778677,-0.6155158566666666
Sweden,1945,0.67989767,-1.18332801
Sweden,1946,2.5713384,-1.1053638625000002
Sweden,1947,3.676768,-1.8850110525
Sweden,1948,4.4690375,-0.64878257
Sweden,1949,3.85768,0.298375805
Sweden,1950,4.0840244,-0.9553295758333332
Sweden,1951,4.7274876,-0.6334557274999999
Sweden,1952,4.845302,-1.6166403058333332
Sweden,1953,4.5387135,0.4956191908333333
Sweden,1954,4.7819166,-0.8094397616666665
Sweden,1955,5.383375,-2.0021329058333333
Sweden,1956,5.92926,-2.47774128
Sweden,1957,5.2727036,-0.7449011025833334
Sweden,1958,5.674291,-1.6655257616666663
Sweden,1959,5.6870403,0.314508842
Sweden,1960,6.5696063,-0.8612846911166666
Sweden,1961,6.489347,-0.3416196591666667
Sweden,1962,6.78077,-2.4575919833333333
Sweden,1963,7.274054,-1.85127804
Sweden,1964,7.879773,-1.050042312
Sweden,1965,8.090333,-2.1542644666666666
Sweden,1966,9.290508,-2.7844977866666665
Sweden,1967,8.762608,-0.6922595191666666
Sweden,1968,9.808569,-1.6576563835833331
Sweden,1969,10.841058,-1.5316915225
Sweden,1970,11.474596,-1.7762943308333332
Sweden,1971,10.435704,-0.9999873015416668
Sweden,1972,10.428381,-0.1281907535833333
Sweden,1973,10.727359,-0.6393200966666667
Sweden,1974,9.781501,0.1617388358333333
Sweden,1975,9.8576765,0.409120365
Sweden,1976,10.731852,-1.5615518516666669
Sweden,1977,10.390694,-1.3928215166666666
Sweden,1978,9.603551,-1.9147893658333333
Sweden,1979,10.232894,-1.7594984683333337
Sweden,1980,8.629382,-1.6918103425
Sweden,1981,8.339556,-1.8637468525
Sweden,1982,7.47817,-0.5652536446666667
Sweden,1983,6.9959393,-0.3369971141666667
Sweden,1984,6.874407,-0.2996427016666667
Sweden,1985,7.4685736,-2.863251210833333
Sweden,1986,7.4089007,-1.38860794
Sweden,1987,7.108544,-2.2504291133333334
Sweden,1988,6.806896,-0.5164472445833334
Sweden,1989,6.5374103,0.7842774486666667
Sweden,1990,6.7208395,0.8141616264166668
Sweden,1991,6.7020774,-0.2410053120833333
Sweden,1992,6.6429887,0.1544525166666666
Sweden,1993,6.6038055,-0.7059858211666666
Sweden,1994,6.836518,-0.7292362883333333
Sweden,1995,6.7425933,-0.5752519761083333
Sweden,1996,7.1695747,-1.1858369783333331
Sweden,1997,6.600343,0.087879675
Sweden,1998,6.643855,-0.8549586916666666
Sweden,1999,6.320143,-0.1436519404166667
Sweden,2000,6.1913505,0.7950750700000001
Sweden,2001,6.276719,-0.579286595
Sweden,2002,6.351311,0.0533930708333333
Sweden,2003,6.395369,-0.0104709775
Sweden,2004,6.284015,-0.1555934470833333
Sweden,2005,5.966446,0.25948017
Sweden,2006,5.9178863,0.6556155216666667
Sweden,2007,5.7928085,0.3369461080833333
Sweden,2008,5.5170517,0.4745011066666666
Sweden,2009,5.080106,-0.2673386283333334
Sweden,2010,5.6641927,-2.132091789875
Sweden,2011,5.2079105,0.80377172175
Sweden,2012,4.907013,-0.7210841708333334
Sweden,2013,4.708229,0.104552335
Sweden,2014,4.48339,1.0954101975
Sweden,2015,4.4306774,0.8263721666666667
Sweden,2016,4.3749504,0.3242124038333333
Sweden,2017,4.2194505,-0.0062579325
Sweden,2018,4.1333666,0.432864105
Sweden,2019,3.9724972,0.2471946699999999
Sweden,2020,3.5448945,1.656325031666667
Sweden,2021,3.7090452,-0.0948115525
Sweden,2022,3.573317,0.7145745558333333
Sweden,2023,3.464577,-0.0513935991666666
Switzerland,1940,1.9632797,-2.8955160716666666
Switzerland,1941,1.5525644,-2.7442186750000004
Switzerland,1942,1.3555924,-1.99221012
Switzerland,1943,1.4181014,-1.07963246
Switzerland,1944,1.011716,-2.309055283333333
Switzerland,1945,0.36479387,-1.812753835
Switzerland,1946,1.2832824,-1.5121959433333334
Switzerland,1947,2.0808475,-0.9154815471666669
Switzerland,1948,2.225985,-1.3275401641666666
Switzerland,1949,1.8389218,-0.7576757916666667
Switzerland,1950,2.1806393,-0.8375095241666667
Switzerland,1951,2.5902064,-1.1527193558333333
Switzerland,1952,2.3328314,-1.4452267991666667
Switzerland,1953,2.119409,-1.0154908333333337
Switzerland,1954,2.5498917,-1.8714281611666663
Switzerland,1955,2.7217083,-1.5386690566666668
Switzerland,1956,3.3680186,-2.5447859266666666
Switzerland,1957,3.4491007,-0.9132480366666668
Switzerland,1958,3.1338942,-1.0977836711666666
Switzerland,1959,3.1545625,-0.5236193450000001
Switzerland,1960,3.6598225,-1.200513215
Switzerland,1961,3.746906,-0.320967415
Switzerland,1962,4.328112,-2.0843810858333334
Switzerland,1963,5.1053376,-2.0395294141666667
Switzerland,1964,4.859019,-0.9944348816666668
Switzerland,1965,5.1787953,-2.0421086775
Switzerland,1966,5.3209996,-1.1083730471666666
Switzerland,1967,5.4274244,-1.2688374416666666
Switzerland,1968,5.9300613,-1.3928679716666668
Switzerland,1969,6.2003093,-1.6407867133333334
Switzerland,1970,6.5111103,-1.76087163475
Switzerland,1971,6.7412114,-1.2222938175
Switzerland,1972,6.8539147,-1.5035396166666668
Switzerland,1973,7.3244033,-1.5724579683333333
Switzerland,1974,6.531898,-1.0784692225
Switzerland,1975,6.160065,-1.2251994041666665
Switzerland,1976,6.415088,-1.3393275778333331
Switzerland,1977,6.5321712,-0.937089364
Switzerland,1978,6.711493,-1.4744497083333332
Switzerland,1979,6.331484,-1.4194408374166667
Switzerland,1980,6.404982,-1.8592867225
Switzerland,1981,6.1056433,-1.2400714883333332
Switzerland,1982,5.721642,-0.7334647550000001
Switzerland,1983,6.232378,-0.6258681775
Switzerland,1984,6.0709887,-1.77870276
Switzerland,1985,6.1447577,-1.5651046224999998
Switzerland,1986,6.491623,-1.1940942725
Switzerland,1987,6.13871,-1.1620670866666667
Switzerland,1988,6.1625237,-0.32394047
Switzerland,1989,5.925124,-0.47291681
Switzerland,1990,6.576461,-0.3568855024999999
Switzerland,1991,6.7871637,-1.1670411525000002
Switzerland,1992,6.6934586,-0.40539234875
Switzerland,1993,6.2856545,-0.7890121533333333
Switzerland,1994,6.1012816,0.6576761863333332
Switzerland,1995,6.166367,-0.6163690316666667
Switzerland,1996,6.237141,-1.2474579808333333
Switzerland,1997,6.072092,-0.0813125516666666
Switzerland,1998,6.2758956,-0.5324574355775
Switzerland,1999,6.22132,-0.4859338693333333
Switzerland,2000,6.071977,0.1173771396666667
Switzerland,2001,6.2391872,-0.3168500374999999
Switzerland,2002,5.9717784,0.2294533366666666
Switzerland,2003,6.0885286,0.1680163219166666
Switzerland,2004,6.1256723,-0.4749858805
Switzerland,2005,6.1595945,-0.6951469116666668
Switzerland,2006,6.06603,0.1788787698333333
Switzerland,2007,5.746348,0.3355253408333333
Switzerland,2008,5.849308,0.0386719566666667
Switzerland,2009,5.624919,0.1364150741666666
Switzerland,2010,5.7546425,-0.9503148908333332
Switzerland,2011,5.177019,0.8118851166666667
Switzerland,2012,5.28081,0.0030039029166666
Switzerland,2013,5.335637,-0.4753067486666666
Switzerland,2014,4.788791,0.7358301858333333
Switzerland,2015,4.6740065,0.8931289666666666
Switzerland,2016,4.677344,0.4049198425
Switzerland,2017,4.514635,0.3860580099999999
Switzerland,2018,4.32806,1.2789747166666667
Switzerland,2019,4.2810693,0.7599072124999999
Switzerland,2020,3.9613538,1.101858995
Switzerland,2021,4.109331,-0.1300870325
Switzerland,2022,3.7327585,1.5316387541666667
Switzerland,2023,3.6905727,1.5188741808333333
Syria,1940,0.0071331416,-1.0823075775
Syria,1941,0.007033765,-0.6589996400000001
Syria,1942,0.017339114,-0.9271591983333334
Syria,1943,0.011398468,-0.7463415326666666
Syria,1944,0.0056196786,-1.0262560091666666
Syria,1945,0.005541387,-1.4322224475
Syria,1946,0.0065572625,-0.9659129733333334
Syria,1947,0.007543462,-0.0899484116666667
Syria,1948,0.007438366,-1.7302688566666664
Syria,1949,0.0083617745,-2.0885661108333333
Syria,1950,0.114550844,-1.378925958333333
Syria,1951,0.10334009,-0.4445117316666666
Syria,1952,0.12634024,-0.3677978508333333
Syria,1953,0.13290893,-1.5308057475
Syria,1954,0.14638314,-0.52561088
Syria,1955,0.4058869,0.0479407699999999
Syria,1956,0.48139927,-1.2018933275
Syria,1957,0.463088,-0.9123635208333334
Syria,1958,0.49239847,-0.4956570438333333
Syria,1959,0.49096394,-1.7028325875
Syria,1960,0.6887191,-0.1309763149999999
Syria,1961,0.63565433,-1.2688067725
Syria,1962,0.64522743,0.2836921659166667
Syria,1963,0.70567155,-0.5648949275
Syria,1964,0.82771444,-1.61377832
Syria,1965,0.675641,-0.8418548100833334
Syria,1966,0.87554383,0.0266802366666667
Syria,1967,0.79500806,-2.1897086325
Syria,1968,0.99586314,-1.0377659
Syria,1969,1.1712519,-0.9167743875
Syria,1970,1.0422167,-0.7436946458333334
Syria,1971,1.3449695,-1.4323338621666668
Syria,1972,1.1362869,-2.115715267916667
Syria,1973,1.1168368,-1.302638845
Syria,1974,1.3221394,-1.2167407166666668
Syria,1975,1.4787812,-1.4140603441666668
Syria,1976,1.7572844,-1.7076490116666667
Syria,1977,1.8085939,-1.0718203691666666
Syria,1978,1.8131995,-0.6891860558333334
Syria,1979,2.5958142,-0.3114236970833333
Syria,1980,2.313862,-1.1546171148333333
Syria,1981,2.8654666,-0.8952594588333334
Syria,1982,2.545261,-2.073082435
Syria,1983,2.8041577,-1.8732428266666667
Syria,1984,3.2021728,-1.4118901366666667
Syria,1985,2.7658954,-1.0296004191666666
Syria,1986,2.8241231,-0.8042316008333333
Syria,1987,3.1559656,-0.9045749275
Syria,1988,3.1130912,-1.2711048958333333
Syria,1989,2.8139615,-0.6591517033333333
Syria,1990,2.9449742,-0.7766859125
Syria,1991,3.2510235,-0.9246243983333334
Syria,1992,3.1796846,-2.3339941766666668
Syria,1993,3.2779639,-1.3271188058333334
Syria,1994,3.2128656,-0.1228269491666666
Syria,1995,3.152719,-0.731447222
Syria,1996,3.1380692,-0.2603553471666667
Syria,1997,3.1948597,-1.3130163616666668
Syria,1998,3.3601272,0.3947354575
Syria,1999,3.3984866,0.351150346
Syria,2000,3.255898,-0.2068312958333333
Syria,2001,2.9881032,0.3512334374999999
Syria,2002,2.3098788,-0.2313621783333333
Syria,2003,3.0732384,-0.2435239208333333
Syria,2004,2.7969177,-0.3706314208333333
Syria,2005,2.6975083,-0.4588434341666667
Syria,2006,2.732792,-0.3762660720833333
Syria,2007,3.1919188,-0.1534632083333333
Syria,2008,3.1315417,0.0304310162499999
Syria,2009,2.8652048,-0.1109171258333333
Syria,2010,2.7453482,1.6271468741666668
Syria,2011,2.5717041,-0.6718371208333332
Syria,2012,2.0145333,0.3835120683333333
Syria,2013,1.5711961,0.3317909983333333
Syria,2014,1.5262723,0.7588918166666666
Syria,2015,1.4725271,0.645333845
Syria,2016,1.4039447,1.0860487216666663
Syria,2017,1.6432434,0.7945873691666666
Syria,2018,1.5004996,1.3320562766666668
Syria,2019,1.3463072,0.6592065933333333
Syria,2020,1.2500484,1.0909396433333332
Syria,2021,1.2036942,1.3762485083333331
Syria,2022,1.1269557,0.8232693616666666
Syria,2023,1.0808959,1.1960333183333334
Tajikistan,1940,1.1528039,-1.6532462391666665
Tajikistan,1941,1.0037466,0.84370249
Tajikistan,1942,0.5421721,0.33373375
Tajikistan,1943,0.5606966,-1.0662004166666663
Tajikistan,1944,0.80572164,-0.06637282375
Tajikistan,1945,0.8440866,-1.0689371833333332
Tajikistan,1946,0.93915,0.2900095630833334
Tajikistan,1947,1.120205,0.8040211308333333
Tajikistan,1948,1.1804597,-0.2331036458333333
Tajikistan,1949,1.3236461,-1.35433560375
Tajikistan,1950,1.4462786,-1.1318498104166668
Tajikistan,1951,1.507702,-0.6103707695
Tajikistan,1952,1.5583351,-0.3167377907499999
Tajikistan,1953,1.5947971,-0.4853929683333333
Tajikistan,1954,1.6871327,-1.2505601591666666
Tajikistan,1955,1.8553984,-0.64538336975
Tajikistan,1956,1.9747603,-0.2769710646666666
Tajikistan,1957,2.0973892,-1.9666302183333333
Tajikistan,1958,2.17175,-0.9059064316666668
Tajikistan,1959,2.2122679,-0.59236582025
Tajikistan,1960,2.230578,-1.096484125
Tajikistan,1961,2.2276473,-0.6340241908333333
Tajikistan,1962,2.263414,-1.1542685175
Tajikistan,1963,2.3484561,-0.0475111108333333
Tajikistan,1964,2.415889,-1.73766029
Tajikistan,1965,2.4790394,-0.9954588833333332
Tajikistan,1966,2.5328484,-0.7430794841666667
Tajikistan,1967,2.5633805,-1.2508281466666666
Tajikistan,1968,2.5508187,-0.7558147575
Tajikistan,1969,2.5721378,-1.1747207275
Tajikistan,1970,2.6216462,-0.2551490283333333
Tajikistan,1971,2.6990855,-0.1741494780833333
Tajikistan,1972,2.7552156,-2.098552316666667
Tajikistan,1973,2.7855475,-0.4030685475
Tajikistan,1974,2.804645,-1.516528725
Tajikistan,1975,2.858307,-1.3466092808333334
Tajikistan,1976,2.8758206,-0.5687060608333333
Tajikistan,1977,2.881365,0.1424292558333333
Tajikistan,1978,2.8897748,-0.0644204466666666
Tajikistan,1979,2.8273787,0.0513722716666666
Tajikistan,1980,2.855061,0.2963756946666666
Tajikistan,1981,2.7248118,-0.2602919108333333
Tajikistan,1982,2.698364,-1.1569651608333331
Tajikistan,1983,2.6591778,-0.2220644775
Tajikistan,1984,2.6053524,-0.4695183149999999
Tajikistan,1985,2.7236264,-0.2246810945833333
Tajikistan,1986,2.5424573,-0.6935802146666666
Tajikistan,1987,2.3861582,-0.4920641731666667
Tajikistan,1988,2.4866822,0.0293668155
Tajikistan,1989,2.3907907,-1.7356800266666663
Tajikistan,1990,2.2295675,0.4305339221666666
Tajikistan,1991,1.7609792,-0.6547379733333333
Tajikistan,1992,1.2936186,-0.4909694541666666
Tajikistan,1993,0.9031669,-0.8086975275
Tajikistan,1994,0.40428612,-0.4735415283333333
Tajikistan,1995,0.4110724,-0.6747760116666667
Tajikistan,1996,0.46547607,-1.180047592
Tajikistan,1997,0.3501896,-0.04284978
Tajikistan,1998,0.4042308,0.3149611441666666
Tajikistan,1999,0.4054558,-0.4815335616666666
Tajikistan,2000,0.35544544,-0.5276650041666666
Tajikistan,2001,0.35702965,0.26984348975
Tajikistan,2002,0.2874087,0.2200849583333333
Tajikistan,2003,0.31100854,-0.4435885424999999
Tajikistan,2004,0.37706962,0.0823814811666667
Tajikistan,2005,0.35228902,-0.5036985160833334
Tajikistan,2006,0.37621823,0.7354586566666667
Tajikistan,2007,0.44855547,0.6147579258333333
Tajikistan,2008,0.39464197,0.1510026683333334
Tajikistan,2009,0.32629073,-0.4443342081666666
Tajikistan,2010,0.3314667,0.3128095070833334
Tajikistan,2011,0.29914564,0.2534783658333333
Tajikistan,2012,0.36603424,-0.8876422658583333
Tajikistan,2013,0.35377926,0.6631382728333334
Tajikistan,2014,0.5459748,-0.2087533808333333
Tajikistan,2015,0.61342055,0.6123005169166666
Tajikistan,2016,0.6420905,1.3519080663333334
Tajikistan,2017,0.754802,0.8208104030833333
Tajikistan,2018,0.8660396,0.5583949125
Tajikistan,2019,0.91206217,0.7667024762499999
Tajikistan,2020,0.96463424,0.0948004183333333
Tajikistan,2021,0.92584985,0.7390361983333333
Tajikistan,2022,0.88055193,1.4565904591666667
Tajikistan,2023,0.8714852,1.3578663983333332
Tanzania,1950,0.06535045,-1.1449755
Tanzania,1951,0.057213917,-1.0238289783333334
Tanzania,1952,0.067250066,-0.7661291708333334
Tanzania,1953,0.064240985,-1.3316629583333337
Tanzania,1954,0.06393167,-0.998521005
Tanzania,1955,0.06442342,-1.1603621000000002
Tanzania,1956,0.07431438,-1.195215701666667
Tanzania,1957,0.0836039,-1.0688824775
Tanzania,1958,0.0856591,-0.5076338416666667
Tanzania,1959,0.07153557,-0.6584987591666667
Tanzania,1960,0.0836313,-0.7125172658333333
Tanzania,1961,0.069051765,-0.6371642666666667
Tanzania,1962,0.07301656,-1.1536989133333333
Tanzania,1963,0.07430136,-1.29465023
Tanzania,1964,0.092853054,-1.1400408783333331
Tanzania,1965,0.10125726,-1.1519575133333333
Tanzania,1966,0.11584355,-0.5585656200833333
Tanzania,1967,0.14410801,-0.7869168970833332
Tanzania,1968,0.1310774,-1.2417804441666669
Tanzania,1969,0.13766386,-0.4371535016666666
Tanzania,1970,0.1308393,-0.8369727175
Tanzania,1971,0.17618093,-1.180269875
Tanzania,1972,0.14948775,-1.1106263883333334
Tanzania,1973,0.21204045,-0.6144458491666667
Tanzania,1974,0.14802273,-0.9138871641666668
Tanzania,1975,0.14137794,-0.7834754025
Tanzania,1976,0.16646399,-0.6235302353333333
Tanzania,1977,0.11569383,-0.5960788683333333
Tanzania,1978,0.12223342,-0.8081418666666668
Tanzania,1979,0.11095044,-0.8346033141666668
Tanzania,1980,0.09763784,-0.5887982058333333
Tanzania,1981,0.10648778,-0.56541061775
Tanzania,1982,0.105316445,-0.5687885345
Tanzania,1983,0.10418984,-0.1401031791666666
Tanzania,1984,0.10776353,-0.898958365
Tanzania,1985,0.103899054,-0.9304653783333332
Tanzania,1986,0.09792345,-0.8263561008333333
Tanzania,1987,0.09852175,-0.16285848725
Tanzania,1988,0.09171249,-0.0939890528383333
Tanzania,1989,0.0849728,-0.8669657725
Tanzania,1990,0.08089992,-0.4606982861666666
Tanzania,1991,0.084213406,-0.3651563303333333
Tanzania,1992,0.07930743,-0.4494592300833333
Tanzania,1993,0.08562691,-0.1506358764166666
Tanzania,1994,0.070073396,-0.1830043795
Tanzania,1995,0.08010578,-0.1506527264166666
Tanzania,1996,0.081649646,-0.3710681575
Tanzania,1997,0.08944057,-0.1176357266666666
Tanzania,1998,0.076523915,-0.0445068644583333
Tanzania,1999,0.07383583,-0.3844353361416666
Tanzania,2000,0.075067535,-0.2464378716666666
Tanzania,2001,0.086390935,-0.45012871075
Tanzania,2002,0.096497655,-0.378329911
Tanzania,2003,0.09941467,0.174691039
Tanzania,2004,0.11076688,-0.1205437989916666
Tanzania,2005,0.13669062,0.4348354370833333
Tanzania,2006,0.1458311,-0.0106964095833333
Tanzania,2007,0.13771167,0.0411906265
Tanzania,2008,0.14067592,-0.26817766825
Tanzania,2009,0.13309558,0.2293287916666666
Tanzania,2010,0.16073191,0.3128461833116666
Tanzania,2011,0.18472126,0.0256306318333333
Tanzania,2012,0.21954665,0.1084507295833333
Tanzania,2013,0.23089948,0.1784768123916666
Tanzania,2014,0.2201672,0.1516346925833333
Tanzania,2015,0.24817988,0.4160205541666666
Tanzania,2016,0.25355113,0.4085432691666666
Tanzania,2017,0.24583815,0.5468551295
Tanzania,2018,0.25089064,0.0238208738333333
Tanzania,2019,0.27675864,0.50474087625
Tanzania,2020,0.2665194,0.1337943071499999
Tanzania,2021,0.29072848,0.1829900679999999
Tanzania,2022,0.2740748,0.1185321766666666
Tanzania,2023,0.27119046,0.5394531841166667
Thailand,1940,0.0036878155,-1.83247822
Thailand,1941,0.0035989257,-1.4063210441666667
Thailand,1943,0.0019244674,-1.798554091666667
Thailand,1944,0.0008336704,-1.218814055
Thailand,1947,0.001544021,-1.000773415
Thailand,1948,0.0020693545,-1.3597714146666666
Thailand,1949,0.00311325,-1.1257149491666667
Thailand,1950,0.046778984,-1.1186348708333334
Thailand,1951,0.05202085,-0.9755077333333334
Thailand,1952,0.059353266,-1.1061129658333333
Thailand,1953,0.07435688,-1.7296422216666667
Thailand,1954,0.09026836,-0.9718125666666668
Thailand,1955,0.101645626,-1.2989805458333334
Thailand,1956,0.109102584,-1.292560086
Thailand,1957,0.11843007,-0.7617754958333333
Thailand,1958,0.11894584,-0.7430567758333334
Thailand,1959,0.12730764,-0.6559996566666667
Thailand,1960,0.1381474,-0.5898698216666667
Thailand,1961,0.14978148,-0.8790410516666666
Thailand,1962,0.17655793,-1.116658521666667
Thailand,1963,0.18963611,-1.1125191133333334
Thailand,1964,0.2472212,-0.9905408297166668
Thailand,1965,0.23900738,-0.8866936433333333
Thailand,1966,0.29517925,-0.9653835241666666
Thailand,1967,0.36796755,-1.0797119091666667
Thailand,1968,0.50241345,-0.7078026169166667
Thailand,1969,0.4159882,-0.4872307883333333
Thailand,1970,0.42726853,-0.6468000346666667
Thailand,1971,0.52014506,-1.3687833191666667
Thailand,1972,0.57392263,-0.6942865021583332
Thailand,1973,0.6253797,-0.5830841083333334
Thailand,1974,0.60362154,-1.0854781491666663
Thailand,1975,0.59242594,-0.9830055066666666
Thailand,1976,0.68178,-1.1042734775
Thailand,1977,0.7440409,-0.6570371033333333
Thailand,1978,0.7938092,-0.4736332883333333
Thailand,1979,0.81388456,-0.1607189184999999
Thailand,1980,0.87076724,-0.157146775
Thailand,1981,0.80600935,-0.587082074
Thailand,1982,0.78655434,-0.6130623805000001
Thailand,1983,0.8629033,-0.2679433825
Thailand,1984,0.9149569,-0.6627036795
Thailand,1985,0.9521484,-0.5801698425
Thailand,1986,0.9568572,-0.6207462916666666
Thailand,1987,1.0334203,-0.10312843225
Thailand,1988,1.146537,-0.2780342058333333
Thailand,1989,1.331427,-0.3644483866666666
Thailand,1990,1.5814027,-0.1067636791666666
Thailand,1991,1.7082905,-0.0500820460499999
Thailand,1992,1.8665439,-0.4174752275
Thailand,1993,2.122609,-0.4666228316666667
Thailand,1994,2.3492641,-0.2686991733333333
Thailand,1995,2.5999107,-0.2070123330833333
Thailand,1996,2.8966253,-0.5361698404166667
Thailand,1997,2.9840117,-0.0463423741666666
Thailand,1998,2.5958607,0.68548981075
Thailand,1999,2.6843886,-0.5670344054166666
Thailand,2000,2.656056,-0.4587295875833333
Thailand,2001,2.706424,-0.1093430501666666
Thailand,2002,2.8734381,0.0879300445166666
Thailand,2003,2.9457886,-0.0342888841666666
Thailand,2004,3.1676755,-0.10160589375
Thailand,2005,3.2464967,0.229095135925
Thailand,2006,3.2421854,0.0901384366666666
Thailand,2007,3.3394146,-0.0105949983333333
Thailand,2008,3.3163188,-0.4995875430783333
Thailand,2009,3.3592596,-0.1269850691666666
Thailand,2010,3.514452,0.5560042070000001
Thailand,2011,3.5485907,-0.63079722875
Thailand,2012,3.778263,0.2761977558916667
Thailand,2013,3.7762656,-0.0093733408333333
Thailand,2014,3.8806882,0.0333886116666666
Thailand,2015,3.9282084,0.4335374766666666
Thailand,2016,4.008556,0.5785032881666666
Thailand,2017,3.9818301,0.1294201216666666
Thailand,2018,4.0392394,0.0791742075
Thailand,2019,3.9411173,0.7282869066166667
Thailand,2020,3.7956147,0.6335711491666667
Thailand,2021,3.7244093,0.0933116328333333
Thailand,2022,3.799712,-0.0012750613333333
Thailand,2023,3.6873055,0.66950178525
Togo,1950,0.018325811,-1.3976495966666669
Togo,1951,0.018006722,-1.2179222075
Togo,1952,0.030325267,-1.0897304208333334
Togo,1953,0.019858768,-0.893142215
Togo,1954,0.021944238,-1.224529425
Togo,1955,0.026344344,-1.4000040666666669
Togo,1956,0.02587579,-1.410798235
Togo,1957,0.030035874,-1.7595348333333334
Togo,1958,0.029501097,-0.8821091658333334
Togo,1959,0.033436496,-0.932566165
Togo,1960,0.039419677,-0.9757483708333332
Togo,1961,0.053797953,-0.846533295
Togo,1962,0.050744496,-1.17306042
Togo,1963,0.060200743,-0.8949344983333334
Togo,1964,0.07314184,-0.7138204541666666
Togo,1965,0.07115634,-0.9898548041666668
Togo,1966,0.093583055,-0.6667575833333333
Togo,1967,0.09913395,-1.3215734125
Togo,1968,0.0933531,-1.137847105
Togo,1969,0.11170814,-0.7964121533333334
Togo,1970,0.12241996,-0.6222580241666666
Togo,1971,0.13594134,-1.0566717875
Togo,1972,0.16979364,-0.7007931041666667
Togo,1973,0.16810395,-0.2797900850833333
Togo,1974,0.15545872,-1.0724568408333333
Togo,1975,0.120966926,-1.2339610883333334
Togo,1976,0.122237556,-1.3542561583333337
Togo,1977,0.17086953,-0.5571729258333333
Togo,1978,0.12839416,-0.8685824108333334
Togo,1979,0.48641598,-0.6528787513333333
Togo,1980,0.27198654,-0.3221038141666666
Togo,1981,0.23447944,-0.2799997293333333
Togo,1982,0.26256096,-0.58538119
Togo,1983,0.19350177,-0.0325039183333333
Togo,1984,0.2084082,-0.3417218516666667
Togo,1985,0.19151987,-0.4628620136666666
Togo,1986,0.23899,-0.5079105683333333
Togo,1987,0.2529002,0.3351000141666667
Togo,1988,0.25557634,-0.1393769591666666
Togo,1989,0.2637353,-0.4559181425
Togo,1990,0.24448979,-0.1820208245833333
Togo,1991,0.25508472,-0.5528410315833333
Togo,1992,0.24341059,-0.6356917966666666
Togo,1993,0.2540296,-0.3551616600833333
Togo,1994,0.23838556,-0.3968040141666666
Togo,1995,0.26633382,-0.2491140374166666
Togo,1996,0.2763701,-0.2754235263333333
Togo,1997,0.18602926,-0.19458818
Togo,1998,0.2653777,0.3250079123333333
Togo,1999,0.37006986,-0.5151564216666666
Togo,2000,0.25902185,-0.2144171388333333
Togo,2001,0.21960181,-0.1119405433333333
Togo,2002,0.24430336,-0.2106930419166666
Togo,2003,0.3250526,-0.0994359662916666
Togo,2004,0.3061422,-0.22303549225
Togo,2005,0.29456148,-0.0040291154666666
Togo,2006,0.24964234,0.0363189341666666
Togo,2007,0.2450999,-0.0157952351666666
Togo,2008,0.2391008,-0.063965804625
Togo,2009,0.38701522,0.21133899625
Togo,2010,0.38554484,0.5175228091666667
Togo,2011,0.36202508,0.216300329675
Togo,2012,0.31202996,-0.0685626658333333
Togo,2013,0.22545807,0.1004953395858333
Togo,2014,0.20634533,0.1175562533333333
Togo,2015,0.2431557,0.2696862191666666
Togo,2016,0.2942104,0.5599120458333333
Togo,2017,0.24716008,0.4919468583333333
Togo,2018,0.2572893,0.2386388766666666
Togo,2019,0.27396706,0.5981599508333333
Togo,2020,0.28130147,0.5037856116666667
Togo,2021,0.300787,0.8251824475
Togo,2022,0.29509643,0.0944992676666666
Togo,2023,0.28159434,0.61841169625
Trinidad and Tobago,1940,21.825397,-0.6114684730000001
Trinidad and Tobago,1941,19.656801,-0.4980174741666667
Trinidad and Tobago,1942,20.63309,-0.8590531246666666
Trinidad and Tobago,1943,19.319168,-1.18123325
Trinidad and Tobago,1944,19.690067,-0.7524692146666666
Trinidad and Tobago,1945,19.582407,-0.8104810800000001
Trinidad and Tobago,1946,18.889566,-0.9563784558333334
Trinidad and Tobago,1947,20.15164,-0.7113248474999999
Trinidad and Tobago,1948,20.628847,-0.9197619841666668
Trinidad and Tobago,1949,21.812292,-1.1127970925
Trinidad and Tobago,1950,3.625995,-1.0892527941666668
Trinidad and Tobago,1951,3.7757137,-0.84662168
Trinidad and Tobago,1952,4.0907936,-0.45913886875
Trinidad and Tobago,1953,4.181784,-0.55174112
Trinidad and Tobago,1954,3.9326136,-0.992989215
Trinidad and Tobago,1955,3.6722004,-0.9665490708333334
Trinidad and Tobago,1956,3.780363,-0.99877485
Trinidad and Tobago,1957,3.2771723,-0.64526128875
Trinidad and Tobago,1958,4.3251925,-0.1410630493083333
Trinidad and Tobago,1959,3.747646,-0.6466573058333334
Trinidad and Tobago,1960,3.0521162,-0.4854981124999999
Trinidad and Tobago,1961,5.3272257,-0.6788452533333333
Trinidad and Tobago,1962,8.216846,-0.6038630841666667
Trinidad and Tobago,1963,1.8705659,-0.5015821441666667
Trinidad and Tobago,1964,4.15315,-0.6596608205
Trinidad and Tobago,1965,5.591501,-0.7224144933333333
Trinidad and Tobago,1966,4.296887,-0.3851884233333333
Trinidad and Tobago,1967,4.8455195,-0.6183430366666667
Trinidad and Tobago,1968,4.1662016,-0.6041679375
Trinidad and Tobago,1969,3.9781158,-0.0275904344166666
Trinidad and Tobago,1970,9.067968,-0.3642522491666666
Trinidad and Tobago,1971,8.075815,-0.7446700683333334
Trinidad and Tobago,1972,8.114869,-0.6082741391666667
Trinidad and Tobago,1973,9.1358185,-0.5200616475000001
Trinidad and Tobago,1974,9.649139,-0.8840777091666667
Trinidad and Tobago,1975,9.125788,-0.9190789791666668
Trinidad and Tobago,1976,14.922067,-0.8960903491666666
Trinidad and Tobago,1977,14.9690695,-0.4943861966666666
Trinidad and Tobago,1978,14.004656,-0.4752601000833333
Trinidad and Tobago,1979,15.084105,-0.3919480641666666
Trinidad and Tobago,1980,15.083785,-0.4286262158333333
Trinidad and Tobago,1981,15.190253,-0.2799890845
Trinidad and Tobago,1982,16.034098,-0.6525904375
Trinidad and Tobago,1983,14.02473,-0.3850382176666667
Trinidad and Tobago,1984,14.923699,-0.9657421083333334
Trinidad and Tobago,1985,17.453646,-0.8725825891666666
Trinidad and Tobago,1986,14.425286,-0.8092951808333333
Trinidad and Tobago,1987,14.36686,-0.0025129306666666
Trinidad and Tobago,1988,12.87221,-0.3109296169416666
Trinidad and Tobago,1989,12.9715,-0.5954489715
Trinidad and Tobago,1990,13.561475,-0.28224023
Trinidad and Tobago,1991,13.44409,-0.5010935430833333
Trinidad and Tobago,1992,15.022325,-0.4632167833333333
Trinidad and Tobago,1993,13.598065,-0.24731572475
Trinidad and Tobago,1994,11.914427,-0.4650994945833333
Trinidad and Tobago,1995,11.375389,-0.0616354951666666
Trinidad and Tobago,1996,14.189076,-0.274633088775
Trinidad and Tobago,1997,14.482614,-0.2730032623333333
Trinidad and Tobago,1998,15.192766,0.2336084049666666
Trinidad and Tobago,1999,17.186417,-0.2394313818333333
Trinidad and Tobago,2000,18.463089,-0.4585237483333333
Trinidad and Tobago,2001,20.185463,-0.2538606360833333
Trinidad and Tobago,2002,21.548494,-0.1544389718333333
Trinidad and Tobago,2003,24.196547,0.0196887643333333
Trinidad and Tobago,2004,24.314482,-0.0012097346666666
Trinidad and Tobago,2005,28.2744,0.37636185175
Trinidad and Tobago,2006,31.447933,0.0924178759583333
Trinidad and Tobago,2007,33.385113,0.033287208
Trinidad and Tobago,2008,32.40758,-0.0703713124583333
Trinidad and Tobago,2009,32.225334,0.1468828516666666
Trinidad and Tobago,2010,33.976368,0.6608996433333333
Trinidad and Tobago,2011,33.73882,0.2017922378333333
Trinidad and Tobago,2012,32.894268,0.1030987087583333
Trinidad and Tobago,2013,32.438995,0.1982460001666666
Trinidad and Tobago,2014,32.99713,0.0775283171666666
Trinidad and Tobago,2015,31.87891,0.2300945909166666
Trinidad and Tobago,2016,27.761591,0.4635305433333334
Trinidad and Tobago,2017,27.89761,0.1815171237499999
Trinidad and Tobago,2018,27.422825,-0.1133995057499999
Trinidad and Tobago,2019,27.466105,0.2544849706666666
Trinidad and Tobago,2020,23.677786,0.3037853258333333
Trinidad and Tobago,2021,24.476803,-0.0202660565833333
Trinidad and Tobago,2022,24.270796,-0.1067387265
Trinidad and Tobago,2023,22.834675,0.5049977269166667
Tunisia,1940,0.018861877,-2.469227074166666
Tunisia,1941,0.043039676,-2.3006844575
Tunisia,1942,0.05041329,-1.8893414206666668
Tunisia,1943,0.01579693,-1.9305440408333328
Tunisia,1944,0.027771074,-2.2617854158333333
Tunisia,1945,0.028457304,-1.6038079158333334
Tunisia,1946,0.038817342,-1.0639640365
Tunisia,1947,0.037137415,-0.8418281899999999
Tunisia,1948,0.041782767,-1.7723506308333334
Tunisia,1949,0.035958927,-2.058084955
Tunisia,1950,0.33789045,-1.8461383983333333
Tunisia,1951,0.3739549,-1.765395319166667
Tunisia,1952,0.38390976,-1.0515906091666667
Tunisia,1953,0.35877395,-2.0803617208333334
Tunisia,1954,0.3586736,-2.3441953916666667
Tunisia,1955,0.3984829,-0.9820993066666668
Tunisia,1956,0.38196883,-2.446215871666667
Tunisia,1957,0.38048223,-2.13748895
Tunisia,1958,0.3460995,-1.4536969
Tunisia,1959,0.3763215,-1.8226522666666665
Tunisia,1960,0.4040326,-1.1773029958333334
Tunisia,1961,0.40885368,-1.3835232311666663
Tunisia,1962,0.4105885,-1.7773640166666669
Tunisia,1963,0.43914413,-1.6675307525
Tunisia,1964,0.6132724,-1.66317407
Tunisia,1965,0.5393937,-1.6613476966666667
Tunisia,1966,0.6194079,-1.2135874633333332
Tunisia,1967,0.6476033,-1.4709548225000002
Tunisia,1968,0.7361549,-1.174946145
Tunisia,1969,0.7697019,-1.6002961058333334
Tunisia,1970,0.72861004,-1.3045833958333333
Tunisia,1971,0.799782,-1.8014732283333328
Tunisia,1972,0.8769596,-1.8815683575
Tunisia,1973,0.87135005,-1.4921211341666665
Tunisia,1974,0.94874144,-1.8136184291666664
Tunisia,1975,0.9494483,-1.616391912
Tunisia,1976,0.9746359,-2.2360234275
Tunisia,1977,1.0971936,-0.7026322616666666
Tunisia,1978,1.186906,-1.5423791416666666
Tunisia,1979,1.3584021,-1.3151353975
Tunisia,1980,1.4373807,-1.7782925016666666
Tunisia,1981,1.455923,-0.906341065
Tunisia,1982,1.3797101,-0.6651174233333333
Tunisia,1983,1.6047187,-0.8778664308333334
Tunisia,1984,1.6015377,-1.3929868658333333
Tunisia,1985,1.6141406,-0.6398399791666667
Tunisia,1986,1.5903665,-0.858647115
Tunisia,1987,1.5121857,-0.3358654108333332
Tunisia,1988,1.5669211,-0.2004888849999999
Tunisia,1989,1.6276774,-0.4065188483333333
Tunisia,1990,1.6280754,-0.3071515616666666
Tunisia,1991,1.8826112,-1.4192249891666666
Tunisia,1992,1.7457929,-1.2469070739166666
Tunisia,1993,1.8535776,-0.6503917321666667
Tunisia,1994,1.7891277,0.1271114341666666
Tunisia,1995,1.7761486,-0.4947648723333332
Tunisia,1996,1.7880952,-0.6301974458333334
Tunisia,1997,1.8272903,-0.1145083070833333
Tunisia,1998,1.8645552,-0.3802655516666666
Tunisia,1999,1.9304026,0.6062838208333333
Tunisia,2000,2.0022259,-0.00175611425
Tunisia,2001,2.0699482,0.5832835061666667
Tunisia,2002,2.0739326,0.1912081285
Tunisia,2003,2.0992043,0.2644549166666667
Tunisia,2004,2.173355,-0.1395474235833333
Tunisia,2005,2.1984317,-0.2583701566666667
Tunisia,2006,2.220099,0.1431876816666666
Tunisia,2007,2.3550868,0.0928293049999999
Tunisia,2008,2.4223328,0.1562763841666667
Tunisia,2009,2.3871565,-0.0730178399999999
Tunisia,2010,2.6135979,0.5116639882083334
Tunisia,2011,2.4284801,-0.24534917
Tunisia,2012,2.5849197,0.4371801326833333
Tunisia,2013,2.543059,0.1949493041666666
Tunisia,2014,2.6336272,0.6741149439999999
Tunisia,2015,2.7554328,0.0538754517499999
Tunisia,2016,2.6538243,0.7212952833333333
Tunisia,2017,2.6841588,-0.1396433583333333
Tunisia,2018,2.6462247,0.3067900313333334
Tunisia,2019,2.556072,0.1370128065
Tunisia,2020,2.3793378,0.5924235941666667
Tunisia,2021,2.586767,1.12136371725
Tunisia,2022,2.6360955,1.1663364539916663
Tunisia,2023,2.6878552,0.9158302186666668
Turkey,1940,0.31144345,-1.7061834358333332
Turkey,1941,0.3145162,-1.7524074150000002
Turkey,1942,0.27209502,-1.6830420821666667
Turkey,1943,0.33094132,-1.4802605783333334
Turkey,1944,0.3734684,-1.5131742366666667
Turkey,1945,0.37062424,-2.4064958320833334
Turkey,1946,0.36098206,-1.50497804875
Turkey,1947,0.3778548,-0.58904272625
Turkey,1948,0.38259485,-2.426168308333333
Turkey,1949,0.3882413,-2.5049832475
Turkey,1950,0.45136365,-1.216054975
Turkey,1951,0.47054154,-0.5148284900000001
Turkey,1952,0.4698749,-0.1111473378333333
Turkey,1953,0.56470376,-1.7316971966666663
Turkey,1954,0.568328,-0.5114901143333334
Turkey,1955,0.5602289,0.1992639825
Turkey,1956,0.5730391,-2.1216645425
Turkey,1957,0.61705524,-0.7408626370833334
Turkey,1958,0.60044616,-0.7330222575
Turkey,1959,0.6245596,-1.9627742533333328
Turkey,1960,0.5929623,-0.4607663389166667
Turkey,1961,0.5955124,-1.2448649483333334
Turkey,1962,0.7221713,0.0857351514999999
Turkey,1963,0.7368142,-0.31028941825
Turkey,1964,0.83387566,-1.2585267586666666
Turkey,1965,0.8456583,-0.9411075968333332
Turkey,1966,0.94960874,0.9284422375
Turkey,1967,0.98322296,-1.6304786816666663
Turkey,1968,1.0384821,-0.6134009091666667
Turkey,1969,1.0828484,-0.5129071276666667
Turkey,1970,1.1621474,0.0227883533333333
Turkey,1971,1.2697222,-0.6805528325
Turkey,1972,1.397908,-1.5157279158333334
Turkey,1973,1.5080287,-1.0936296883333334
Turkey,1974,1.5152541,-0.9984896810833334
Turkey,1975,1.5935303,-1.0640837278333333
Turkey,1976,1.7508234,-1.6400117225
Turkey,1977,1.8965293,-0.81314019
Turkey,1978,1.757668,-0.5889558633333333
Turkey,1979,1.6858506,-0.1992348575
Turkey,1980,1.6563382,-0.8992724541666667
Turkey,1981,1.7094998,-0.2938471155
Turkey,1982,1.821773,-1.5996191475
Turkey,1983,1.8538096,-1.4545610741666666
Turkey,1984,1.914431,-0.9318356516666668
Turkey,1985,2.0846016,-0.96551469
Turkey,1986,2.2329657,-0.5321771816666666
Turkey,1987,2.430609,-1.1314113225
Turkey,1988,2.313643,-1.095098956666667
Turkey,1989,2.5023332,-0.5742889716666667
Turkey,1990,2.7066576,-0.7551854044166667
Turkey,1991,2.7736666,-0.9475174996666668
Turkey,1992,2.8291895,-2.381508058333333
Turkey,1993,2.900702,-1.38716493
Turkey,1994,2.7911894,0.0796767674999999
Turkey,1995,2.9718454,-0.6906929533333334
Turkey,1996,3.2226505,-0.2556738008333333
Turkey,1997,3.3746758,-1.268887725833333
Turkey,1998,3.3284264,0.3096970249999999
Turkey,1999,3.219104,0.5219397300833334
Turkey,2000,3.5144587,-0.4812793825000001
Turkey,2001,3.224107,0.7805945125
Turkey,2002,3.299475,-0.3354114683333333
Turkey,2003,3.4904873,-0.3528536908333333
Turkey,2004,3.5684419,-0.4051313891666666
Turkey,2005,3.8204603,-0.2266848879166666
Turkey,2006,4.0312243,-0.1584927065333333
Turkey,2007,4.433794,0.0874681487499999
Turkey,2008,4.340584,-0.0195083471666666
Turkey,2009,4.366428,0.0398748708333333
Turkey,2010,4.3109365,1.6912145283333333
Turkey,2011,4.6089954,-0.9015564329166668
Turkey,2012,4.7356477,0.1121894437499999
Turkey,2013,4.5460496,0.0628038083333333
Turkey,2014,4.6648703,0.9710917433333334
Turkey,2015,4.8107686,0.41967098
Turkey,2016,4.9717093,0.6034143719999999
Turkey,2017,5.186352,0.3237228923333333
Turkey,2018,4.9997516,1.6890191166666666
Turkey,2019,4.7177076,0.9654140358333332
Turkey,2020,4.7963643,1.15457235325
Turkey,2021,5.2223163,0.9806290579166668
Turkey,2022,5.023125,0.5693102941666667
Turkey,2023,4.9510155,1.2395820751666669
Turkmenistan,1940,3.7156126,0.1474034125
Turkmenistan,1941,3.2339172,1.7794484949999998
Turkmenistan,1942,1.7630749,0.6831145875
Turkmenistan,1943,1.8233159,-0.6221392060000001
Turkmenistan,1944,2.620103,0.4002313477499999
Turkmenistan,1945,2.7329824,-0.6814906841666666
Turkmenistan,1946,3.0324683,0.0489599979166667
Turkmenistan,1947,3.6130457,0.7516234715
Turkmenistan,1948,3.800367,-0.3305563440833333
Turkmenistan,1949,4.2620053,-2.3793744266666668
Turkmenistan,1950,4.4602895,-2.2183839625
Turkmenistan,1951,4.7341647,-1.456352465833333
Turkmenistan,1952,4.9669814,-1.3483245537500002
Turkmenistan,1953,5.139655,-1.0103330283333334
Turkmenistan,1954,5.4740844,-1.7562034574999998
Turkmenistan,1955,6.04997,0.0801994261666666
Turkmenistan,1956,6.4657145,-1.4034265858333337
Turkmenistan,1957,6.881037,-1.6316094375
Turkmenistan,1958,7.135805,-0.4555572066666666
Turkmenistan,1959,7.27709,-1.842830975
Turkmenistan,1960,7.349754,-1.072792309166667
Turkmenistan,1961,7.3596597,-0.0717556158333333
Turkmenistan,1962,7.5007553,-1.0252217158333334
Turkmenistan,1963,7.8117456,-0.2383043075
Turkmenistan,1964,8.070241,-1.7955987275
Turkmenistan,1965,8.316325,-0.6420125266666666
Turkmenistan,1966,8.537753,-0.0458386124999999
Turkmenistan,1967,8.6923,-0.9681022466666668
Turkmenistan,1968,8.707785,-0.9167740498108332
Turkmenistan,1969,8.838503,-3.0708851708333333
Turkmenistan,1970,9.051088,-0.5633987711666667
Turkmenistan,1971,9.372465,-0.2165951053333333
Turkmenistan,1972,9.619959,-2.5909288905833336
Turkmenistan,1973,9.783855,-0.7941994883333333
Turkmenistan,1974,9.910988,-2.011953533333333
Turkmenistan,1975,10.164123,-0.57175593
Turkmenistan,1976,10.290432,-1.8442506466666664
Turkmenistan,1977,10.374514,-0.6839898330833334
Turkmenistan,1978,10.465307,-1.1148002549999998
Turkmenistan,1979,10.285542,-0.3721491916666666
Turkmenistan,1980,10.413758,-0.7466023483333334
Turkmenistan,1981,9.961307,-0.3433683833333332
Turkmenistan,1982,9.882375,-1.7755681891666668
Turkmenistan,1983,9.756507,0.1271174234166666
Turkmenistan,1984,9.5743,-2.005166583333333
Turkmenistan,1985,10.02165,-0.7346501061666667
Turkmenistan,1986,10.695803,-0.6598410054166667
Turkmenistan,1987,10.535893,-0.7667906458333332
Turkmenistan,1988,10.448055,-0.2585422533333333
Turkmenistan,1989,10.276471,-0.4798392902974999
Turkmenistan,1990,8.866982,-0.2858704433333334
Turkmenistan,1991,7.89056,-0.7172301091666667
Turkmenistan,1992,8.11078,-1.3160104658333334
Turkmenistan,1993,6.8238835,-1.58884656
Turkmenistan,1994,8.311715,-0.803581255
Turkmenistan,1995,8.248118,0.1823930991666666
Turkmenistan,1996,7.423992,-1.024747
Turkmenistan,1997,7.1935315,0.0386357874999999
Turkmenistan,1998,7.5832233,-0.0820839203333333
Turkmenistan,1999,8.859279,0.1877315441666666
Turkmenistan,2000,8.589285,0.2283723691666666
Turkmenistan,2001,7.2794585,0.3666802891666667
Turkmenistan,2002,6.3175097,0.1144493174999999
Turkmenistan,2003,8.340677,-0.5690605383333333
Turkmenistan,2004,9.954554,0.5175356253333333
Turkmenistan,2005,9.48667,0.4810459968333333
Turkmenistan,2006,9.617061,0.4798026916666666
Turkmenistan,2007,9.378899,0.1800687691666667
Turkmenistan,2008,11.1204195,-0.2303339673333333
Turkmenistan,2009,9.623394,0.2579321211666667
Turkmenistan,2010,10.636381,0.8526087964166668
Turkmenistan,2011,11.464172,-0.3503023779166667
Turkmenistan,2012,11.524249,-0.1539486091666666
Turkmenistan,2013,10.832863,0.7639292566666667
Turkmenistan,2014,10.336934,-0.4370723406666667
Turkmenistan,2015,10.348392,0.4343339772499999
Turkmenistan,2016,9.9827585,0.7301894710833333
Turkmenistan,2017,9.7495,0.2780501741666666
Turkmenistan,2018,9.429271,0.56032124625
Turkmenistan,2019,9.285526,0.7800271066666666
Turkmenistan,2020,9.246278,-0.1608944541666666
Turkmenistan,2021,8.944568,1.1271139858333334
Turkmenistan,2022,8.873182,1.0470777708333332
Turkmenistan,2023,8.603915,1.7847303575
Uganda,1950,0.018476496,-1.9630454416666667
Uganda,1951,0.023554206,-1.7571236241666668
Uganda,1952,0.023514273,-1.6205062833333337
Uganda,1953,0.033404652,-2.006290275
Uganda,1954,0.034170955,-1.6939134416666668
Uganda,1955,0.039856505,-1.6768976999999998
Uganda,1956,0.03872951,-1.6617961116666666
Uganda,1957,0.03970776,-0.9250237151666668
Uganda,1958,0.04059856,-0.5924795446000001
Uganda,1959,0.05572993,-0.7787529733333334
Uganda,1960,0.05510623,-0.9817717766666668
Uganda,1961,0.05169532,-1.1672188420833334
Uganda,1962,0.052946158,-1.861763941666667
Uganda,1963,0.05185557,-1.7368071983333333
Uganda,1964,0.05714656,-1.4624439833333334
Uganda,1965,0.07074223,-1.050817479166667
Uganda,1966,0.08027399,-0.9758666433333332
Uganda,1967,0.0860017,-1.3145081225000002
Uganda,1968,0.10107838,-1.3473040241666665
Uganda,1969,0.11736912,-0.8085134791666667
Uganda,1970,0.1397893,-1.1171493541666666
Uganda,1971,0.13540417,-1.3839754991666666
Uganda,1972,0.12662277,-1.1858013516666668
Uganda,1973,0.105565466,-0.6909739216666667
Uganda,1974,0.1041341,-1.1399116608333333
Uganda,1975,0.096253745,-1.2144230166666663
Uganda,1976,0.0818612,-1.134083445833333
Uganda,1977,0.06488604,-0.9568144508333332
Uganda,1978,0.054772075,-0.9460454008333332
Uganda,1979,0.05159707,-0.6449929830583333
Uganda,1980,0.04715556,-0.4176826476666666
Uganda,1981,0.038877934,-0.5630571091666666
Uganda,1982,0.039261457,-0.6973079025
Uganda,1983,0.04314104,-0.3390275643333333
Uganda,1984,0.03973416,-0.7087903041666667
Uganda,1985,0.041062903,-1.0064865708333333
Uganda,1986,0.045376036,-0.8304293991666666
Uganda,1987,0.048174027,-0.0952294683333333
Uganda,1988,0.052389324,-0.4886147183333333
Uganda,1989,0.04705802,-0.6773430557500001
Uganda,1990,0.04330458,-0.4976031020249999
Uganda,1991,0.042950615,-0.5793178875
Uganda,1992,0.04246959,-0.4044130669999999
Uganda,1993,0.04101066,-0.1943003355833333
Uganda,1994,0.035217352,-0.3526995975
Uganda,1995,0.044783786,-0.08724705375
Uganda,1996,0.04795195,-0.41966310875
Uganda,1997,0.048588336,0.0086569783333333
Uganda,1998,0.053684935,0.17435248625
Uganda,1999,0.053949874,-0.5160153725
Uganda,2000,0.05670267,-0.245409648
Uganda,2001,0.05726618,-0.5167222066666667
Uganda,2002,0.05664165,0.0253405566666666
Uganda,2003,0.05740516,0.0711404469166666
Uganda,2004,0.05919785,0.1176466946166666
Uganda,2005,0.07216409,0.3894139965833332
Uganda,2006,0.082773834,-0.1021100667833333
Uganda,2007,0.09138888,-0.1378512396666666
Uganda,2008,0.091017,-0.27283986125
Uganda,2009,0.09537977,0.3638275441666667
Uganda,2010,0.11020487,0.0538387306666666
Uganda,2011,0.11464929,-0.1637250589166666
Uganda,2012,0.10562794,-0.0697830496666666
Uganda,2013,0.10624927,-0.0861384080833333
Uganda,2014,0.11236738,0.26293691
Uganda,2015,0.12058091,0.497456862625
Uganda,2016,0.124163195,0.95657157
Uganda,2017,0.13463484,0.62604777675
Uganda,2018,0.13350488,0.1563126275
Uganda,2019,0.13398354,0.39299122875
Uganda,2020,0.12532045,0.0517042463333333
Uganda,2021,0.1343297,0.4859116920833333
Uganda,2022,0.119163275,0.4318815804166667
Uganda,2023,0.1153731,0.8502011275
Ukraine,1940,2.779064,-2.8391486625
Ukraine,1941,2.4191964,-2.5178704358333337
Ukraine,1942,1.3032141,-2.8076924
Ukraine,1943,1.3477421,-0.9557248408333332
Ukraine,1944,1.9367042,-0.3327373064166667
Ukraine,1945,2.0318906,-1.7913978483333333
Ukraine,1946,2.2628262,-0.4000134391666667
Ukraine,1947,2.7000895,-1.1090424141666666
Ukraine,1948,2.8471165,-0.9132339709166668
Ukraine,1949,3.2033536,-0.9816399283333334
Ukraine,1950,3.5294063,-1.1525637219083331
Ukraine,1951,3.774932,-0.8021783963333333
Ukraine,1952,3.989715,-1.1970974633333331
Ukraine,1953,4.1665845,-1.71525494
Ukraine,1954,4.491171,-2.02307902375
Ukraine,1955,5.023596,-1.1208498716666668
Ukraine,1956,5.4313784,-2.955037975
Ukraine,1957,5.8592925,-0.6321327220833334
Ukraine,1958,6.1591454,-1.1601359416666666
Ukraine,1959,6.3803544,-1.5156762916666666
Ukraine,1960,6.5519705,-0.5977821886666667
Ukraine,1961,6.6658144,-0.6338855428333333
Ukraine,1962,6.9076805,-0.8580253353333332
Ukraine,1963,7.3207517,-1.7909790133333334
Ukraine,1964,7.7000766,-1.7247092525
Ukraine,1965,8.088725,-2.0738680808333334
Ukraine,1966,8.463481,0.2172335792999999
Ukraine,1967,8.769153,-0.8381409058333333
Ukraine,1968,8.937033,-1.0495480300000002
Ukraine,1969,9.23491,-2.392595525
Ukraine,1970,9.655199,-1.0340593702249998
Ukraine,1971,10.178064,-0.9565621458333332
Ukraine,1972,10.625087,-0.8527569924999999
Ukraine,1973,10.997192,-1.4214715825
Ukraine,1974,11.344335,-0.8060075866666666
Ukraine,1975,11.853589,0.3499858325
Ukraine,1976,12.24551,-2.580147844166667
Ukraine,1977,12.605698,-1.3207394991666666
Ukraine,1978,12.988572,-1.944489395
Ukraine,1979,13.043645,-0.9795780183333332
Ukraine,1980,13.494448,-2.3178437258333333
Ukraine,1981,13.171062,-0.4234993258333333
Ukraine,1982,13.363924,-0.9976590008333334
Ukraine,1983,13.489257,-0.1970021283333333
Ukraine,1984,13.54118,-1.237137075
Ukraine,1985,14.545755,-2.6257387849166665
Ukraine,1986,14.429522,-1.1408926188333333
Ukraine,1987,14.245836,-3.026405975
Ukraine,1988,14.061245,-1.3771998991666663
Ukraine,1989,13.168019,0.4165446008333334
Ukraine,1990,13.567188,0.1726933609166666
Ukraine,1991,12.131743,-0.9323987116666668
Ukraine,1992,11.26227,-0.8723053691666666
Ukraine,1993,9.748226,-1.7406744591666667
Ukraine,1994,8.055391,-0.3685882535833333
Ukraine,1995,7.5499554,-0.4296529908333333
Ukraine,1996,6.8670063,-1.5386045916666669
Ukraine,1997,6.704777,-1.513006435
Ukraine,1998,6.526592,-0.6119428591666667
Ukraine,1999,5.9743986,0.4579676081666666
Ukraine,2000,5.7646046,0.213416177
Ukraine,2001,6.1883736,-0.2101732241666666
Ukraine,2002,6.0788355,0.2545994431666667
Ukraine,2003,6.359202,-0.98348836
Ukraine,2004,6.4741426,-0.3094781563333333
Ukraine,2005,6.5887823,-0.1635997708333333
Ukraine,2006,7.044654,-0.61108471
Ukraine,2007,7.1568184,1.0130264720833333
Ukraine,2008,6.962613,0.5002241875
Ukraine,2009,5.9539123,0.412304967
Ukraine,2010,6.336449,0.4608071841666666
Ukraine,2011,6.659274,-0.2480799558333333
Ukraine,2012,6.58784,0.2727472425
Ukraine,2013,6.4491696,0.5924184633333334
Ukraine,2014,5.604219,0.3923696599999999
Ukraine,2015,4.887808,1.0611779375
Ukraine,2016,5.128837,0.4796355033333333
Ukraine,2017,4.9097815,0.6973121529166667
Ukraine,2018,5.124302,0.6724203445
Ukraine,2019,4.9367437,1.4743269
Ukraine,2020,4.6290064,1.5783152725
Ukraine,2021,4.744018,0.0112108708333333
Ukraine,2022,3.4380214,0.7282137091666666
Ukraine,2023,3.6164997,1.62628294
United Arab Emirates,1959,0.08800288,-1.8268184566666663
United Arab Emirates,1960,0.08371477,-1.1459752816666666
United Arab Emirates,1961,0.07967989,-1.3159559491666666
United Arab Emirates,1962,0.1264137,-0.838451225
United Arab Emirates,1963,0.14446145,-1.1258448058333332
United Arab Emirates,1964,0.11474886,-1.7712751441666663
United Arab Emirates,1965,0.13158792,-1.5025785916666667
United Arab Emirates,1966,0.14744891,-1.2185287416666666
United Arab Emirates,1967,5.0984344,-1.5552377678333331
United Arab Emirates,1968,6.22948,-1.864754355
United Arab Emirates,1969,85.580185,-1.1715141941666667
United Arab Emirates,1970,53.17336,-1.3536860191666669
United Arab Emirates,1971,63.185802,-1.7236204208333332
United Arab Emirates,1972,60.87299,-1.859949755
United Arab Emirates,1973,70.13778,-1.2457190366666666
United Arab Emirates,1974,64.00389,-1.37868357
United Arab Emirates,1975,57.191784,-1.2867297975
United Arab Emirates,1976,64.33182,-1.5829052875
United Arab Emirates,1977,54.566216,-0.7657211654166667
United Arab Emirates,1978,55.302483,-1.2781637466666669
United Arab Emirates,1979,40.074013,-0.6674971618333334
United Arab Emirates,1980,36.25528,-0.4616789825
United Arab Emirates,1981,33.429928,-0.6081552529166666
United Arab Emirates,1982,31.511415,-1.6434590158333335
United Arab Emirates,1983,28.512375,-1.8482990431666664
United Arab Emirates,1984,35.342285,-1.0562938166666669
United Arab Emirates,1985,36.035614,-0.7483496666666666
United Arab Emirates,1986,32.051384,-0.6916885441666666
United Arab Emirates,1987,30.14225,-0.7221099583333332
United Arab Emirates,1988,28.598593,-0.6907237366666666
United Arab Emirates,1989,30.274763,-1.24852728225
United Arab Emirates,1990,27.238575,-0.7176933316666667
United Arab Emirates,1991,28.243734,-1.3057367058333331
United Arab Emirates,1992,27.312433,-1.8197832983333333
United Arab Emirates,1993,29.506735,-0.9052645258333332
United Arab Emirates,1994,32.218918,-0.6183946975
United Arab Emirates,1995,29.76376,-1.003200055
United Arab Emirates,1996,29.032333,-0.4494310995
United Arab Emirates,1997,25.882097,-1.0000365634166666
United Arab Emirates,1998,26.34743,0.5177199
United Arab Emirates,1999,23.673311,0.31872829
United Arab Emirates,2000,32.005684,-0.1668356374166666
United Arab Emirates,2001,27.236929,-0.1384097756666666
United Arab Emirates,2002,21.393456,-0.0728459356666666
United Arab Emirates,2003,25.389458,0.1817436186833333
United Arab Emirates,2004,25.221207,0.1013894083333333
United Arab Emirates,2005,24.524239,0.1056319885
United Arab Emirates,2006,24.297039,0.22333796625
United Arab Emirates,2007,23.668304,0.2674932483333334
United Arab Emirates,2008,24.38407,-0.1593364145833333
United Arab Emirates,2009,25.050373,0.2667334866666667
United Arab Emirates,2010,26.640741,0.8899289825
United Arab Emirates,2011,27.443043,0.3900299014166666
United Arab Emirates,2012,27.663097,0.5745641495
United Arab Emirates,2013,27.239588,-0.26003726475
United Arab Emirates,2014,25.492752,-0.0350233753333333
United Arab Emirates,2015,26.016645,0.8800605166666666
United Arab Emirates,2016,25.0924,0.1856973941666666
United Arab Emirates,2017,23.056814,0.9077909766666666
United Arab Emirates,2018,22.435678,0.9187126183333332
United Arab Emirates,2019,23.435728,0.6581943783333334
United Arab Emirates,2020,23.006842,0.5465857241666666
United Arab Emirates,2021,22.08925,1.051851758333333
United Arab Emirates,2022,22.06371,0.8365796416666665
United Arab Emirates,2023,21.554457,0.9368244866666666
United Kingdom,1940,10.3948345,-1.1731253766666667
United Kingdom,1941,10.344048,-1.27738138
United Kingdom,1942,10.161616,-1.5517400266666668
United Kingdom,1943,10.065381,-0.5636086058333333
United Kingdom,1944,10.015328,-0.7521802383333333
United Kingdom,1945,9.231059,-0.0285952944166666
United Kingdom,1946,9.4255495,-0.7616753141666667
United Kingdom,1947,9.810102,-0.8016914333333335
United Kingdom,1948,10.14036,-0.3927797439166667
United Kingdom,1949,10.181252,0.05558279625
United Kingdom,1950,9.991668,-0.9505140741666668
United Kingdom,1951,10.829944,-1.1581687383333332
United Kingdom,1952,10.47022,-1.2527767211666667
United Kingdom,1953,10.649376,-0.3939583124999999
United Kingdom,1954,10.852223,-1.1852925808333332
United Kingdom,1955,11.273718,-1.0484430350833334
United Kingdom,1956,11.173521,-1.378097014333333
United Kingdom,1957,11.048391,-0.3440881204166666
United Kingdom,1958,10.711649,-0.9576966735833332
United Kingdom,1959,10.466085,-0.059174377
United Kingdom,1960,11.116041,-0.6710190747000001
United Kingdom,1961,11.13011,-0.47609929
United Kingdom,1962,11.130102,-1.9082493916666667
United Kingdom,1963,11.2460985,-2.2521772733333334
United Kingdom,1964,11.254884,-1.1185222591666666
United Kingdom,1965,11.444505,-1.721702144166667
United Kingdom,1966,11.304253,-1.2913860575
United Kingdom,1967,10.769838,-0.595771795
United Kingdom,1968,10.979031,-0.8760740724999999
United Kingdom,1969,11.331161,-0.9533467691666666
United Kingdom,1970,11.723561,-0.7743010779166667
United Kingdom,1971,11.815786,-0.3451189983333333
United Kingdom,1972,11.555557,-0.9555379881166668
United Kingdom,1973,11.7386,-0.7061987783333333
United Kingdom,1974,10.977131,-0.6932628033333333
United Kingdom,1975,10.730099,-0.377387
United Kingdom,1976,10.649721,-0.3697387708333333
United Kingdom,1977,10.758404,-0.8121604708333333
United Kingdom,1978,10.764718,-0.9155351025
United Kingdom,1979,11.464381,-1.6320587895
United Kingdom,1980,10.2881,-0.8919105333333333
United Kingdom,1981,9.95576,-1.0261013066666669
United Kingdom,1982,9.739101,-0.3712198921666667
United Kingdom,1983,9.683395,-0.2813422666666667
United Kingdom,1984,9.372831,-0.4363522291666666
United Kingdom,1985,9.886296,-1.279361472
United Kingdom,1986,10.01824,-1.4382208837083337
United Kingdom,1987,10.049357,-1.0657450891666669
United Kingdom,1988,10.0005045,-0.3498938783333333
United Kingdom,1989,10.170599,0.1755415641666666
United Kingdom,1990,10.492731,0.24903516
United Kingdom,1991,10.588326,-0.6829299508333334
United Kingdom,1992,10.288531,-0.42336371
United Kingdom,1993,10.017328,-0.7704981150833334
United Kingdom,1994,9.896306,-0.1905057425
United Kingdom,1995,9.735415,0.0871963641666666
United Kingdom,1996,10.064763,-0.8778939144916666
United Kingdom,1997,9.627659,0.3619526621666666
United Kingdom,1998,9.6976795,0.0776419208333333
United Kingdom,1999,9.545594,0.2669192533333333
United Kingdom,2000,9.635284,-8.190500000002099e-05
United Kingdom,2001,9.748516,-0.3164269370000001
United Kingdom,2002,9.409919,0.3102424981666666
United Kingdom,2003,9.5555935,0.3135162665833333
United Kingdom,2004,9.530174,0.2772229491666667
United Kingdom,2005,9.412137,0.23196403375
United Kingdom,2006,9.301161,0.5155511766666666
United Kingdom,2007,9.093347,0.3839652096666666
United Kingdom,2008,8.785372,-0.1562449441666666
United Kingdom,2009,7.904943,-0.0359462799999999
United Kingdom,2010,8.12464,-1.1952529883333334
United Kingdom,2011,7.395984,0.4515079448333334
United Kingdom,2012,7.6215353,-0.4709442916666666
United Kingdom,2013,7.417552,-0.4418942658333333
United Kingdom,2014,6.764838,0.7054905208333334
United Kingdom,2015,6.461417,0.0190814108333333
United Kingdom,2016,6.0617714,0.1234692422666666
United Kingdom,2017,5.8378496,0.412897744825
United Kingdom,2018,5.6886287,0.2853927421666666
United Kingdom,2019,5.4350815,0.26116314
United Kingdom,2020,4.844164,0.4768089071666666
United Kingdom,2021,5.0911255,0.1470564371666667
United Kingdom,2022,4.603082,0.9037652925
United Kingdom,2023,4.4428277,0.8279912382833333
United States,1940,14.487894,-1.5468966966666668
United States,1941,15.615902,-1.5758207858333335
United States,1942,16.58958,-1.74308076
United States,1943,16.911407,-1.2132983591666666
United States,1944,17.948437,-1.101448285
United States,1945,17.084375,-1.5019529958333333
United States,1946,16.121332,-1.2127764316666667
United States,1947,17.508738,-1.7402721891666666
United States,1948,17.940481,-1.3266239816666667
United States,1949,14.822593,-0.8799408458333334
United States,1950,16.481464,-1.1120141141666666
United States,1951,16.734985,-1.3213494475
United States,1952,16.066204,-0.7069393666666667
United States,1953,16.21269,-0.1959549866666666
United States,1954,15.213391,-0.3765589496666666
United States,1955,16.417042,-1.1994043437500002
United States,1956,16.940598,-1.045004678
United States,1957,16.535192,-0.6009368208333333
United States,1958,15.768468,-0.7753550272499999
United States,1959,15.986404,-0.9238514190833332
United States,1960,16.071686,-1.0495500166666667
United States,1961,15.733183,-1.1664758716666668
United States,1962,16.033815,-0.8556299152499999
United States,1963,16.470354,-0.7259182785833334
United States,1964,16.929384,-1.2411251683333333
United States,1965,17.375324,-1.1548759833333333
United States,1966,18.01334,-1.2620814648333334
United States,1967,18.462698,-0.9049509366666668
United States,1968,18.919764,-1.2224043975
United States,1969,19.654873,-0.9917216161666668
United States,1970,20.884329,-1.0517762660833332
United States,1971,20.745808,-1.3000139433333333
United States,1972,21.485437,-1.3526001258333336
United States,1973,22.25716,-0.7825529066666667
United States,1974,21.289364,-0.8528142178333334
United States,1975,20.437998,-1.2760399783333334
United States,1976,21.468279,-1.09445612
United States,1977,21.902567,-0.4558026648333333
United States,1978,21.924557,-0.9848557891666668
United States,1979,22.010126,-1.0714012174999998
United States,1980,20.921024,-0.5731952608333334
United States,1981,20.183943,-0.0035506804166666
United States,1982,18.959602,-1.1875324116666668
United States,1983,18.691843,-0.7707173174999999
United States,1984,19.479473,-0.9326990391666666
United States,1985,19.251648,-1.1133410116666669
United States,1986,19.117193,-0.218692255
United States,1987,19.605087,-0.10261176775
United States,1988,20.334127,-0.3818673633333333
United States,1989,20.474892,-0.7988713725
United States,1990,20.211113,-0.1246359299999999
United States,1991,19.740826,-0.19216484
United States,1992,19.93108,-0.670087525
United States,1993,20.076862,-0.7977660368583334
United States,1994,20.206362,-0.3289867358333333
United States,1995,20.227978,-0.3065296325
United States,1996,20.722769,-1.0040850341666667
United States,1997,20.800032,-0.7033884533333333
United States,1998,20.763783,0.2708753048166666
United States,1999,20.818583,-0.2125871076666666
United States,2000,21.3516,-0.15495859525
United States,2001,20.781443,-0.0560843964166666
United States,2002,20.712759,0.0248890108333333
United States,2003,20.731213,-0.0474024000833333
United States,2004,20.877537,-0.0488597974999999
United States,2005,20.736687,0.26188056675
United States,2006,20.261381,0.373909459
United States,2007,20.308899,0.27230589
United States,2008,19.395721,-0.6015445993333334
United States,2009,17.793211,-0.4850556374999999
United States,2010,18.259068,-0.080416875
United States,2011,17.656883,-0.0421663625
United States,2012,16.852186,0.7975628375
United States,2013,17.119566,-0.3958143795
United States,2014,17.11055,-0.1438764073333333
United States,2015,16.485855,0.7483077775
United States,2016,15.95766,1.2241220933333334
United States,2017,15.689614,0.8679148533333333
United States,2018,16.05042,0.4912038466666666
United States,2019,15.578155,0.2577717203333333
United States,2020,13.889589,0.6810333175
United States,2021,14.793604,0.6270218150000001
United States,2022,14.870763,0.2750572841666667
United States,2023,14.299027,0.7615602966666667
Uruguay,1940,0.47204006,-0.4360474766666666
Uruguay,1941,0.38090274,-0.0915648925
Uruguay,1942,0.27188972,-0.4093814663333333
Uruguay,1943,0.38964754,1.0800429975
Uruguay,1944,0.33693668,0.7253439360000001
Uruguay,1945,0.4054391,0.4696617791666666
Uruguay,1946,0.24230313,-0.1333467125
Uruguay,1947,0.1987385,0.1771313283333333
Uruguay,1948,0.21058448,0.1232192525
Uruguay,1949,0.20813474,-0.3168114782833333
Uruguay,1950,1.1225688,-0.1655279841666666
Uruguay,1951,1.1621394,-0.0357472033333333
Uruguay,1952,1.3824621,-0.2081103308333333
Uruguay,1953,1.5187483,0.1722406460833333
Uruguay,1954,1.5987935,-0.3614492408333333
Uruguay,1955,1.6558695,-0.7602152055583334
Uruguay,1956,1.6768811,-0.3237283266666667
Uruguay,1957,1.8232213,-0.549342082
Uruguay,1958,1.6142993,-0.4819435333333333
Uruguay,1959,1.7571431,-0.751112465
Uruguay,1960,1.7054037,-0.3052303063333333
Uruguay,1961,1.6068558,-0.31269431105
Uruguay,1962,1.5451282,-0.9994229570833334
Uruguay,1963,1.6445438,-0.4562922258333333
Uruguay,1964,1.7159774,-1.2963848916666667
Uruguay,1965,2.0574603,-0.26823481
Uruguay,1966,1.9939533,-1.047553075
Uruguay,1967,1.7856314,-0.0037249630833333
Uruguay,1968,1.7710166,-0.28006991
Uruguay,1969,2.0149689,-0.1622607616666666
Uruguay,1970,2.0552814,-0.1018127716666666
Uruguay,1971,2.0673807,-0.6475050441666667
Uruguay,1972,2.1510398,-0.20272588
Uruguay,1973,2.0333219,-0.4611209266666666
Uruguay,1974,1.989213,-0.5796317271666667
Uruguay,1975,2.0758445,-0.3749886363333333
Uruguay,1976,2.036102,-1.03878767
Uruguay,1977,1.9384049,0.1490873533333333
Uruguay,1978,1.9583004,-0.3903410476666666
Uruguay,1979,2.1301525,-0.45418888725
Uruguay,1980,1.9711018,0.20603315225
Uruguay,1981,1.8074872,-0.0915636983333333
Uruguay,1982,1.6312933,0.1666308299999999
Uruguay,1983,1.2726264,-0.4987797641666666
Uruguay,1984,1.1451195,-0.653684619
Uruguay,1985,1.0884405,0.1936213246666666
Uruguay,1986,1.043566,0.2604885068333333
Uruguay,1987,1.1615463,-0.2486358420833333
Uruguay,1988,1.5600098,-0.9081148983333334
Uruguay,1989,1.5723616,0.3767297189166667
Uruguay,1990,1.2779711,-0.2883349166666667
Uruguay,1991,1.4501034,-0.0758935616666666
Uruguay,1992,1.6380419,-0.5394327649999999
Uruguay,1993,1.4064606,-0.425874535
Uruguay,1994,1.2703044,0.1073346824166666
Uruguay,1995,1.4288623,-0.4202772796666667
Uruguay,1996,1.6858057,-0.2396488258333333
Uruguay,1997,1.7105626,0.2968030716666667
Uruguay,1998,1.7407652,-0.614806011
Uruguay,1999,2.0535574,-0.4004676383333334
Uruguay,2000,1.612906,-0.25383353
Uruguay,2001,1.5363879,0.53033431925
Uruguay,2002,1.3900576,-0.0161848891666666
Uruguay,2003,1.3796713,-0.4856735884416667
Uruguay,2004,1.694986,0.1054418900833333
Uruguay,2005,1.7428925,0.2147235023666666
Uruguay,2006,2.0055277,0.3936109433333333
Uruguay,2007,1.8049499,-0.3575403534166665
Uruguay,2008,2.4837434,0.2644771808416666
Uruguay,2009,2.4008095,-0.1383564424999999
Uruguay,2010,1.8978127,-0.1347367776666666
Uruguay,2011,2.3003109,-0.1842946139166666
Uruguay,2012,2.5759757,0.5439293325
Uruguay,2013,2.2385888,-0.2582566722666666
Uruguay,2014,1.9904869,0.301128622
Uruguay,2015,2.0007167,0.3690002825
Uruguay,2016,1.928711,-0.2611303399166666
Uruguay,2017,1.8176447,0.9196801211666666
Uruguay,2018,1.9346937,0.4668046633333333
Uruguay,2019,1.8866792,0.1952208746666666
Uruguay,2020,1.904633,0.09791779125
Uruguay,2021,2.3061328,0.1621376722499999
Uruguay,2022,2.3061523,-0.3086897491666667
Uruguay,2023,2.3216877,0.6070818111666666
Uzbekistan,1940,2.195085,-0.0499860166666666
Uzbekistan,1941,1.9059407,1.654256824
Uzbekistan,1942,1.0541162,0.4337658566666666
Uzbekistan,1943,1.0901331,-0.6931291341666667
Uzbekistan,1944,1.5665203,0.8325727945
Uzbekistan,1945,1.6257652,-0.8072652941666666
Uzbekistan,1946,1.7981155,0.3143671533333333
Uzbekistan,1947,2.1395497,0.57442578125
Uzbekistan,1948,2.2450073,-0.1945154863333333
Uzbekistan,1949,2.5139935,-2.2866210608333333
Uzbekistan,1950,2.745638,-2.3739024491666663
Uzbekistan,1951,2.9004323,-1.6304835979166663
Uzbekistan,1952,3.0307648,-1.1868826808333333
Uzbekistan,1953,3.125472,-0.8561807966666667
Uzbekistan,1954,3.31992,-2.022883849708333
Uzbekistan,1955,3.664532,0.1260046425
Uzbekistan,1956,3.918074,-1.1587318183333333
Uzbekistan,1957,4.173414,-1.5502214866666666
Uzbekistan,1958,4.3335156,-0.6174064300000001
Uzbekistan,1959,4.416851,-1.8608385816666668
Uzbekistan,1960,4.449683,-1.4595474233333334
Uzbekistan,1961,4.4373307,-0.0446792883333333
Uzbekistan,1962,4.4953084,-0.7885807125
Uzbekistan,1963,4.654732,-0.0328757533333333
Uzbekistan,1964,4.7810707,-1.6231477791666666
Uzbekistan,1965,4.8929086,-0.4580111916666666
Uzbekistan,1966,4.987121,-0.00904802
Uzbekistan,1967,5.0430174,-0.8847269025000001
Uzbekistan,1968,5.019284,-1.0152394408333334
Uzbekistan,1969,5.0638895,-2.6868558033333336
Uzbekistan,1970,5.152159,-0.7042126641666666
Uzbekistan,1971,5.3226857,-0.072118705
Uzbekistan,1972,5.4420977,-2.4487190316666667
Uzbekistan,1973,5.5132027,-0.6895609949999999
Uzbekistan,1974,5.5625987,-1.7929960075
Uzbekistan,1975,5.682166,-0.4834046890833333
Uzbekistan,1976,5.7327285,-1.7998457433333332
Uzbekistan,1977,5.758214,-0.6097863445833333
Uzbekistan,1978,5.7928505,-1.0462235266666666
Uzbekistan,1979,5.686103,-0.21360658
Uzbekistan,1980,5.7516947,-0.7739196549999999
Uzbekistan,1981,5.503366,-0.2655649866666666
Uzbekistan,1982,5.4626102,-1.3785779925
Uzbekistan,1983,5.395151,0.3800122633333334
Uzbekistan,1984,5.2977266,-1.9331497658333336
Uzbekistan,1985,5.5518327,-0.7393849783333334
Uzbekistan,1986,5.174932,-0.5867184483333333
Uzbekistan,1987,5.1583385,-0.9407402654166668
Uzbekistan,1988,5.1934524,-0.1829935499999999
Uzbekistan,1989,5.210309,-0.6964561308333334
Uzbekistan,1990,5.037263,-0.1099381558333333
Uzbekistan,1991,4.879457,-0.6824046508333333
Uzbekistan,1992,5.165654,-0.980152625
Uzbekistan,1993,5.2582183,-1.8586543016666663
Uzbekistan,1994,4.887317,-1.1008418035833334
Uzbekistan,1995,4.573046,0.2310723758333333
Uzbekistan,1996,4.632773,-1.3268390348333332
Uzbekistan,1997,4.5889244,0.2226111085833334
Uzbekistan,1998,5.0124445,-0.409156805
Uzbekistan,1999,5.049301,0.2822766116666667
Uzbekistan,2000,4.981535,0.2218366633333333
Uzbekistan,2001,5.0306907,0.3544731783333333
Uzbekistan,2002,5.219509,0.1966569875
Uzbekistan,2003,5.0676107,-0.5760170316666667
Uzbekistan,2004,4.9597,0.86413209
Uzbekistan,2005,4.6135817,0.5248217116666667
Uzbekistan,2006,4.6781006,0.2044392499999999
Uzbekistan,2007,4.573087,0.4597733774999999
Uzbekistan,2008,4.6695604,-0.2212219891666666
Uzbekistan,2009,3.9094558,0.1627778641666666
Uzbekistan,2010,3.7929955,0.7699993825833333
Uzbekistan,2011,4.0507755,-0.3911609458333333
Uzbekistan,2012,4.0618796,-0.2766152139166667
Uzbekistan,2013,3.777604,0.951306705
Uzbekistan,2014,3.5535774,-0.7979596958333334
Uzbekistan,2015,3.372301,0.6529638969166667
Uzbekistan,2016,3.5205607,1.1155797716666669
Uzbekistan,2017,3.4234405,0.2895403365
Uzbekistan,2018,3.15963,0.0344299718333333
Uzbekistan,2019,3.2892537,1.03492596
Uzbekistan,2020,3.2641847,0.04740816
Uzbekistan,2021,3.5113323,1.0624002191666666
Uzbekistan,2022,3.578784,0.9849096991666668
Uzbekistan,2023,3.4995937,1.8518711343333336
Vanuatu,1962,0.59141,-0.1412208899166666
Vanuatu,1963,0.47019234,-0.4724488294166666
Vanuatu,1964,0.8628342,0.0076764419166666
Vanuatu,1965,0.6408266,-0.7501058558333334
Vanuatu,1966,1.0049369,-0.767026435
Vanuatu,1967,1.0681809,-0.3313139275
Vanuatu,1968,0.76622546,-0.4520290675
Vanuatu,1969,0.52518547,-0.13824780825
Vanuatu,1970,0.4673307,0.0446646997
Vanuatu,1971,0.6600018,-0.0860077566666666
Vanuatu,1972,0.68048286,-0.4795811980833333
Vanuatu,1973,0.58262926,0.1211074186333333
Vanuatu,1974,0.6406978,-0.1278260538333333
Vanuatu,1975,0.5482185,-0.171309156
Vanuatu,1976,0.425387,-0.3152825033333333
Vanuatu,1977,0.4812459,-0.5780029299999999
Vanuatu,1978,0.5332654,-0.4039648406666666
Vanuatu,1979,0.5511432,-0.4816095020833333
Vanuatu,1980,0.5386744,-0.3630495058333333
Vanuatu,1981,0.4339029,-0.4224135069999999
Vanuatu,1982,0.42390236,-0.4330348875
Vanuatu,1983,0.4433581,-0.1321031294166666
Vanuatu,1984,0.4325141,-0.1051990184166666
Vanuatu,1985,0.92773014,-0.1159316700833333
Vanuatu,1986,0.43852338,-0.4591317183333332
Vanuatu,1987,0.3472682,-0.5132327105
Vanuatu,1988,0.4686787,0.2259232249999999
Vanuatu,1989,0.43147686,-0.0839438448333333
Vanuatu,1990,0.44554937,0.0052148489416666
Vanuatu,1991,0.43456945,-0.3634250960833333
Vanuatu,1992,0.42393506,-0.3456395463333333
Vanuatu,1993,0.4136711,-0.7258679041666666
Vanuatu,1994,0.40392953,-0.6817140566666667
Vanuatu,1995,0.39466456,0.0572800624999999
Vanuatu,1996,0.42883894,0.0874441470833333
Vanuatu,1997,0.44071,-0.3328789058333333
Vanuatu,1998,0.43160287,0.37918901825
Vanuatu,1999,0.46298972,0.03966458675
Vanuatu,2000,0.45249385,0.0293958995
Vanuatu,2001,0.42203364,0.1245350845833333
Vanuatu,2002,0.41164964,0.0671343787
Vanuatu,2003,0.40160826,-0.0999650958333333
Vanuatu,2004,0.35628852,-0.1557453475
Vanuatu,2005,0.3651446,-0.0272413883549999
Vanuatu,2006,0.33942583,-0.1520967495
Vanuatu,2007,0.33121952,0.3663630505
Vanuatu,2008,0.37147793,0.1113004646666666
Vanuatu,2009,0.5196247,-0.1646119760833333
Vanuatu,2010,0.50760067,0.3814700455833333
Vanuatu,2011,0.55688924,0.1148487741666666
Vanuatu,2012,0.47115934,-0.0453300448333333
Vanuatu,2013,0.43199396,0.1283679021083333
Vanuatu,2014,0.60551274,0.0385160442083333
Vanuatu,2015,0.5095392,-0.0651540754166666
Vanuatu,2016,0.5521926,0.4813167291666667
Vanuatu,2017,0.51315606,0.2724653896666666
Vanuatu,2018,0.62945837,0.0387892725
Vanuatu,2019,0.5647678,0.1026686021666666
Vanuatu,2020,0.6743769,0.3389302890833334
Vanuatu,2021,0.70683634,0.3536796577499999
Vanuatu,2022,0.70716006,0.7637251171666667
Vanuatu,2023,0.7059308,0.2076894391666666
Venezuela,1940,2.9872956,-0.7554642325
Venezuela,1941,3.5592494,-0.5672545477500001
Venezuela,1942,2.664231,-1.5178666141666666
Venezuela,1943,2.3177958,-1.995295058333333
Venezuela,1944,3.2929263,-1.144536495
Venezuela,1945,3.3358002,-1.3680602750000002
Venezuela,1946,3.6938837,-1.4818324916666663
Venezuela,1947,4.102703,-0.94678466
Venezuela,1948,4.9724083,-1.4013741833333333
Venezuela,1949,5.421449,-1.521298725
Venezuela,1950,6.9853168,-1.4356245883333332
Venezuela,1951,8.26514,-1.1819968166666668
Venezuela,1952,8.483574,-0.7037067383333334
Venezuela,1953,7.6755867,-0.6772402166666667
Venezuela,1954,7.8856254,-1.167864485
Venezuela,1955,8.844431,-1.462415525
Venezuela,1956,9.254794,-1.5334436083333334
Venezuela,1957,9.532749,-0.620762025
Venezuela,1958,7.1822295,-0.2309865964166666
Venezuela,1959,8.279051,-0.3812681829583333
Venezuela,1960,6.9873233,-0.3444611278333333
Venezuela,1961,6.135359,-0.4157398533333333
Venezuela,1962,6.1730185,-0.45755672625
Venezuela,1963,6.1950526,-0.3087337766666666
Venezuela,1964,6.030287,-0.359015299625
Venezuela,1965,6.262236,-0.5195064592833333
Venezuela,1966,5.6832995,-0.189491592125
Venezuela,1967,6.3476973,-0.6753732325
Venezuela,1968,6.1296678,-0.63875707275
Venezuela,1969,6.2438126,-0.5084679925
Venezuela,1970,6.541193,-0.8250424041666666
Venezuela,1971,5.3232584,-1.157754408333333
Venezuela,1972,5.1668234,-0.8728170416666666
Venezuela,1973,5.330196,-0.7307990295
Venezuela,1974,5.847743,-1.1160125766666666
Venezuela,1975,4.8237925,-1.0306288475
Venezuela,1976,4.209351,-1.0574774666666666
Venezuela,1977,4.544236,-0.5011159608333333
Venezuela,1978,4.7578,-0.4966541933333333
Venezuela,1979,5.153351,-0.3850277218666667
Venezuela,1980,5.94046,-0.4304153083333333
Venezuela,1981,5.85135,-0.53829478875
Venezuela,1982,5.7810473,-0.6856482891666666
Venezuela,1983,5.6096516,-0.1431929306666667
Venezuela,1984,5.467929,-0.6764477118333333
Venezuela,1985,5.7857103,-0.895657545
Venezuela,1986,6.094785,-0.7845284108333334
Venezuela,1987,6.015855,-0.0013345069166666
Venezuela,1988,6.133854,-0.2802569075
Venezuela,1989,5.6112356,-0.852042995
Venezuela,1990,6.090904,-0.5109999975
Venezuela,1991,5.619681,-0.5511085275
Venezuela,1992,5.034806,-0.4770134255833334
Venezuela,1993,5.7843866,-0.4579170591666666
Venezuela,1994,5.4754996,-0.3626042991666666
Venezuela,1995,5.62008,-0.1716257689999999
Venezuela,1996,5.2181163,-0.53690433525
Venezuela,1997,5.6056104,-0.3389476179166666
Venezuela,1998,5.7160826,0.1721736585833333
Venezuela,1999,5.943923,-0.6883006100000001
Venezuela,2000,5.823658,-0.6685056683333334
Venezuela,2001,5.2255616,-0.3595450776666666
Venezuela,2002,6.453659,-0.1785715426666666
Venezuela,2003,5.957754,-0.0134619061666666
Venezuela,2004,5.4199934,-0.09137948675
Venezuela,2005,5.536925,0.25556517025
Venezuela,2006,5.7152987,0.0924542725833333
Venezuela,2007,5.568385,0.1781566953333333
Venezuela,2008,5.543136,-0.1066748307083333
Venezuela,2009,5.3395762,0.4085845919999999
Venezuela,2010,6.570517,0.5033488225
Venezuela,2011,5.770505,-0.0020798040833333
Venezuela,2012,5.945754,0.0235975566666666
Venezuela,2013,6.633662,0.3625324571666666
Venezuela,2014,5.816131,0.44166899
Venezuela,2015,5.43928,0.8094468
Venezuela,2016,4.963695,0.7001444433333334
Venezuela,2017,4.5500402,0.086927095
Venezuela,2018,3.7314487,0.1153176639999999
Venezuela,2019,3.638351,0.3429552679166667
Venezuela,2020,2.8451347,0.51176961
Venezuela,2021,2.7785442,-0.2382173475
Venezuela,2022,3.1019287,-0.1816895834166666
Venezuela,2023,3.5182343,0.6997642533333334
Vietnam,1940,0.35416952,-1.52216753
Vietnam,1941,0.3242806,-1.0801423325
Vietnam,1942,0.16925097,-1.3557512021666664
Vietnam,1943,0.13452716,-1.698472675
Vietnam,1944,0.067256406,-1.268990683333333
Vietnam,1945,0.028215574,-1.8402148783333327
Vietnam,1946,0.03180984,-0.8230196713333333
Vietnam,1947,0.030742902,-1.1237921833333333
Vietnam,1948,0.042019017,-1.0488262191666666
Vietnam,1949,0.04401315,-0.6968897124166666
Vietnam,1950,0.05894899,-0.7483719258333332
Vietnam,1951,0.05020276,-0.7075188908333333
Vietnam,1952,0.071299896,-0.4498651795833333
Vietnam,1953,0.065408796,-0.5556286283333334
Vietnam,1954,0.097346835,-0.6553308166666666
Vietnam,1955,0.12509765,-1.1096131016666666
Vietnam,1956,0.100559674,-1.1677087071666663
Vietnam,1957,0.09664417,-0.6323957513333334
Vietnam,1958,0.16357012,-0.59649673
Vietnam,1959,0.20910378,-0.5875452325
Vietnam,1960,0.23004875,-0.5353590545833333
Vietnam,1961,0.23880836,-0.6453617466666667
Vietnam,1962,0.27232632,-0.9878568733333334
Vietnam,1963,0.25845733,-0.9945686708333332
Vietnam,1964,0.32561728,-0.7730716121666666
Vietnam,1965,0.35416275,-0.9139631558333332
Vietnam,1966,0.50443786,-0.7188954375
Vietnam,1967,0.5903627,-1.0211509133333332
Vietnam,1968,0.5939641,-0.6750836316666667
Vietnam,1969,0.6666899,-0.3726364755833333
Vietnam,1970,0.6792733,-0.5751926071083333
Vietnam,1971,0.57724476,-1.1849754575
Vietnam,1972,0.53040075,-0.5916690883333333
Vietnam,1973,0.56446755,-0.1789023068833333
Vietnam,1974,0.4196555,-0.8142402983333333
Vietnam,1975,0.46837464,-0.843481229
Vietnam,1976,0.2914689,-1.0417285033333334
Vietnam,1977,0.3114462,-0.8059080500000001
Vietnam,1978,0.30622566,-0.6029979387500001
Vietnam,1979,0.3162765,-0.3211383770833333
Vietnam,1980,0.31985182,-0.2606935558333333
Vietnam,1981,0.32928985,-0.3307364733333333
Vietnam,1982,0.333416,-0.4875823675
Vietnam,1983,0.342038,-0.5195830710833333
Vietnam,1984,0.30317745,-0.7920826237499999
Vietnam,1985,0.35721663,-0.7230470958333334
Vietnam,1986,0.34110507,-0.5938895562500001
Vietnam,1987,0.3782911,0.10612694185
Vietnam,1988,0.36714464,-0.3656818056833333
Vietnam,1989,0.2712181,-0.6067269574166666
Vietnam,1990,0.3251478,-0.16689777575
Vietnam,1991,0.3195542,-0.0794536310833333
Vietnam,1992,0.3144795,-0.4992303804166667
Vietnam,1993,0.32841212,-0.4791293115
Vietnam,1994,0.38617468,-0.2240177850833333
Vietnam,1995,0.41761085,-0.4382410108333333
Vietnam,1996,0.48500896,-0.6252096545833333
Vietnam,1997,0.61301374,-0.1942890503333333
Vietnam,1998,0.6356786,0.5805476508333333
Vietnam,1999,0.6363871,-0.3483004494166666
Vietnam,2000,0.69906276,-0.3471595433333334
Vietnam,2001,0.7821518,-0.1261714289166666
Vietnam,2002,0.88264406,0.1621239958333333
Vietnam,2003,0.9710653,0.2002943389583333
Vietnam,2004,1.1070497,-0.2382346781666666
Vietnam,2005,1.1819925,-0.1243408495
Vietnam,2006,1.2127889,0.0889530128333333
Vietnam,2007,1.2127885,-0.0830103545
Vietnam,2008,1.341963,-0.6213580771166667
Vietnam,2009,1.4398962,0.01678816
Vietnam,2010,1.5958343,0.4707686108333333
Vietnam,2011,1.7244632,-0.7442307485
Vietnam,2012,1.6118838,0.1546142916666666
Vietnam,2013,1.6719987,0.0217121414166666
Vietnam,2014,1.9630398,0.0991454108333333
Vietnam,2015,2.298032,0.6565135350000001
Vietnam,2016,2.3508487,0.6257521316666667
Vietnam,2017,2.3914742,0.3087900429416666
Vietnam,2018,2.6530128,0.3467798233333333
Vietnam,2019,3.4901097,0.920972825
Vietnam,2020,3.6955829,0.5186235149999999
Vietnam,2021,3.173522,0.2226777093333333
Vietnam,2022,2.9858754,0.0777955033333333
Vietnam,2023,3.335515,0.6201489770833334
World,1940,2.0978088,-0.6861353741666667
World,1950,2.3786695,-0.7670009958333334
World,1951,2.5154169,-0.6346042175
World,1952,2.5028036,-0.6503872041666666
World,1953,2.5249116,-0.5732767566666667
World,1954,2.5278463,-0.7701614716666666
World,1955,2.7165384,-0.7880407991666667
World,1956,2.835367,-0.8474971474999999
World,1957,2.86952,-0.5992949066666667
World,1958,2.8912628,-0.5324235816666666
World,1959,2.985448,-0.5675489083333334
World,1960,3.1129503,-0.6126598533333333
World,1961,3.0719225,-0.5370268825
World,1962,3.1207554,-0.5975833725
World,1963,3.2155936,-0.5605880408333334
World,1964,3.315824,-0.7725366033333333
World,1965,3.3919587,-0.7106111025
World,1966,3.4848719,-0.6324356383333333
World,1967,3.5231543,-0.6193543283333333
World,1968,3.6402264,-0.6816418958333333
World,1969,3.8021321,-0.5503809466666666
World,1970,4.0325847,-0.575571145
World,1971,4.112594,-0.7304492033333334
World,1972,4.2197514,-0.5951122408333334
World,1973,4.3575473,-0.4917111425
World,1974,4.256582,-0.7676707083333333
World,1975,4.1891084,-0.7427275216666667
World,1976,4.340744,-0.8114581125
World,1977,4.385783,-0.5255598258333333
World,1978,4.442884,-0.5844932416666667
World,1979,4.4886904,-0.4290155524999999
World,1980,4.3818007,-0.297784805
World,1981,4.2004504,-0.2643907858333333
World,1982,4.091141,-0.4636781183333333
World,1983,4.043131,-0.2688136883333333
World,1984,4.1085486,-0.4814427725
World,1985,4.1717267,-0.5218172858333333
World,1986,4.157858,-0.4330519841666667
World,1987,4.208147,-0.2776556816666666
World,1988,4.295053,-0.2455112129166666
World,1989,4.2768035,-0.36384956
World,1990,4.266109,-0.1324341301666666
World,1991,4.278877,-0.1871961746666667
World,1992,4.091575,-0.4192705891666666
World,1993,4.069678,-0.3734622816666667
World,1994,4.051227,-0.337139525
World,1995,4.0862265,-0.1593688346666666
World,1996,4.152334,-0.2893321491666666
World,1997,4.118613,-0.1671168776666667
World,1998,4.0458646,0.0215116348333333
World,1999,4.081738,-0.2473554605833333
World,2000,4.1334705,-0.2524247166666666
World,2001,4.1097608,-0.0924157303333333
World,2002,4.146101,0.0042657850833333
World,2003,4.3096466,-0.0086985419166666
World,2004,4.4027133,-0.0700523058333333
World,2005,4.4959054,0.0921847815833333
World,2006,4.5909643,0.044091382875
World,2007,4.666746,0.0366839576833333
World,2008,4.6861563,-0.0957887962499999
World,2009,4.549688,0.034867287175
World,2010,4.750381,0.13054967
World,2011,4.852329,-0.0113093065416666
World,2012,4.8603024,0.0398281420833333
World,2013,4.8412857,0.0670496621666666
World,2014,4.802484,0.1062084048333333
World,2015,4.7392993,0.2555767694166667
World,2016,4.685639,0.439194525
World,2017,4.707258,0.3436408833333333
World,2018,4.751732,0.2638851
World,2019,4.7500806,0.3992280175
World,2020,4.453724,0.4321630783333333
World,2021,4.650446,0.2736908601666666
World,2022,4.649288,0.3008646966666666
World,2023,4.6703916,0.6007328841666667
Yemen,1950,0.012698165,-2.6400585
Yemen,1951,0.00860442,-1.976500033333333
Yemen,1952,0.012320817,-1.761728607166667
Yemen,1953,0.014391666,-1.7224586733333334
Yemen,1954,0.9053741,-1.737784855
Yemen,1955,0.4958842,-1.84900347
Yemen,1956,0.45664907,-2.1375723
Yemen,1957,0.56845355,-1.7883326166666669
Yemen,1958,0.35495758,-1.3140093583333334
Yemen,1959,0.48033676,-1.84758345
Yemen,1960,0.6563378,-1.682815875
Yemen,1961,0.47102427,-1.154128538
Yemen,1962,0.6716908,-1.29090276
Yemen,1963,0.49340147,-1.4252017291666668
Yemen,1964,0.6003709,-1.6128721108333333
Yemen,1965,0.6339719,-1.6545426083333332
Yemen,1966,0.54514956,-1.3758939025
Yemen,1967,0.46837437,-1.7704777716666669
Yemen,1968,1.7393196,-1.7697189583333337
Yemen,1969,0.6799584,-1.13585536
Yemen,1970,0.35523817,-1.3374946808333332
Yemen,1971,0.27161568,-2.1953511333333333
Yemen,1972,0.20038992,-1.5634608216666666
Yemen,1973,0.3557555,-1.3551755038333333
Yemen,1974,0.2843948,-1.747613428333333
Yemen,1975,0.26665455,-1.6096830416666668
Yemen,1976,0.30584928,-1.5367438
Yemen,1977,0.34434924,-1.499719310833333
Yemen,1978,0.3475164,-1.2455504675
Yemen,1979,0.34891978,-0.8777637483333334
Yemen,1980,0.34720823,-0.5015980466666666
Yemen,1981,0.42757562,-0.8055181458333333
Yemen,1982,0.5793996,-0.8576113451333334
Yemen,1983,0.5917833,-1.2169883945833333
Yemen,1984,0.643685,-1.1431358699999998
Yemen,1985,0.7485179,-0.7602227641666667
Yemen,1986,0.6883491,-0.8603525103333333
Yemen,1987,0.69739234,-0.4488161296666667
Yemen,1988,0.74264973,-0.4731825191666667
Yemen,1989,0.7434118,-0.9608960183333334
Yemen,1990,0.68550694,-0.0131208133333333
Yemen,1991,0.6325208,-0.2684890371666666
Yemen,1992,0.6587065,-0.9203163808333334
Yemen,1993,0.5541956,-0.5993103883333334
Yemen,1994,0.6136621,-0.3470710203333333
Yemen,1995,0.6608387,-0.4205888124999999
Yemen,1996,0.6528345,-0.4930330958333333
Yemen,1997,0.6809609,0.0307524954166666
Yemen,1998,0.6962424,0.3054450379166666
Yemen,1999,0.77184266,-0.0328753850833333
Yemen,2000,0.8013273,-0.1165191416666666
Yemen,2001,0.84432006,-0.2021636966666666
Yemen,2002,0.79584324,-0.2042214041666666
Yemen,2003,0.8613577,-0.032050602
Yemen,2004,0.90414464,-0.0080426533333333
Yemen,2005,0.95048374,0.2367467866666666
Yemen,2006,1.0105301,0.2645017283333333
Yemen,2007,0.9692661,0.2779472698333333
Yemen,2008,0.97193366,-0.3328285254999999
Yemen,2009,1.0327454,0.4224541971666666
Yemen,2010,0.9610927,0.26834503
Yemen,2011,0.8162799,0.1547881687499999
Yemen,2012,0.7158934,0.27349726375
Yemen,2013,0.92656785,0.0444536254999999
Yemen,2014,0.876051,0.1947398208333333
Yemen,2015,0.45188546,0.3386826558333333
Yemen,2016,0.3116606,0.3287976575
Yemen,2017,0.29296905,0.2375947744999999
Yemen,2018,0.34018838,-0.0312274223333333
Yemen,2019,0.33713272,0.5212484966666667
Yemen,2020,0.30120492,0.10874271675
Yemen,2021,0.29269132,0.0685027460833333
Yemen,2022,0.2693715,0.1163272808333333
Yemen,2023,0.2547525,0.8452242225000001
Zambia,1950,1.0038493,-1.126864269
Zambia,1951,1.0736129,-0.0421674958333333
Zambia,1952,1.1714981,-0.3747453741666667
Zambia,1953,1.2385823,-1.1718672116666666
Zambia,1954,1.3209493,0.0994256325
Zambia,1955,1.5109844,-1.153147063
Zambia,1956,1.5977048,-1.2214096514166666
Zambia,1957,1.5949923,-0.8833901125
Zambia,1958,1.3816303,-0.9159320166666666
Zambia,1959,1.4942043,-0.8483810345833334
Zambia,1960,1.3810073,-0.90989939775
Zambia,1961,1.1398084,-1.03425247
Zambia,1962,1.0668979,-0.720935505
Zambia,1963,0.99383354,-0.8444857716666667
Zambia,1964,0.91557765,-0.7210745733333334
Zambia,1965,1.0596466,-0.8551308295000001
Zambia,1966,0.9176992,-0.2882316871666667
Zambia,1967,1.2162751,-0.7120466233333334
Zambia,1968,1.1234983,-0.6447482083333334
Zambia,1969,1.0175887,-0.7376564341666666
Zambia,1970,0.8713918,-0.5027434025
Zambia,1971,0.8523804,-0.8914685266666668
Zambia,1972,0.8888551,-0.80462217
Zambia,1973,0.9751238,-0.4688646
Zambia,1974,0.8666989,-1.33277225
Zambia,1975,0.8168715,-0.9418487633333332
Zambia,1976,0.78140455,-1.33231131
Zambia,1977,0.7043769,-0.38320572875
Zambia,1978,0.63507235,-0.8943212847500001
Zambia,1979,0.6386137,-0.9781214533333332
Zambia,1980,0.6071662,-0.6153389664166666
Zambia,1981,0.561238,-0.67893727975
Zambia,1982,0.5682178,-0.5487602558333333
Zambia,1983,0.51101166,0.2724636249166667
Zambia,1984,0.42617744,-0.4011332191666666
Zambia,1985,0.40300378,-0.7977604858333334
Zambia,1986,0.41016307,-0.9350767216666666
Zambia,1987,0.37180835,0.3355560268333333
Zambia,1988,0.420627,-0.1979103049999999
Zambia,1989,0.33864063,-0.5626351066666667
Zambia,1990,0.30915466,-0.0901069641666666
Zambia,1991,0.29841262,-0.3772055258333333
Zambia,1992,0.29653963,0.2176624913916666
Zambia,1993,0.29448828,-0.3280846333333333
Zambia,1994,0.27905756,-0.1605534566666666
Zambia,1995,0.24384056,0.4507861078333333
Zambia,1996,0.20413065,0.0974966625
Zambia,1997,0.25485525,-0.0755529416666666
Zambia,1998,0.24028376,0.4163400325
Zambia,1999,0.18250623,-0.3252590475833333
Zambia,2000,0.1780982,-0.334285261
Zambia,2001,0.18262242,-0.2966179874999999
Zambia,2002,0.18415745,0.0401574725999999
Zambia,2003,0.18886524,-0.0547005367499999
Zambia,2004,0.18557978,-0.3868791239
Zambia,2005,0.19136338,0.5568548861666667
Zambia,2006,0.18394133,-0.309711292075
Zambia,2007,0.18259026,-0.1655926675
Zambia,2008,0.19606592,-0.4280312900833333
Zambia,2009,0.21795855,-0.40447236025
Zambia,2010,0.2234287,0.0623649004166666
Zambia,2011,0.23357998,-0.2899959836666667
Zambia,2012,0.27933237,-0.10864400725
Zambia,2013,0.28678313,0.1873542480416666
Zambia,2014,0.30679289,0.2492233930833333
Zambia,2015,0.30885813,0.3364865016666666
Zambia,2016,0.34670392,0.47438844
Zambia,2017,0.3927581,-0.03995100325
Zambia,2018,0.41279456,0.2721392333333333
Zambia,2019,0.41865155,0.586973665
Zambia,2020,0.4273149,0.1373127306666666
Zambia,2021,0.3971593,0.0961896583333333
Zambia,2022,0.3732359,-0.11240848
Zambia,2023,0.37391192,0.7011629733333334
Zimbabwe,1940,1.4963783,-0.19167216725
Zimbabwe,1941,1.6042087,0.2343356716666667
Zimbabwe,1942,1.7400095,-0.7408141991666666
Zimbabwe,1943,1.9459594,-1.1334297733333334
Zimbabwe,1944,1.9404495,-0.6732728466666668
Zimbabwe,1945,1.7714489,-0.7373754166666666
Zimbabwe,1946,1.6795832,-1.354769392
Zimbabwe,1947,1.5429304,-0.9192921366666664
Zimbabwe,1948,1.7007232,-1.3837870816666669
Zimbabwe,1949,1.8822875,-0.8494923076666666
Zimbabwe,1950,1.1393644,-0.8546508849999999
Zimbabwe,1951,1.2171031,0.748807115
Zimbabwe,1952,1.3267287,-0.5378328916666667
Zimbabwe,1953,1.4016199,-1.3462996525
Zimbabwe,1954,1.4939781,0.0686480966666666
Zimbabwe,1955,1.7082266,-1.6299085596666665
Zimbabwe,1956,1.8056873,-1.4131648483333334
Zimbabwe,1957,1.8021023,-0.63957444
Zimbabwe,1958,1.5607661,-1.2100261891666666
Zimbabwe,1959,1.6879419,-0.7785414158333334
Zimbabwe,1960,1.5601419,-0.6198890975
Zimbabwe,1961,1.2877362,-0.4120786983333333
Zimbabwe,1962,1.2053884,-0.7493623058333334
Zimbabwe,1963,1.1229259,-1.102217276466667
Zimbabwe,1964,1.034519,-0.8048598625
Zimbabwe,1965,1.1683966,-0.8874708908333333
Zimbabwe,1966,1.3129106,-0.5046615553333333
Zimbabwe,1967,1.1150353,-0.84796483
Zimbabwe,1968,1.3014585,-0.6471056905833333
Zimbabwe,1969,1.333273,-0.8693525058333332
Zimbabwe,1970,1.5633305,-0.0404995274999999
Zimbabwe,1971,1.6247914,-0.5350287691666666
Zimbabwe,1972,1.4823598,-1.0113903625
Zimbabwe,1973,1.6206754,-0.6166144375
Zimbabwe,1974,1.5312451,-1.7048793583333337
Zimbabwe,1975,1.3627563,-1.3556603425
Zimbabwe,1976,1.726553,-1.5207359983333333
Zimbabwe,1977,1.4395629,-0.7790170497500001
Zimbabwe,1978,1.4181474,-1.3153661025
Zimbabwe,1979,1.4188261,-0.964111492
Zimbabwe,1980,1.3653755,-0.8214192258333334
Zimbabwe,1981,1.2542871,-1.4318765929166668
Zimbabwe,1982,1.1261346,-0.3568494979166666
Zimbabwe,1983,1.2873101,0.5328429491666667
Zimbabwe,1984,1.1773452,-0.3236675216666667
Zimbabwe,1985,1.1757782,-0.8587686125
Zimbabwe,1986,1.4548266,-0.82164423
Zimbabwe,1987,1.6339009,0.5218495591666666
Zimbabwe,1988,1.6726881,-0.4944365
Zimbabwe,1989,1.633458,-0.4242043466666667
Zimbabwe,1990,1.5326676,-0.0442636754166666
Zimbabwe,1991,1.4887924,-0.1239631971666666
Zimbabwe,1992,1.5605842,0.8677770333333333
Zimbabwe,1993,1.476207,-0.0724663766666666
Zimbabwe,1994,1.5986805,-0.2985131733333333
Zimbabwe,1995,1.3683833,0.5052308249999999
Zimbabwe,1996,1.3348118,-0.542284729
Zimbabwe,1997,1.2226263,-0.5794353458333333
Zimbabwe,1998,1.2184908,0.09770664
Zimbabwe,1999,1.3344281,-0.5982168499666667
Zimbabwe,2000,1.161666,-0.9303295658333334
Zimbabwe,2001,1.0448444,-0.4377381811666667
Zimbabwe,2002,0.9841349,0.1724451466666666
Zimbabwe,2003,0.86734307,-0.0130581833333333
Zimbabwe,2004,0.7624744,-0.3858125283333333
Zimbabwe,2005,0.85701835,0.7044453741666666
Zimbabwe,2006,0.8202858,-0.2614599139166667
Zimbabwe,2007,0.7681306,-0.1772302019999999
Zimbabwe,2008,0.5957278,-0.2926079410833333
Zimbabwe,2009,0.6277054,-0.5312443555833334
Zimbabwe,2010,0.655412,0.2502354786666667
Zimbabwe,2011,0.7622593,-0.0684366231666666
Zimbabwe,2012,0.81443775,0.2330328645833333
Zimbabwe,2013,0.83285093,0.034166495
Zimbabwe,2014,0.8408449,-0.1021445555833333
Zimbabwe,2015,0.83456004,0.6263117850000001
Zimbabwe,2016,0.72471976,0.7902607924999999
Zimbabwe,2017,0.6634106,-0.3274175308333333
Zimbabwe,2018,0.74531716,0.3533327499166667
Zimbabwe,2019,0.67204034,0.8781250291666667
Zimbabwe,2020,0.5470852,0.2292933423333333
Zimbabwe,2021,0.64591527,0.0168384716666666
Zimbabwe,2022,0.64876056,0.0356585959999999
Zimbabwe,2023,0.68320066,0.7928508158333334
